"54.480158087746815","79.87930588278884","85.2588526189046","72.3095542770483","71.93471584437857","77.66301459928674","78.40528367791404","86.58000970288057","86.30763719692905","67.43936338928546","75.26697529922936","82.7189912458352","74.68300989420938","87.71555381444597","103.17640264867983","94.61529464265008","93.78612374578978","102.66745105709462","86.92657833682254","65.53756243170444","71.35168492533376","91.23831380366587","86.53620342109312","80.28738353468984","79.66766535840175","74.18593581008426","72.73046949323442","81.48817873257066","86.55491343123666","83.24201703587327","71.78456251242598","71.80442680709194","75.97556764782051","72.51571731806749","74.97116149277868","74.1685740728844","73.77805518518085","66.8584847701651","67.28285471773597","67.67536535656863","81.09622155851082","93.88283983872525","79.66566803598496","73.64510709719941","88.58862255117435","100.00646589872542","94.82381532383219","87.08509168866814","88.02570947809131","96.3254171795122","99.88316436011866","103.74923034038058","98.46819376001797","85.22760095784594","89.58789131965139","94.81290229537238","95.84251589743681","93.19075537217226","85.406395614899","85.00067908199901","87.0135088331947","72.86259401601164","64.58481097252081","78.60675254212383","80.79668680900728","77.36361975194107","76.85960001597766","89.55703814243749","82.40820168686344","60.21363400860328","69.64718070835119","76.39205718718522","72.61764662034328","77.59566365716188","76.0180973317872","75.3612697058936","77.49792911940924","79.68176392152846","64.65106766961641","45.263408986446564","66.95705719847143","89.49554880305107","90.79840668891748","78.45184646551864","86.76924634454275","104.12579990904207","93.14114425559872","68.52336975960493","69.19042251166834","77.63210326091742","67.17223277606415","73.02839298358457","78.44522320890674","56.752913248472915","58.41695573601483","75.5571788424833","79.03180793913874","79.91785802677668","74.71924911771076","70.81875414393244","70.38514476570803","73.18784270304326","66.74020008021508","73.26216547796815","81.00480191064231","66.63931041748279","59.888362829319824","68.29665092641262","79.75924010349233","80.75701263200288"
"35.19269614928085","59.87941082427873","62.3085388941832","50.941129607307396","51.89677835109139","55.14899993286931","56.827168041175845","64.89790291546161","61.225979795415185","46.18705379765691","49.46543365380682","53.06740376112485","50.57869179372872","55.635821234083934","59.911956201029106","51.69838548022781","50.72508264447768","53.816481960421086","44.76143795735203","37.37609083328009","38.69667412001762","54.35352254833505","59.6408893727759","56.37083229929766","53.280946205416015","49.77198893947685","47.41519429239183","51.37914810759832","56.44542342698044","56.95568505894973","55.60852308785911","55.77158030910418","56.860748874137556","54.576335010563625","57.34113637198139","57.468763618442956","53.249858815255884","46.48763073420081","44.486753708218615","43.68757543118662","51.52055165573791","61.09472292356827","53.51820255101239","44.35089159154845","49.83834175797979","57.219214723224624","56.09172060108201","48.858274085679916","45.69146317440316","50.83002560308818","53.40700250707251","56.23843179891128","52.81791180906934","47.67376448403894","50.29964844119511","51.76972176340674","56.56178462328925","62.25189735138643","60.647037832043615","58.06092053109602","58.82550261596968","50.56520109426131","43.19943066766097","49.93895920209739","54.68314822415703","53.468151211724695","51.65868681724386","60.635642538074215","57.81389769714254","43.198798633707845","46.55772009863131","55.793661723606505","56.47011550629093","53.9338004332865","53.70337392797686","56.26347604983494","54.170030672631945","54.1184871375928","49.5608084347456","36.867967263801745","43.060542265217975","53.27988913661872","56.726178034958714","53.24573079115125","48.79396870526495","50.2065722897101","50.023852691820686","43.91090716904302","45.47011770958863","49.14329244969866","39.28502456865901","45.48169520230486","58.55069565424301","47.8167163831866","46.092554953110266","54.97407832504732","55.85225885985188","54.466614370992474","53.19775377268498","51.50648784855643","48.33719391743395","52.21076615298298","49.07357684876203","48.931240949644724","54.203785073963274","43.217052215878184","40.00708609084408","50.19412225986831","56.16152624135838","56.00225315331725"
"10.65351983429389","21.457339952372905","26.254603479652836","23.770123195693163","17.803612102602376","15.368090001086676","18.668294947626094","21.23127192162258","20.44189118968651","14.555672366876777","11.589685723703049","15.517138620187103","14.664356990153236","13.782120452987833","16.6250840125243","12.118481890377415","7.497398776327904","7.481805924986259","7.518493312297201","5.954611957388643","7.248801808144724","15.565322764787881","18.236174021071168","17.062336721805522","19.745655883984533","20.63156719525339","17.452714282447317","17.76856982293361","21.667391436984957","22.117457200138766","21.19836270794","20.943962253299627","21.340264848964477","22.04859615706015","22.519911576816053","23.687023313002065","19.27901828379929","16.457297182342536","18.494088472839692","14.89818558433813","14.031878475323005","19.70936152590751","20.45360501118595","15.037760292138925","13.455605160296086","17.427244661804572","16.32445532820203","12.981924141345516","10.766994468841215","6.581346387785699","3.36357991656156","5.367656904220695","9.599048479709067","11.478928547098203","10.546409764296355","13.479328122127828","15.092153261544516","16.16102603953796","19.029225257564885","16.407638030743797","15.847728966682997","17.09418002431125","17.321641709185528","17.549704571485943","20.168099586360658","22.25535584675913","21.578105114899458","21.110563413600463","23.648627894384035","22.678843734286758","21.505059703012783","24.260023101142885","22.26379385466457","22.074531037596067","21.634344807962297","20.05636233112377","21.080722019634013","20.08918231996412","20.13494059050486","21.461273624840842","21.73506348293727","20.503970169168333","21.17240964546008","17.68064348294175","13.28711220593731","12.091067964750255","11.201196596459747","13.40257104729473","16.42323855915069","19.554845938230773","18.675337911403176","20.58902512326389","26.501471769275483","24.564607470144924","22.31986341247313","25.286702960420143","22.624055653891205","19.547780680502477","20.446426816446067","18.417435302113617","20.4769093675382","23.266359429498397","21.521622806680085","22.47984334081749","22.952188448188494","20.948582100211702","19.636183092246082","20.442600263028247","21.179407498630468","19.907936978258206"
"16.72460173359469","11.278323524634141","14.796228236537722","16.1477003383785","14.301593768174802","13.585994175768972","14.535216283349154","12.191263981447724","9.210426574819708","9.730542261216065","11.287026755421033","11.96450436946245","9.198847259576342","9.20029819276916","10.722679385902591","8.245639265895075","7.310345516857125","12.122753313171978","12.334925075655354","7.455518412253508","6.827012330589453","9.384750562482763","12.350955258930618","10.864712284757276","10.661804885508793","11.266265374404735","9.098397795410852","7.6870352908205595","11.778365001583875","15.87359890862191","14.414088516994902","14.265634721595672","13.555720463039878","11.751087995858532","11.621738363187017","11.185097999447418","10.902966816560562","13.136513103765823","15.482978351772777","16.031756546737636","12.994868538861686","12.191356057935888","14.056746311729274","11.926232505905732","10.024562071839254","11.582438889748385","11.34143632915282","11.479146382767382","9.476153226015592","7.653353591297592","5.636160269308167","3.8697356528632936","4.611777682300797","6.66196692002935","10.692416448952265","13.188376442970368","12.798254994702834","10.08836743810495","8.881869151580618","7.799922831594847","7.084886006584809","11.633554441090888","13.548751333107107","10.877020237420611","10.93930024337905","13.807819015589969","16.97806163927167","13.944955622356305","13.174679782516435","12.14874077770424","9.796543612047993","11.881374825978236","11.084185173584146","10.540986929200496","11.85034359022398","12.111131198902713","15.899775640298628","15.896325928527913","12.132496605504638","11.605117906709683","13.756518784671895","17.996328727237337","17.97571402051905","13.682049623906158","11.85445868686464","11.41033262671067","11.119656608651182","12.892068367380832","11.48620849180856","11.483076852637575","14.805145351534783","14.653131047299738","14.711853932770964","15.885504161019263","13.734162145480912","11.885133911437558","11.800917699392558","11.482374813197758","12.246175113908132","13.613506078354526","13.664226712978047","10.272511807837574","10.526880679223842","14.306616280682885","14.76709878065833","13.329273213377748","12.157040723143501","14.99917881797033","14.24214051103808","8.185186768641884"
"6.106148985788575","5.05683131888947","5.114915691644006","5.120286649306448","3.9053889785458717","4.724194804715859","6.604800777595655","3.9442418571085898","4.626066531921067","8.70681418647876","8.119895030181556","7.4557816371172905","5.664711252821596","4.041950182016717","4.575241767329636","4.6218223770788756","4.668416728321661","5.980192584055167","7.609038638816479","7.703448177811517","8.131230464165405","6.3995060612512225","4.249974513746784","4.694421360150909","4.783677482074368","4.540141261126503","5.858976503735997","4.016621166980145","3.350434184807324","6.586945445525228","8.197254735513877","7.263952841700494","5.82511470227947","5.841478113542174","5.54763861455196","5.963436374837906","4.741035080165118","5.370838474059583","6.130314439306278","8.611229861897517","7.234653346943563","1.8058727799154244","3.480696560243946","4.042562116834636","3.98195323738528","5.147810008829143","4.046101227798365","3.9016786402825567","4.575423436962496","3.9350291064485066","3.702773234368621","2.4671047231520156","1.7435083656114756","2.6580731992323017","2.1833582658959774","3.2888935355546938","3.7153243986860525","4.148539207176917","3.4427448377090677","1.0205005728930316","0.5456554366738274","3.3031416698902674","6.155051029319558","5.512352445977417","4.882316498465062","4.951801316953106","6.840073520065439","6.262585309550823","6.657839046414345","7.256756248999869","5.048962411957959","4.147951024330324","5.35282155207677","7.630860040785983","8.859263302790183","8.089113884243028","6.67176740588036","5.407975730811212","5.705710202290565","7.215822941433162","6.263408312042295","5.986873397898654","6.351809822146431","6.3636541999434675","7.045474745815445","7.491703786523716","7.869916038719745","7.484761114036377","6.625415460911434","7.360999601293119","8.046025169629411","7.229853527337801","6.370659860549312","7.107025760075638","6.6238608534045404","4.755857971006684","5.988522033355974","6.09750738198503","4.351233222766679","5.961160789493973","7.000730544751557","5.224408536298212","6.2379038662466675","6.434477363805416","5.8118553515669324","5.965182926878912","5.736782497166553","5.673056903746638","5.1560490047219245","5.569467918716402"
"-1.2829958544859053","-2.0189234311213524","-0.829261484511908","-1.1623330047616995","-3.6149374429893606","-2.629387536607711","0.01191562202510831","1.1829925315335887","1.2203836015811083","0.8166012989502127","-1.4793170925087842","-3.18135612069168","-1.1095070296283465","-0.9749745762335894","-0.289167719083248","1.9032104615893726","0.2600471345987142","-1.4024975785647058","0.30644078814532594","2.8550349394730112","2.113192290684339","0.9222518458667356","-0.2865165730322114","0.5317044626899522","2.094528351333575","2.339248268392048","1.8166899312506117","2.0681461431268646","1.7411769104833261","-0.5520042479002548","0.8573382612295908","1.5289745365517136","0.16108168300418377","1.0344097237757481","0.9685179778334313","1.1607769569083102","0.5774347798167195","-0.0837221719193553","-0.37697031042775025","-2.0911343489493315","-3.4888086801807527","-2.8101140819484742","-2.0620695258227086","-1.9557739454277128","-1.3692491969654372","-1.3159819434351374","-2.050448483754195","-2.0893421786795527","-0.6787119922935417","1.4931216608567375","2.9340874222753075","1.3132188345587297","-0.4755983907456416","-3.6212498605810652","-5.05167231077142","-2.859820002270648","-3.567971332924836","-3.561821404677654","0.030642725426156706","-1.9048892826916168","-2.142203160458127","-0.27260222059433503","-1.5604283023206016","-2.6448675814103995","-2.4174568505839114","0.8354897871974843","2.895205111084774","1.0703684144580128","0.02783828322822994","2.247551479924566","2.7940597643568297","1.5312015867329303","1.4883613594043532","2.373408142165478","2.8920561302315893","1.1663574572703161","-1.067235553696828","-0.031169079922859208","2.578310697132843","3.8008483845162986","1.7527656342663693","0.5613094113420977","1.2950257162886794","1.4505564210802566","0.6403658376934293","-1.048688824473813","-0.4077764885507186","1.975035696750535","2.3639577569188757","0.3531935294715375","-0.8742947078626746","0.48467990342483985","2.0265986353094996","2.3722942308657875","2.004653522587367","-0.7437137313002138","-0.4487047503537389","2.941885644635173","1.238460191314681","-0.11401686348842256","1.6891022632390411","2.35946768537135","0.28389319825307857","-2.1291734054257243","-1.8170696876846584","1.3746282536122478","1.4831864360502363","-1.600116625393191","-1.1527707220106098","1.4603716899033259"
"4.894540762427796","-0.2881924528132565","-2.8884555452437026","-0.6466612095464437","1.7417319369090338","0.9071601815012034","-0.22207902882543007","-1.5339950007784475","-2.9519021425800576","-2.3514776107330224","-0.8287170732411668","0.5993734750509445","1.013426259094991","-1.0263634410988594","-2.8579669615490997","-0.5917330861239932","-0.3669723938548646","-2.239064766663259","-0.7774050178864635","0.8576065007065325","-0.19901363107422373","-1.182414107704424","-0.5028547229864345","0.5274277033170641","-0.19580708415636847","0.904210920400338","1.3293568841998453","-0.2149098146935793","-0.9202186447009753","-1.9919415313793933","-1.1295245541576855","-1.6173174924998996","-3.317739713293551","-1.4221984331955964","2.050250735239482","1.3611519478004162","-1.343992956028832","-1.9673909678008752","-1.182270765983856","-1.1042310355836649","-1.1963527322828382","0.5543289924930861","0.727000910003583","-0.9013157027347686","-2.720636274259964","-3.160834750058486","-1.7078896977866898","-2.1792618136792585","-2.322206863327344","-1.1919928401498658","-0.9320423979527973","-1.0801354943711652","0.554918927254414","1.8973694236907557","-0.5656974836162211","-3.063393461583778","-4.022575339080628","-2.9200193293307466","-1.414063483746096","-1.6605260480080404","-1.5102848859256666","-0.3826673623079268","-0.9724324127319264","-3.4953003619654144","-2.6689587469412976","0.8016726180847833","3.2834519144719105","1.5555154435587526","0.5454077889840244","2.6378228691179326","1.9838767390781","1.6229889434784115","1.9719483499537","-1.6711730675284533","-3.6632033062867912","-2.8453968799502722","-1.983193624863309","-2.539386999987642","-2.528195760063173","0.28523472403101013","0.7161897942014295","-1.8464139851253514","-2.5521233884435754","0.3278440175086959","-0.22556928324578354","-2.819575981782392","-3.5425651674205203","-2.1680990016254493","-0.376216918090256","-0.5193203037788466","-1.1569611177928822","-1.8960470500626696","-1.2420236398743187","-0.11716345052705116","-1.2323605900037768","-2.1891853795659246","-2.3750435961882737","-1.8866042279581867","1.4219518125946973","2.1589813095429427","-0.9056076317361469","-1.4076242523744131","-0.28440455482316035","-0.46177356157459526","-1.9075548292392057","-0.9040345041934308","-0.4416198856041211","-2.2123978027941154","-3.0460230472342174","-1.920796020140498"
"3.130067624589782","2.1630397750711086","1.096421967570268","1.8587150264986037","3.0843938454911495","2.819478806325256","0.37715338343955074","-1.3117618738864645","-0.07327981071540154","2.2747642754425246","1.2223452864561057","0.9514999581797708","2.0283042864781744","1.3357279474516073","0.6730718630135644","1.375985240856781","2.3631626640502463","1.9052903547347926","1.46109266560627","2.4292646535412867","2.5555777024625006","1.057008385133456","-0.464503277174967","0.1362423037475864","1.8737667955731556","1.4446683178642405","2.7246844757532314","3.424353199853334","1.7389327684877538","1.446753570712868","1.3835564852389515","-0.3733227260428972","-0.3246535547455538","2.2453094671688603","1.9764778464376016","0.9005076143066796","3.7232792443037233","2.912272189961774","-0.5233424349948522","0.6042025576624944","1.0033182507864864","0.22271006611599986","0.8079355537294558","2.5996024219830725","0.9021644902729613","0.14135909029012111","0.5969076630798397","0.16027463486823662","1.869068719609905","1.3312089251795662","0.7296742893569567","2.5935517579564156","3.336300678961223","2.9262470575077844","1.3854874091617555","0.8755697097762568","4.0917642544778605","3.6556121159031916","0.752165008012615","0.6201422208504296","-0.4917898395300553","1.0781402589598634","3.0085104226830937","1.3361889759699344","1.5792440808786068","1.8780006103984197","2.7571710312610764","2.6150655446645503","1.1026704216346004","4.094266688526563","4.118741882587052","1.6161852046490268","2.5853745438506563","2.036386411193624","0.44256986252084174","0.5858929837644397","1.2238337073536272","1.5588005475407414","2.0190038942698676","3.4499714635505","2.6220683302674312","1.8099770400931283","1.5686134472450568","1.7472863714062223","2.3876206269228426","1.6696651774009357","2.3699831887247362","3.7439578917264145","4.177533232440724","1.7913086372495326","1.8676414434449042","1.750042351607409","-0.38592601884005967","0.7442518059102425","1.0185372717148637","1.8220074753664193","2.081360845562993","0.11047039156367097","1.5265111502127673","4.475906998546792","3.284355432128238","1.8662738985319203","3.840531426698763","2.9923058618305167","1.626033337708694","3.1116467565988084","3.498074446494798","3.0524533568247794","1.6862547939387533","1.5041442254213049"
"2.517638032008348","1.1432828763939455","-0.6282760918031698","0.48211303079341766","0.3067707611370471","-0.6465990639285814","-0.5757502886383494","1.0901852922458688","2.730368865704711","3.344489157250136","1.6104618541925577","1.059868286768098","2.5156055555944308","1.907181813079433","1.34490997615744","0.39505017688237926","0.5001248660439789","0.9765047223868573","2.163957658412283","3.8986948131294508","2.6647926531270785","0.49326536128673987","-0.2781745938386218","0.27419086736457143","1.6496197260397287","2.1531795177055812","2.2481805496705713","1.0526300740868668","-0.8240678210218926","-0.10072744134819751","1.025310082238136","-0.0295315971424713","0.6066600329160101","1.5944606232014988","0.5327892674411359","-0.32538875228432274","2.756045618709866","2.683436261668746","-1.5145815116588046","0.2721257437337991","1.2860726535581046","-0.14513684488689566","0.5180631350658839","-0.1439546123369168","-1.6718730290035522","-0.6406230358148092","-1.6478212520116022","-2.718515890619329","0.524866318533622","0.21051903447619832","-1.9659953162793795","0.6704369127363659","1.098117199016067","0.7934870800126557","0.06735714918872988","-0.8844818911687912","0.8263726494304753","1.332462841837575","1.597983161203417","1.1427032496048002","1.1738137937877975","0.94689776765563","1.226628528306568","2.2424959571182135","1.7652763452125233","2.205890305376989","2.1491597103661455","0.8779796179483386","0.02990775411501166","0.1700271743002958","0.2657035378114602","-1.10279628321341","0.28598628013311234","2.8272970439912415","3.6439177879747873","2.6511973614571134","-0.18927635222687936","-0.9188656366019256","0.6676337097044818","1.9800912556726546","-0.17072046555020212","-1.267566487140271","-1.2020350317155242","0.38989984555005563","1.8298223738707742","2.4049639113009804","4.01398180180641","3.6868864719114125","1.6862571203390804","0.564512256215321","3.073619240525391","1.8934600123415586","-1.7647159333382552","-1.5373257416602806","-0.35342648821761885","-0.2186815406600141","0.4875175346499261","2.3097981273727304","1.1539364219580013","0.7013552216639721","1.8955907684695814","0.9646812086431796","1.6961245289083282","-0.2786589316620793","-1.487391361869217","0.4873022561398549","1.156971274178829","-1.0636760103782037","-1.0921687240414035","1.3123957129369968"
"2.9240236945472073","2.3894597403705924","2.0070200847333792","2.2265962532674495","2.2660445380047975","1.1859474170847928","1.022036044188121","2.2019050951037595","2.413238955303436","1.2148590370012717","1.9739477705066282","2.9914498963350433","1.78146187287333","1.3174698061316183","1.4049195104936798","0.7234870966906621","1.2575599804741229","1.48856633261204","1.4866292440178674","2.0382601860519944","1.662953564575015","1.0235152260054883","0.8244702318510038","1.2220344239672838","0.5956292265308395","1.243982027652459","2.731006185336266","2.2315394671746454","1.0470541602992065","0.02450689199476852","-0.10614266808099371","0.8478168651623272","1.8556696818521954","2.011521412608399","1.7148649698888692","1.405388566463083","2.7474171534565164","1.4195745985199613","-2.002518466887895","-1.8666763663865191","-0.44730407208967243","0.7237013531370509","1.3333552300675406","0.9680663167473738","-0.5379235084562086","-0.46533527446456974","-0.9846481919760977","-2.235488467511247","-1.3709605772014777","-0.9589340680368106","-0.6959216490795973","-0.017479090104034093","0.3571219575121845","0.35166615159131065","-1.9241337174241162","-2.2756880111591116","1.8191920306758396","2.1327183469898623","0.6875724994513726","1.4737505737478478","1.9634069821471478","2.194839857546212","1.824924343508367","1.6202231266467075","1.9638995117283853","2.1363391999361876","1.5231979442313617","2.2903342124118624","2.607439534010698","2.3268634558832697","2.5285734759182406","0.9041162143761952","1.939254521597387","3.751196819312081","4.042222625712926","3.8697903873852355","2.5447839130558605","2.4453529340540907","2.6843137017694825","2.3571550054122747","3.2664953231533476","1.6345563361815436","0.7067501417955367","2.1447557144380456","1.6936640550106659","2.261871714817843","1.5696211217435843","0.24553763436139672","1.6549818863557968","2.5459353492303074","0.9483455661706758","-1.2245612264044825","-1.5435056575687998","-0.32525319894000193","0.4547150099844292","1.447261123452831","2.813831738239946","3.458135798849499","2.9676330524172663","1.0038946591653923","-0.13725585168629625","2.154136744398233","2.1148580513164186","0.3856844945556638","0.8755420999549202","0.6032343429911133","0.6286514943719199","1.267538369733451","1.7616605081046888","2.2293341959334394"
"0.9289288810627251","1.0852628370086614","1.5169406865538895","1.9376287978612967","2.16998205225303","0.8624083253969732","-0.28446533653258477","0.264902185026668","0.6178083093525055","-0.09906833931096083","-1.0332508736303305","0.2740781947317529","1.1693672734812157","1.2817992804019045","1.2160105677514752","1.2781604895656398","1.3680672182125801","0.7632627173265903","0.8166684515047428","0.8766817794354241","1.0674126296952826","1.0148954697914383","1.080713684658916","0.23824818627903593","0.05595473149396364","1.2272295034813019","0.9354677731471746","0.22919588805900093","0.7733416292949545","0.9822711839656152","0.8717260236836674","0.7504380506473418","1.128536401567448","1.6505333321944125","1.6200822132134274","1.254173879415258","0.9391694288929261","0.6494750321851512","0.18935070964307113","-0.044213441959128685","0.5368136669563334","0.7872657743646585","-0.1254167193610348","-0.15478031677953916","-0.25312843486384806","0.006789137194538859","-1.215504597394564","-2.0919348427279245","-1.6564434809551316","0.036354879413098236","1.764133369725059","0.8537771747379138","0.27492990047488974","-0.5554216761812093","-2.834883485858927","-1.1219017865642906","0.6319924003694913","-0.7681018858687294","-0.754025953016424","-0.6802121342091586","0.4744732286366618","0.7603855841007399","0.6975413420098212","1.0409107604075387","1.2711452955533442","0.9982014468469766","0.29905319208407427","0.8774732669260797","1.9335849215135539","1.052410247224265","-0.07547798185158863","0.5198097568158567","0.632000328754404","0.21261628413353978","0.021263705360297994","-0.05442546511183877","1.05421139174161","1.0790120392940383","0.39281817837741256","0.6784300457810165","1.654462944486778","1.5667169029766403","0.7767389484642954","1.3571659470654245","0.7046342877885224","-0.9044302692132661","-0.44106719071092937","0.5265638599713309","0.5468294792310756","1.7701340786912376","1.057823874353548","-0.9039081440755891","-0.6479916476769216","1.2551027814488314","1.6591027404673193","1.8377561833063802","0.8711306507432451","-1.431570695390892","0.04173463372468022","0.860685078776129","-0.23364710398354804","-0.2654662499942184","0.589162791541161","0.8360925311731051","-0.02030971799156033","-0.6125161750618195","0.12310858035478214","1.0622097495637073","0.38045713439915263","0.17831182880904173"
"0.020801098288023647","0.6621157877713221","1.2947141142510645","0.1858430196868149","0.15068293791937395","0.07303766535015185","-0.5148283564000126","0.6548120532488612","0.7485884357187532","-0.01183855053952481","-0.7258222371093888","-0.6358939172949742","0.33809366190131207","0.6736678947633199","0.6570163644433739","1.218253735288898","1.3490907211078198","2.0803505844509083","1.3056204211069462","0.14149079779851992","1.4911485604820418","1.9481455924019757","2.4879708285670024","1.1813869043513245","0.4607654825979762","1.4411225206350193","0.4770297038804451","0.32874066616244874","1.4515128146153524","2.0883639939166643","2.081022182534561","1.2066217311283474","0.5981349881428888","0.5795573902410633","0.9240984398139456","1.4071804033632633","0.4494154930284403","0.4187854796242443","1.8594723684498162","1.9974088587327758","1.359151846354352","1.0395039185391262","1.153246003743926","1.3306305783810708","1.3951927408542246","0.8204830879349548","-1.2324941599545303","-0.4497850017423637","0.8930844487179321","1.0540459737296275","1.6120057521307143","0.9840701809621092","-0.386516757084879","-0.5090806420791908","0.19034739925813834","0.5467627257576991","-0.012110659169141709","-0.4912379851073163","-0.24236541780955048","-0.36895164018656584","0.853335493742944","0.9259969123962314","1.5604251431557004","2.3807706330308815","0.7012455730673736","0.4540020303811174","1.2217965615971536","1.1671493878416839","1.293109762633353","0.5272088695202233","0.3786415026342496","1.4673657660910842","0.8534586056423739","-0.8358219253896533","-2.3026021987195207","-1.8360089520108605","0.3036260387223576","1.493706500908102","1.4841202803761888","1.1817407753305127","1.0880490490804031","1.0012405990059454","-0.08103245399290834","-0.3472422080416457","0.5858235519028013","-0.4962895882587347","-0.34820741806804356","1.701467670273023","0.30864312688708584","-0.45674938584693203","2.1118683758729206","2.763476505844136","1.7342164368491606","1.4551008628801827","0.47367971141315496","0.7503719915338151","0.2616941581373409","-0.7288521766397373","0.1416348022465097","1.2809823183177678","1.6956845975348205","0.19850266884397225","0.31464785938089873","1.0236744873733723","1.0159648120188023","1.3846169372541022","2.01696722813289","1.2421935621228184","0.1333209061589056","-0.09071184329874198"
"1.6151383688652612","1.2996707642935825","0.7176275152830633","0.7392279855094306","0.9284943512831215","0.589475091317628","1.286515265475569","1.664698558422924","2.000258080285596","2.6168911684794445","2.3049496363748228","1.972540027957974","0.8227726790000126","0.8838484046806212","2.2598836525951067","2.5732491623361193","1.769262584881362","1.615005417142519","1.3869987952334801","0.49586905829657235","0.7303275347682185","0.9259526172229219","1.5179247616140226","1.8905846462827938","1.9197764769764165","0.8932245446288778","0.44759869023963283","1.1871314384305505","1.3796437550309821","1.8923840245255912","1.26808258792264","1.1670549281549163","2.1352809383094864","2.2646105302712196","2.014403779842525","1.5386911829411911","1.4260371959666742","1.4643693971255416","1.84939032437084","2.1291172179820372","0.8368734327859042","0.08022718886324923","0.9192149660394676","0.7113013704841934","0.4342823370593767","0.9059434963457643","-0.47678882689192265","-0.18524408305717835","1.7713231358119652","2.009185535772339","1.5612373719786294","0.19364485450136254","-0.7664396946993906","-0.3567188825447897","0.056121249331701366","0.8736768249698456","1.1127048672365367","1.2911703002802477","2.266285376368769","3.4099685586730275","2.900101430269797","1.7439578764206367","1.1013670125574508","1.8903060896378792","2.20397730900986","1.8169709984180773","2.52736171464046","1.8026792067820157","1.3169761521024623","1.3162145038221689","1.5381137257870896","2.0971712284628543","1.4414725214937985","1.368384754837563","2.1232958504195283","2.018674613252942","2.258085206304404","2.3397352700250647","1.9128419925368039","1.4551715016177615","1.931687291740579","1.3531370531476405","1.2694727865815165","0.6173453418987465","-0.2912761996506217","1.6432586292554205","1.3669770419130773","1.217469478804288","1.6808957271490133","1.0393820538934926","0.5017312949908642","1.1636705845604214","2.3096265580139512","1.3104364041283438","0.9921690842146471","1.8956139362625997","2.2955305533918153","1.3863071418879582","1.089117737792716","1.272357946159467","1.4099553108858545","1.9302658297476258","1.7402253953263795","1.6051588005497024","2.550893551481662","2.6697782958431713","1.4200610783274246","1.2268612904765162","1.9686529073834993","0.9412992396336993"
"29.284495880063872","37.48030614284803","35.78752351038087","34.481335024122146","27.39481115319806","30.10723828003649","35.38251617115179","36.024372126052214","33.812481812313976","29.618175207633378","35.968248681869","34.71180155701848","30.18752721988754","33.9583964756373","31.293881690509515","38.63260822363506","40.70191875014402","31.08649148341867","31.967881215123658","28.621904685295274","32.32776470256741","33.103645203804696","32.34378840451849","34.896517408802225","34.99745133910684","31.1930420902475","33.01470691072012","35.586863406906595","31.012843523482378","29.911152147626762","33.585688969450366","37.73149549433259","36.382484892770364","30.257873741958516","31.061815166243797","32.424752214987436","33.21693963511655","28.863465282243887","29.050872584715638","31.64170634491016","36.53252891700773","34.60878633756659","32.38893772128333","27.82481694281558","31.492960931635604","28.37501687883777","24.952748483805003","22.006453645716924","25.395606814988696","30.751393717555665","28.02604833433479","28.851216226187784","31.09743981319911","24.9144181992361","26.072403941909567","28.42528094499006","27.920019610189087","30.550103620127285","32.24621917330957","29.164190569789625","29.431308359663763","32.303472132911615","34.84476181956737","40.0271053631876","37.771733838469345","32.85118298833827","32.075617422531714","39.954163256335555","40.484761395095454","30.830642360913984","34.60217365105993","32.44096760597202","38.339945976684206","38.42847727178147","32.37031655835051","35.68122819433161","33.033662035462896","26.311172878782347","30.562883160313714","26.424151976090457","38.40405839913126","29.83755196982967","30.829748077812567","36.18358469014247","38.94637374269001","31.867831740508667","30.326990955029274","29.491476234727866","30.162198215044572","29.13778886421733","26.45080993344865","33.4902832211431","36.04350307201687","32.78388974516326","36.238323068085485","35.60483770198772","32.2105980445008","30.66076278990241","30.09381659065248","37.11127641283503","37.99374383251479","36.18190379079339","33.479488963350434","39.42482570488232","39.66124136417206","32.4796356294212","31.59455987325932","36.04319140506806","34.788355980079885","33.80565193902818"
"22.543942717752252","26.649268879443433","24.954805236775698","24.332711953499153","22.27000673716266","23.68983021996198","23.742140122070353","22.270179529354163","26.573195330899413","22.57895342782853","23.5351014316955","26.524409247428245","22.100499591841025","19.148185796880952","21.092374806609197","25.52335543364753","24.40878653227842","21.019323998888588","21.58324228795122","17.74168286932448","19.040272094405186","25.59338033057716","21.89756457359384","22.45265294909083","27.568170439595466","26.81328144584086","23.956957550247118","24.824371934810067","22.73538981908347","21.684560257897445","21.423480111345743","21.61099972197492","23.479804444937855","23.75088494921397","24.016539174456227","24.112536023331778","20.80901455478187","16.41093521179633","19.291416798711836","20.77541166041404","22.493269558575392","23.923825246494147","22.842637686495898","16.591987064877564","19.094398022944013","21.541031037677435","19.652975670516078","18.941023096631337","22.282811811123604","21.29079750856673","18.86897315079559","19.945140412810087","23.257706861818054","21.058704409468533","17.296092346837483","20.91307237584729","21.084126436519853","19.307019268158278","23.16781138502386","22.606802211523277","21.71843731550353","23.302334816722286","21.923366663858115","23.49046562019544","22.60500555770664","22.631557740046134","20.521451926299726","20.4625530202212","22.058249407726976","17.86606761530578","20.91937438423322","22.850393237858214","23.023851621794854","24.986935185077176","23.723685675822964","20.521857208450513","19.693529940581815","19.52948745588053","20.09070993760013","16.855846904943395","22.61296278805873","21.23660108720892","22.96035336081648","24.65671062662369","23.053333170342054","21.37630137261871","20.207822180350213","18.781381784954227","22.22593632130578","25.347140270932467","23.131935727472797","25.405307663307966","21.392386746560565","20.3478513399589","20.559990861426602","23.824934662510636","24.18905388092799","22.682172882271978","24.122367486078954","26.250796780410575","26.271838630548665","24.92619486692998","23.74462240625595","25.19795551795546","24.000454813075983","24.37137516427718","24.553384548425935","23.329239009925036","25.32328477184632","26.85535691288566"
"9.646124323677254","9.745054401270554","8.977042812945916","9.391900736392898","10.574046126697507","10.950497938517831","10.188880929598067","8.712618675360803","9.213472356329584","10.84332028286313","10.68455352265727","11.934445549471096","12.104959528778725","13.994141216547927","14.894169497871838","16.123705316001693","14.031893017408894","10.58265640891539","11.621805830472171","11.93238962188547","14.705005084673703","14.968118428349745","11.278799080432403","11.242445337232189","9.923694648092212","9.329837059862584","10.052385472295974","10.750862352666928","11.489501956561357","10.613361887673575","8.220754569461214","7.522047458040206","8.57383504647353","9.155262517900908","9.247193205451529","9.362264055125157","10.798339114951924","8.794723704530742","6.930074935043152","10.326721567816179","11.320500235876164","10.823508283532176","10.681793482347647","10.610129582178812","9.895246775694197","11.465504839330034","11.543827421264739","11.350324877711715","13.73728109609172","11.658516372894917","9.25239693625536","10.101277961087359","10.16861916943696","9.909297251101249","10.900683719287382","12.72783573290033","11.881798536598865","11.804737392583633","10.946777967374304","10.922474473127664","11.301873347212037","10.082735747229597","9.2182751461664","10.466255325085404","10.54591263160665","9.944437238356196","8.580529582834549","9.94261325809665","10.352504101770839","10.09535873765064","10.169757246566258","8.83985113259483","9.28533839585548","10.218851831762136","10.244047545340692","10.477351169754854","10.973114065869767","9.304610505696742","7.35381474950006","6.7026725653721755","7.852307115672554","10.632071728497278","11.295014882542487","11.92490766727624","11.605270520897875","11.38724904024494","10.084458755198654","8.329515358323574","10.998920709294458","11.659840624256228","9.805863046579539","10.502147951097237","9.258996007288903","8.925590658764193","8.870747430292898","10.204992071926474","10.940603614011504","9.761585363716167","9.05703413461374","10.605788725525734","11.21595490532555","10.639565933830674","11.045416049649093","10.64851206694933","11.479744008087211","11.395995290828253","10.091816843438503","8.768443438252163","8.149564121026957","9.418932520609536"
"10.136100811249866","9.10725903895703","8.511142861149326","7.557047459654033","9.292094711166946","9.870131792272034","9.05577617968346","10.009045855009717","8.864055971870009","7.424131013271725","8.911544225599414","8.87763059169638","8.348119025672252","9.438466911128604","9.512033573240696","9.508516479598391","8.719219911891194","11.311604954024665","11.219657511779012","8.131705875776365","8.18737818822905","10.019353027868146","10.76088828108928","10.584885315588377","10.574857234493626","10.871881843754908","10.166615505915535","9.678261311985898","12.063734637248535","11.143263368017523","8.939877074427667","7.364443573079221","9.40079328636392","10.514080923760979","9.50428420193196","9.47477980885566","8.33165182884003","7.676505691772209","8.604837754498789","7.673140786611999","10.092871463035546","11.354790449359525","10.65777101650875","9.728704950499557","8.779911570291338","9.606629889160779","9.610354900047131","9.141000343379158","9.842464519053102","8.496985087020581","8.273583928422836","9.090470150673857","9.259230603952817","9.901382692837377","9.04547599677107","8.713317567939617","9.228465380491906","9.013524323597192","10.497373783127088","11.57027957278022","10.977690839590162","9.61833795678971","8.08031510968169","8.89779296892667","9.85847712913865","9.494239825085101","7.9722002138061985","9.240836189685774","8.449822838232574","9.412723783488357","9.564291819058871","10.539892744117825","9.959940210560777","8.00448566945963","8.171267446076381","8.585418525866178","9.465556456999598","11.292416470555512","10.08995655366122","7.446258419772197","10.06308596777459","10.50181070862338","9.381775182446892","8.927913243776988","8.067449830477187","9.181319367847479","8.8789572118239","7.4792249144213665","9.422998971124244","9.980551339021398","7.946561003233737","6.8598004567265445","5.937081187956193","6.029668180081746","8.219490925691515","8.906871111718193","9.946841683863124","10.620370604117808","11.04783106622689","10.271239617638498","7.684177267547645","9.155178528393174","9.55404178945779","8.60330773018657","8.65525417116381","7.658932499973087","7.628065556961031","8.49287650717188","10.122829010680814","11.459863045530739"
"7.016814012669188","7.018724076034256","6.647573543649847","6.2784223018265","6.317577998110131","6.036164906007301","5.4333462861274775","8.306336084656412","8.744966569550524","6.083032874407335","6.709740836959442","7.139637935150047","7.441779555196534","6.76432590498698","6.134809649413999","6.708666257129052","6.896570632297812","7.209375432765855","6.953264282513853","6.311600360595352","6.863052276988682","8.39362908622964","8.266104949630948","7.770306631865107","7.731469640126757","7.564342931860275","6.891541060230211","8.402989086587334","9.514762082456139","8.713894989886429","7.81886519154977","6.9355542434254165","6.587514388673003","8.700842366033173","8.889315725747226","7.208244781752182","6.287143825681003","5.987363730599094","6.252972213022206","7.932951179692238","10.182882086310423","9.175225022461811","7.778524542675694","6.232649347061521","6.708452179808817","6.460640249137567","6.453697606211263","6.548863308970395","5.982045001665509","5.796531318997709","5.68428490012904","7.16189925011501","7.236069651781645","7.40207554703586","7.397538808592717","6.978078706394662","7.322039445461324","7.100780273856404","8.065526894960142","8.042105581405282","7.488997481962809","7.323734544339961","6.420705292390053","6.894712603953739","6.6329953731213775","6.783663346191077","6.60497152744761","7.547723273333383","7.642457851336753","6.634608020285059","7.755132925564143","9.637679327810197","8.873152515136114","7.414962144214884","7.747933175511602","7.593875283259567","6.575130884629043","7.32471295906668","7.460950289248686","6.820328789627132","7.7842516051653385","6.973972646291929","5.8445562939943185","6.548741429836793","6.980102115301909","7.397696280494857","7.402239186228718","6.942104963944914","7.976286798082328","7.924704449797935","7.030249465919043","7.9328665285129185","7.709548140509693","5.517444706430098","5.74734586836631","7.361197863260317","7.436460672254964","6.7580821015705","8.082336507097725","8.952227316215966","7.558896262267816","7.852148953427821","8.28832912725047","7.880000547660102","7.684414223215067","6.908739932363748","7.133196241070987","7.071138047432591","7.163899224435212","7.4270634097969985"
"5.929420373642129","7.354604508099403","7.950166304174099","7.362751903592175","6.630453408744903","6.676004471367187","6.19437912225216","6.344798472434743","7.129536739184792","6.584341856752656","5.847002550625789","6.286071256492122","6.181630831156436","6.287989817654086","6.974722639374918","5.7823254217405085","5.521217489640926","6.314614500007231","7.12970367608729","6.014393526724066","6.538555921890553","6.789040022065773","5.564568445368529","5.192554907098613","5.41648242700296","5.883984352230423","6.104359523291973","5.6850775430833105","5.50290520853234","5.129739399141614","5.559777816751983","6.011745216466814","7.062914050579615","7.148845607150378","5.839991746945966","5.607028307447383","6.923155936076339","6.817248290733076","6.216307081252875","6.379151732796733","6.957099545275274","6.714920003062726","5.772407383626453","6.9147138908810915","6.532591556202867","5.284453343396807","5.857174021451798","6.143197143028958","6.589858852419201","8.763395994229125","8.704149478358802","7.82541992432983","7.1947107810737725","6.9046717114358085","5.949490194618124","6.11468957624889","7.387014767611104","6.655410650092288","5.863758122788803","6.9279959264391","6.9485388645315345","6.193224087944928","5.811889812600021","7.028257219925759","7.1086860953176965","6.717394644620054","6.755326503715494","7.1348774285218015","6.1051782836702335","5.583961393148807","6.484370465862024","6.276038544854211","5.438718726099547","5.589890785475771","5.6312941343372165","6.268926752858883","6.852520995733124","7.710421834206758","7.201754773133192","5.605167160681287","6.284798016581519","6.380210652695208","6.064199644120902","6.153719554576682","5.930789111217176","5.794131648575566","5.869223164105869","5.325247982287117","6.292263168608281","6.261864742573383","6.291998532035308","6.638737391115911","5.122866213896758","5.576220491852364","5.849745613777717","7.069878281347071","7.377492028673203","6.07409101627807","6.19286124435502","5.692631929403953","7.306005497988537","7.289275755245638","7.124827304476921","6.3088019221805105","5.765956202866161","6.491738238493244","6.240513880211152","7.307216296231602","7.17398088587284","6.329023291876951"
"7.501440418622081","7.987533160674887","6.403474826003687","6.440384184492024","6.36627136994186","5.837318339904972","4.821840548511575","6.038492007373904","6.784471658955463","6.075447759224193","6.775618232102761","7.597401951936679","6.940184585874449","6.605498346192253","5.6494007852065415","5.833960600143094","5.7947034622823885","5.9797302258225695","6.6669971172009035","5.740203831198356","5.348411602744","5.529727934863404","5.84579240455039","6.698220305823652","6.94931050606196","6.628243231576774","6.7003215975790935","5.776210982277915","5.3338896925443775","5.946942393453833","5.372396641421466","6.361692252477978","6.797187013486155","6.685353554080497","5.762918692823323","5.434597007728601","5.499670314256826","4.994929008783117","5.436211202187266","5.398796841015628","5.951885257401017","6.38869665930394","6.61685584547584","6.8840160248640965","6.168890533890598","6.230283101595194","7.071004124879781","7.0798688536445065","6.295231051305278","5.907006063508226","5.548929758585771","6.090585048786779","6.666392643156715","5.977369384545562","6.17508874394863","6.262832646351941","5.759714346167098","5.929577894101084","6.187201416109648","6.159109808738627","6.297630860040145","6.043487312178897","7.204282709665277","8.457074911600444","8.236995259932376","7.287439558505556","7.770387688214295","8.302313069477199","7.33091487265587","6.250508632877894","7.021280572104186","6.947645438997659","6.133822793215177","7.279540430251839","6.901313508740306","7.185750558921359","7.07068911591711","7.590267378334099","7.047501206352303","6.211306016694493","6.922484812292368","6.549312231405303","5.882813740673877","5.802088611219056","5.5680528853167255","5.622974741348081","5.619465151107168","5.862316333285756","6.2273544810054","7.265842841373821","6.946780550464299","5.924011467653061","5.770318436853757","5.2910948662345545","5.587317984345913","6.394752306504819","6.721509727880392","6.606622244769401","7.221215491992746","6.81914822264764","6.985401415686481","6.735405578993382","6.130327589474359","5.814555305582189","6.0689934495829565","6.417708639867172","6.28864365004126","6.149891213505885","5.547958940555585","5.491924783459275"
"4.250572397519758","5.006267258308402","5.303992097414892","5.567041397065527","6.010409148166584","5.830289104808562","5.4965771762922175","5.532435290478764","6.16915035913767","5.3642288577134645","5.6165447825393295","5.642273842069285","4.6962730912304576","4.675138896060478","4.52541421119146","4.597685730531492","5.10633796816329","5.092070630077008","5.048303177238619","5.127689746724981","5.584555507843347","5.818172447505049","5.525869371484964","6.050553510860938","6.550200475746837","6.499705110208091","5.929238327759799","5.3865860399682735","5.053244515554783","4.782845218524886","4.355847617020843","5.285559450503506","5.595331924180265","4.835985606797232","4.731809603010335","4.384002206414869","6.700827668517314","7.106822296308764","5.129958516660569","5.70337778655436","4.782181326447566","4.156896861569309","5.715627797199962","6.47170866299718","6.144165666670105","5.658489926474995","6.073814796276929","5.853435274811868","5.225972538786773","6.081594710677093","6.080163351703023","5.56039202080488","5.903852563182825","6.085941075708324","6.133850674073108","5.971254878475167","7.463909013358774","7.734549774270852","6.155390701218829","5.393668189957744","5.949923618761423","6.781853845147613","5.617029237376712","5.269825833845457","5.6829642384746535","6.073130812125732","5.987159379137058","6.198964092945767","6.011066259747342","5.832101608750677","5.3017307429864555","5.575879947060475","5.447373410254558","5.519476159972158","5.9766352779313365","5.694755029702586","5.256086185029845","5.382426174277256","5.053528976321445","3.994898530344481","4.736618221946575","5.732838309198538","5.933381042445937","5.214663642275705","4.79259908872589","5.22655954695461","6.165530607016029","6.130687477828366","5.720854676650621","6.087268400123262","5.625724992255452","4.972850500789928","4.274254809546505","4.45547352835117","4.397711119907256","4.710429369778703","4.959498152988912","5.160400112660915","5.622032560573476","5.539711535454035","5.852774436111362","4.537506787024382","5.175461382905677","6.261186399843441","6.047365783559166","6.4883389189059","6.0807257252095726","6.495284587793856","6.715922204541266","5.336982914883134"
"4.509551049383964","5.922052576955512","6.423676701988305","5.662634696762403","4.830283485660359","5.549165777451252","6.272184909484799","6.204611954906161","5.492313468117691","5.402757857966491","5.917341840796865","5.469945919417855","4.33114292220675","4.302490731220196","4.873333330755844","5.155279857579638","4.965432731378788","5.489641989473268","5.744381811674707","4.449193375455774","4.677745311560115","5.541325314809974","5.623415535484523","5.51150657878386","5.915037770746574","5.981536097433362","5.611898426803427","5.218781276135121","6.450906027682101","6.759908874801633","4.825734775592122","4.995762377715119","5.840923114876398","5.702074465287402","5.385360512142272","5.646459956173663","6.7132258786745185","6.51421497492082","5.581152940672461","6.520945039060666","6.265033430606181","5.568901086598639","5.5744056842263365","6.082680111919026","5.803826489291526","5.561088430764426","6.018037915526291","5.573641966839537","5.458393626175587","6.1231324641905065","6.4645698946628345","6.100568119567861","5.203242500004653","5.3646321375118635","5.650111199796858","5.962914122268096","5.821244527593717","5.620870939847678","5.399696720767989","4.932958920348122","5.000617529863877","4.8800742177599865","4.78419213595617","5.033307437011227","6.725730760894939","7.421380372032393","6.889727193287223","6.421895282589194","6.491601407727375","5.901005951002887","5.55868840737581","6.00444876677374","5.531460860702146","4.728206061619905","5.478702149553127","5.904705922998913","6.664676759054125","6.40436815624179","4.895543827137331","4.10053010693674","5.57040688301078","5.772171924824596","5.580075580473439","5.796675686615772","5.107892344253681","5.90391029037228","6.125160010407757","5.95938074322679","6.023475577848611","6.241767555463115","6.836977585865363","7.153385317360205","5.802629757015136","4.650485487941858","5.188247966871614","6.2024136116052775","5.721069544060455","5.128418871344031","5.367052465844753","5.52977903937421","6.503023741799342","5.949513254523412","5.215140089803553","7.200083353404086","6.783078723510895","5.714706709819614","4.931618787446151","6.071537014329798","7.1093274134933955","6.440098720444001"
"5.0175566463859465","4.704724185182098","4.504471456486588","4.471715863349957","4.464712390470732","4.474750132857055","4.597798275726564","5.369011578998179","5.406046746946902","4.647016259086834","5.170013820969703","5.003632834303387","4.462072363666256","4.423606695577253","4.912514040400076","4.888015947002583","4.5391128537284064","4.432036429201694","4.301799993324164","4.125830164008641","4.344079622028192","5.591175878813812","5.729837387972029","5.022604829748944","4.556853169160845","4.558161358811154","4.615481764265005","5.061215318266636","4.733210351048355","4.297810549454996","4.277681363547473","4.104611225367653","4.349083063013792","4.901020977800606","5.12417753277945","4.760129885580852","4.910013138006513","5.2702677426861495","4.539088971440228","4.435205922847524","4.740717577591527","5.192363322412472","4.715540332739694","4.464039582544633","5.237242675276739","5.660496253796085","6.10877358863543","5.403459548659676","4.51350944801032","4.516470608497372","4.382988919446349","4.900501290960507","5.02308097566811","4.965468011234693","5.856239198908979","5.523884334320117","5.823729673645021","6.028429653460121","5.1200701887855","4.97184586408281","4.829008085222118","4.404713119696713","4.809275523199488","5.018519317271128","4.971456178566472","5.147948961124947","5.284192078476644","5.207432153821155","4.411694715670833","4.525002573234829","5.590166207245711","5.179151370571887","4.937864997020688","5.101492801126507","4.641373856538311","4.356840285024476","4.587050876680431","4.738847090496386","4.193095133153102","3.398889512235589","4.114785285804713","5.084807785556437","5.119416008216802","4.996273401897496","4.802160521715436","4.794158869322939","4.938706560115127","4.673308392250907","4.978014233403982","5.292118507232138","5.18498367677676","4.504592369104387","3.978517870059196","3.4350345963857767","3.941895511848337","4.592444357830016","5.440746602973641","5.885375910186413","5.292989156407694","5.127065478859843","4.79474184032347","5.961128554345012","5.760420841742488","4.323615889581232","4.636581492672226","4.441634014542996","4.161901525815284","4.920938408093473","4.925661019989399","4.967576677420813"
"3.9891214130980592","4.017742458241964","3.944258430947858","3.7727907898450326","3.905773728592463","4.252025936860279","4.270262561604893","4.870606447588979","4.665493421053469","3.728565121298149","4.023257439188109","4.4475312841359775","4.133186841184308","4.046068813711729","3.669242174530688","4.05259487458424","4.6794734927550214","4.7814213163001735","4.1454566322184165","3.588774091938386","3.6450715499960014","4.098335880985516","4.4137943439772815","4.627037249673481","4.8234770391162165","4.484176483047993","3.9614607658302905","4.009306902384485","4.196607323588427","3.9218619423055943","3.9010283528757363","4.160618051610008","3.850116755312641","3.7137242875835597","4.152116793423667","4.2000156543041935","4.869698672085563","5.19578456821527","4.292047804864584","4.27817564918633","4.441694381168476","4.02627090018145","3.929318379509065","4.7712171454528685","4.71673945578158","3.6858336345959253","4.864650956177534","5.290899084863502","5.047740891671384","5.289406801164861","4.3426923153706385","4.333629822502481","4.548682633960398","4.5509948617394045","4.667436221864274","5.008311900472758","4.884672077014954","5.046725891910641","4.448759278988597","4.664502182479123","4.618879659809111","4.090226249701896","4.207271255307248","4.647994424419006","4.489600258797223","3.9570439186819297","3.979475969047584","4.066207168525462","3.4720105777798516","4.33864705784286","4.6590572550407","3.989533912464665","4.417817570806109","4.696728251167603","3.915508189735935","4.087362810022574","4.2518950885553215","4.139561425906792","3.88441807471157","3.6500396447365646","4.393133112565223","4.5083933612321765","3.916640798629363","3.7216206536503016","4.186879915948033","4.410079202606295","4.304038659693457","4.282953144923704","4.736654522341395","4.605014296346566","4.658061029956989","4.178880603393709","3.5712237055039995","3.656933901783974","3.6700285938336283","4.387592307115625","6.000684886227012","5.895431665429661","5.140307915572305","4.83180614586187","4.755332850942934","4.168527067174707","4.568048156576324","4.396578886048681","4.196702597965634","4.739267700161178","4.488972398438219","3.8358685454551047","4.382811219432594","4.677113904975369"
"4.59574493336151","4.765640320565742","4.457519428834844","4.407109189868287","4.531985679161373","4.518532476081864","4.2575166591514835","3.988675360421189","4.405791607810117","4.318026003091772","4.364855981446412","4.613606895198108","3.852680356570645","3.8561375497344637","4.565203846775998","4.112645990322485","4.759345440338925","5.248151274258047","4.708355048580084","4.165357845940096","3.8769643949698755","3.966733260059746","3.9997196120468392","4.91869424256962","4.780491246302592","4.166369698253636","4.5780605429200225","4.323926896465391","4.241535007632833","4.321713215017898","3.795194979093446","3.675999920508316","4.318838832961416","4.811230769369036","4.773143536850449","4.408306848727828","5.441897753173044","5.250057176659376","3.9977533058655808","4.1430317964981525","4.565724363868968","5.173671950854108","4.632959224547315","4.2624691700321025","4.757248502035279","4.827784106194498","4.559912601947288","4.90613452651208","4.876421289358685","4.450514398598997","3.6495310136670382","3.9799385356077344","4.3498949013617825","4.221930188473568","3.9943365832785838","3.942981068336854","4.597194390119811","4.249248220367532","4.169745554176575","4.718439666535891","4.995707373426206","5.04027848121614","4.999399952094522","4.63678355541433","4.5829603576959315","4.510311455082596","4.138714481626929","4.2709429299269175","3.997541259415161","4.6375954747522785","5.684565540590454","4.900372364232938","4.477390965117342","5.243020681889737","4.974051663992763","4.970170052633546","4.947276605261171","4.336599641000731","3.9920510233340543","3.2487416540473317","3.698656494974413","4.667473047767635","5.1306032986498264","4.580777021252599","4.226621247816253","4.85044114321886","4.697581514852308","4.0525811469732425","5.454299020753283","5.536001941302649","4.431294040900185","3.7870776325218762","3.649277700584174","3.478787593324162","4.467113379771805","4.830402334476046","4.8852523612360566","5.2802223629264535","4.607194154960853","4.405805769763361","4.559308728579118","5.01012963998874","5.096831692402286","4.006117792065842","4.271842973403908","4.739557407780646","4.89553827214955","4.618318706904295","3.6976629239208076","3.8093513498287357"
"4.203999719604084","3.8815186458350257","3.653559279050744","3.874943543007986","4.051462758505579","3.956480831292216","3.7605238414710302","3.7673137361825857","4.157763466320323","3.981457367456772","3.990887958430162","3.8867612033206806","3.795854032373968","3.67915262668434","3.4163420211582136","3.572350248640213","4.279072891857258","4.583000276643228","4.157558795287328","3.509211948469757","3.6357842347705436","4.114598729399779","4.132750627082199","3.775760028946466","4.265003726648097","4.414039150038353","3.905051886569656","3.611774670524382","3.4119449754524553","3.8749359394913765","3.9897558154902644","4.106888501984255","4.268103015508297","3.8548286300432912","3.765884135458343","3.767522667454113","4.107094040443962","4.189253052846083","3.8663348061786063","3.547987628466999","4.080607660308098","4.235262071078408","4.247102881536176","4.10601081722956","3.740986682687901","3.7602811308731634","4.018855623900899","4.409314842746347","4.297661917001948","3.8593676720044785","3.5325870809786224","3.946279682253992","3.962974544909638","4.230408441371261","5.104076783613619","4.890584000897897","3.951305356042158","3.746336385579072","3.5930877387041735","5.203280537602433","5.3330648556141576","3.8454112521465786","4.013826548258693","4.596404220688881","4.669363816692806","4.3885865218598505","3.735650041574322","4.265996375813646","4.2379718735116505","3.794298556182359","4.371531802839395","4.07392762733697","4.172795130874055","4.662327100566706","4.408715896977017","4.223228260853223","4.40590896269784","4.334736784450728","3.8004482689400496","4.0143118599599426","4.140687203981893","4.073348284835804","3.895512133753314","3.910629277412255","3.8591963305710646","4.545242012002924","4.905229204259815","4.663311336683709","4.570086771430738","4.079544655997003","3.9507420661596746","4.276213321906302","3.800152356106652","3.803292081346255","3.9900354963054347","3.6895876995090795","4.13019379340778","4.732981487065797","4.073788383148369","3.658014912574684","3.6400341335111546","3.60753253423308","3.7627548309070926","3.971696824174095","4.125870504067609","4.180700835824308","4.004002922777671","3.4123817626411213","3.506202442532071","4.0688632209171525"
"0.043445716647737935","0.1012946167596665","0.1215461902084573","0.08706019188175632","0.06843111969763642","0.08321541761194885","0.09898020503825544","0.11832754942342444","0.10529204492122933","0.059896785348591386","0.07840436429466702","0.09052216995729122","0.06299807668251162","0.08273117979794675","0.11178738218916692","0.09975398105937515","0.09763591295559625","0.09709601347576326","0.06736709600656485","0.03753551823683837","0.05538248962403505","0.10742853172148895","0.10167979284346929","0.09047825918387488","0.09154682089601573","0.0774187021237503","0.06961985442930238","0.08429103458394263","0.10048122582328667","0.10130494447708266","0.08360810811366638","0.08818726814033108","0.08990006314083555","0.07373972333584497","0.08555392263355334","0.088157963470667","0.07086272328444286","0.05031201726250306","0.06433384642819479","0.06911615941830716","0.08201227206710932","0.1143720635613922","0.0899470045866451","0.050514095766172946","0.07437561266317988","0.11358130716433483","0.10006504440732834","0.0714434278307285","0.07186089774427852","0.08254857290775458","0.08041523484331366","0.09581751691044012","0.091152275744721","0.06194212584832197","0.07465539462098142","0.09659327260251288","0.09767288143993486","0.10365212562208916","0.09938667536671486","0.08363638753101467","0.08246658479044221","0.0629105927233686","0.05950419169707996","0.0863707412084019","0.09421782022002098","0.09957435663646358","0.1094253202916187","0.14056915149205482","0.11866096554008516","0.059704496972125695","0.06868364952259758","0.08768636095767662","0.08911783031809885","0.09430784030772436","0.08639519789052993","0.08713250255892574","0.08867418373868885","0.07957397857195579","0.059076755031532084","0.03859924186498189","0.0718726501523884","0.10059346945111831","0.11431041635122895","0.09206211703348935","0.07625060561577912","0.0895717394632812","0.0819660861447741","0.05810144447289453","0.057295461657917414","0.07155773476270849","0.05752929421106263","0.08209411471608574","0.11343014178246466","0.0711486954130474","0.06341975943508076","0.0911625560869105","0.08506542301618382","0.07898151249747899","0.0793278536895522","0.08331966193547626","0.08032897038854622","0.07804845599759264","0.0650975507584042","0.09933515131394995","0.11356894123662423","0.06835857915251921","0.05562183288936845","0.07249877599526396","0.09411740832663293","0.09293884327201145"
"23.0","15.68","12.295","16.3","18.39","17.91","14.67","10.795","15.035","20.385","19.91","19.955","18.755","15.915","15.62","18.52","19.045","18.645","23.7","25.255","24.815","19.81","15.965","19.15","21.4","19.425","18.04","17.19","14.885","13.375","10.35","9.715","14.575","17.855","15.52","13.935","14.42","15.895","18.63","21.03","20.665","18.245","19.38","22.785","19.745","18.04","16.565","17.675","23.645","21.295","18.0","18.105","23.2","25.48","20.685","17.59","14.695","14.295","15.135","15.715","15.93","16.64","19.86","21.205","15.97","13.13","12.805","9.5","10.335","13.815","15.885","14.125","12.13","14.425","14.395","11.84","11.92","12.825","13.48","17.99","18.165","13.83","14.045","15.46","18.91","21.365","20.44","17.76","16.825","20.435","25.105","19.455","10.735","12.58","14.03","15.805","16.905","16.215","16.305","14.635","18.04","18.005","17.75","17.645","14.03","18.78","21.36","15.13","13.735","18.145"
"13.28838059135405","9.272273786019465","6.580665039923986","9.060894550725882","10.350754223032384","9.548862670976192","7.7458723330236685","6.106798815527959","8.992817794960452","11.478894757393897","11.599252704632251","12.87559390985796","10.953504412211213","8.528276834967842","9.295994907900525","11.44843329163309","11.146735246062283","10.558665159313586","13.76757006809803","14.291402377414038","14.406513862498741","12.167057199456911","9.303589176347872","10.522182418258483","12.963806450273516","12.11405135274585","10.315410622087324","9.522687693301323","8.139483081588004","7.445410427435325","5.512439047945732","5.069482633181338","7.84617800320095","9.482152064583893","8.558184105842853","7.8740577865095505","7.536548028901662","7.816353083399212","9.681586162518032","11.441965773305421","11.863472431138446","10.929527248206503","10.922589747487399","12.62243145007235","11.108290038977476","10.94381674521054","10.280690964794214","10.171467082625076","14.521750838411965","13.713116652437742","11.154680048052228","10.532844758383673","14.178413155974512","15.245432415743293","11.583669043762079","10.736486231500457","8.947465509607252","8.372121203848018","8.803947633503407","9.493541150505017","9.825105597286422","9.212142291920054","11.053969865482967","12.528189970593383","9.19516822409697","7.125148178649823","6.66972880437632","5.268630320001901","6.134774087657665","7.243897202862396","8.739038536474176","8.289094559122013","6.744506309576958","8.45053711260801","8.419389260532498","6.632917328870833","6.557914694435584","6.981960683564922","7.098477158915611","9.530218586970815","10.260243429993745","7.827222363320782","7.849994799897977","8.4616620546847","10.667748394739647","12.66067458570361","12.235209578808128","9.624382560430078","9.166436841187824","12.060931919769693","14.88583927949471","11.626152939123001","5.784849572477547","6.071946064188857","7.197632083067621","9.19835194659522","9.511193137235558","9.134498521059822","9.55802929405945","8.104448604707148","10.466277422200703","11.079152991480639","10.50471631197624","10.490655439747782","8.09413338917064","10.536711201148478","12.308933964820191","8.508453249665822","8.122720521722002","10.724821830902636"
"0.700041453395604","2.81629451239736","3.991005375103084","2.479172469292328","1.3422784520778799","2.338725886550253","3.386465918042283","4.1494652769685185","3.1739707418527474","1.3040360075601045","2.53427457328046","2.7362205185904394","1.2812631604306355","2.141268676158163","3.314772331273083","3.7003897488985364","3.654271848331778","2.6176314229232407","1.3588887314723097","0.4760178632256447","1.6922160506830648","3.8206580936648424","3.041533896792868","2.9328592170076013","2.984082795300115","1.9689209868530164","1.8045590506393654","2.3764306904996144","2.909392584357855","2.955560430411631","2.1635047076972573","2.6138636837944627","2.663884373375256","1.6522721540918908","2.316256143215068","2.4193619628258456","1.556481476371732","0.7752104793500577","1.7348939868205213","2.311207921217818","2.427279003930762","3.5649824205443905","2.545499206256275","0.6301421728492861","1.8743892277197096","4.076203864258757","3.1848250199171275","1.4804007859561574","1.582036475094348","2.002468891744954","1.8448834553945996","2.6373671547249806","2.5722626227242364","1.1416046705242209","1.8480696438335904","3.0272146514418767","2.7307954504071956","3.194858273255136","3.205954514996952","2.056987545072654","1.7701397203254405","1.0642871265328622","1.4995495255745996","2.634535585686785","2.580715329492587","3.062002454204613","4.657120066099092","6.353072930439639","4.182380380285462","1.022838235392987","1.4768130601166682","2.095328523342536","2.3972411760965344","2.8332904193017416","2.1881851218502373","2.347929092927543","2.3947337071739754","1.5450305059790608","0.9998090469976962","0.5807410942990514","1.6827902536058121","2.6762236105072783","3.943982730646491","3.2130988395122206","1.8268886471536725","2.0532796511673523","1.8483347468143803","1.177496981616856","0.918708199245222","1.335094962115439","1.2034140903727721","2.8298373721774266","4.422302807138345","2.2746914960311426","1.6784355461046467","2.7319669395303716","2.1665687146478003","1.8022365798903701","1.986616208311296","2.3942348979996586","2.2688016073485517","1.7770566156235441","1.1606348318053268","4.157416313751614","4.7454571905029725","1.7957203781060627","1.3375419163077285","1.8681424393914263","2.7916184759504192","2.965751626425294"
"0.32484375","0.2112890625","0.16484375","0.2430078125","0.2832421875","0.28765625","0.22859375","0.149765625","0.2100390625","0.295703125","0.2791796875","0.27421875","0.2638671875","0.2304296875","0.22234375","0.2753125","0.2859765625","0.2471875","0.3333203125","0.3977734375","0.3887890625","0.2901953125","0.241640625","0.29859375","0.339375","0.2918359375","0.2658203125","0.255625","0.2159765625","0.1950390625","0.1384765625","0.12125","0.204609375","0.290859375","0.2473046875","0.20125","0.221015625","0.2513671875","0.2823046875","0.310234375","0.2924609375","0.2615625","0.3040234375","0.3803515625","0.3173828125","0.2441796875","0.2228515625","0.254375","0.34296875","0.320390625","0.2685546875","0.2521875","0.3320703125","0.4039453125","0.3627734375","0.308828125","0.228203125","0.19875","0.2163671875","0.2338671875","0.2498046875","0.2716796875","0.3175","0.3184765625","0.249453125","0.2065234375","0.17734375","0.120625","0.1615625","0.2176171875","0.234453125","0.2069921875","0.1844140625","0.21453125","0.2050390625","0.17171875","0.170703125","0.175859375","0.201875","0.2947265625","0.281875","0.2003515625","0.19921875","0.2196875","0.26515625","0.2973828125","0.3012890625","0.2803125","0.2564453125","0.297734375","0.35921875","0.2749609375","0.1506640625","0.181484375","0.205546875","0.1967578125","0.21421875","0.2429296875","0.2274609375","0.19421875","0.248984375","0.2468359375","0.2703125","0.262734375","0.208515625","0.306640625","0.332734375","0.215546875","0.18875","0.2561328125"
"15604.247442635118","7504.3704362823055","4308.7022857390175","6704.070812112182","7148.259217534131","8139.156711545303","8934.124770508752","7577.671218474789","6342.480221674645","13235.903992391197","13343.106984341284","7131.178743438941","8074.842591931914","6230.8836088317585","2843.4401080562398","7598.061095061241","8409.541076727925","3379.399593757515","7109.023814936583","14787.779606997925","13746.966463383547","6332.3763778904795","5408.276398391098","7184.85801382774","8345.473598437224","8275.937211289867","9115.629614900452","8068.153113956001","4574.944684031299","4219.622674801109","6003.436077327722","6962.6576385850785","7114.374205405649","6559.341383017771","5696.285702568553","6558.463445080637","7878.484708861672","9057.02398146506","8567.380821282683","10651.574543945742","8744.760502316713","4765.96516815623","7325.9970236819145","8624.561030303128","5327.00749024734","2694.934726500648","2935.846047946501","4213.0428834828335","5489.003638366037","6381.972574018192","5765.634158497573","4250.032341211646","4887.8528840354","5759.530859717282","4667.563487043165","3629.349516641916","3411.8956856652962","3774.9398074794462","5711.636804436505","6231.5602462005245","5966.945182326134","11036.354952310356","14399.136922989179","10110.677592653119","6750.450746647969","4942.56389353616","3390.8246884597443","2639.231278066555","3739.503980387124","7000.132399761618","6901.20661969326","6092.602889075864","8349.053690467626","6560.070798585623","4651.463376812022","5998.594722498902","5503.624476824721","4803.255002799479","11242.334912063066","17842.66697838483","11315.081747059563","4207.01392898278","4629.4891770718","8196.59022885264","8029.656925954774","4304.758484644078","4839.205050037298","9475.888968881924","8339.895497765347","5693.513609971091","8603.669832824624","8079.262057578234","5991.968132808505","14620.297400419491","16022.051625212207","6979.132096056302","5648.047790853099","6892.094180011468","6442.425396534119","7855.086354117937","8825.413124627063","7071.27671566171","7438.274180660108","7950.550923962133","7681.901666045475","10210.877745618369","13257.99486721409","13936.381497799703","9435.80199485914","6947.35900963175"
"0.08467740373617229","0.10998821703576654","0.05076545617121637","0.08572016321453325","0.08903240103053961","0.04127782170903653","0.0315403680940894","0.01335029734979338","0.07293577759439442","0.0959033103040342","0.0945057617707857","0.1859693130038885","0.1312271843351043","0.026649059748322625","0.03661009764808319","0.04942633533908099","0.03959504870451232","0.027819307420040226","0.08819559399296573","0.1017791941599286","0.11127554041883209","0.11445016268311406","0.06133348723564024","0.07800415779872917","0.11195198143299369","0.10854039231010633","0.10452230534060318","0.0717534918785566","0.03721080910205568","0.03878407804743595","0.021024391361070514","0.010273546483970188","0.03557870475776344","0.059604042190821646","0.07784548696404578","0.07553790556622789","0.03863954276433169","0.028971984456415502","0.06564155916954786","0.07960140661583019","0.08596826676393517","0.09542996075746991","0.08591148478455292","0.08856167365121621","0.06564043501248569","0.10968366232653469","0.09448973376088596","0.032850600306662925","0.09065388357557126","0.07804279903829514","0.025299164397002638","0.027378766333596465","0.17065813039034605","0.18779089612502656","0.050202257199992585","0.059824461303371275","0.047592270978746784","0.045248267605930946","0.04944162902724194","0.043206896677471615","0.04913520064248081","0.03812909234900008","0.08455294138944033","0.11409429509164447","0.0626383081400669","0.033444699970438585","0.04000897044415857","0.022365150544047356","0.032361153113834924","0.059821628511336655","0.0846384306799104","0.07133171339519956","0.04091735250629606","0.10128962399666602","0.10160816788783572","0.032055108558333906","0.026130416750264757","0.03352071448489252","0.03732379274327236","0.1338204897046681","0.14347233012185004","0.04062034972312237","0.04075258409563353","0.04323716696762491","0.06417455440861111","0.10033291738293848","0.09084624133849101","0.05215079170447871","0.0622849948629046","0.13287744646042488","0.18795652272375032","0.11842667416633716","0.021939593544884374","0.023564601524162038","0.03385436159022444","0.10170622035943629","0.0967797232074281","0.05256707729887646","0.10031204629817302","0.07437991926612958","0.12488479629769042","0.18299618792927957","0.13434290783541114","0.11700704069188989","0.06789775379857124","0.09764863879135734","0.1514205330883567","0.07514856846204053","0.05338273404374744","0.11532404023510574"
"0.049552783160804935","0.07406303711556832","0.08214653460577925","0.07733156613438302","0.05069619201348111","0.07076135196728098","0.0834272058666778","0.08303147640046672","0.07521412190876667","0.05988025316912081","0.08287885221850104","0.07589426486527442","0.05100122920098345","0.06981213981577221","0.07042344250693063","0.08886517890589626","0.09713669113757203","0.07100265877721446","0.050243507072965696","0.03347056379783967","0.07320839849780038","0.08886737137572036","0.07518700099805342","0.08297375384062462","0.08229365654438348","0.06191732032076948","0.0655544016206877","0.07650957438350767","0.07441285119616466","0.07224125053421805","0.06612959449498086","0.07546517509324274","0.07472705724590768","0.05118059228191269","0.06150286485072884","0.06495333169593169","0.05412288796971181","0.04561480556647132","0.07347036784593622","0.08051434145987432","0.0747315561175132","0.08207504652357736","0.07894485536738244","0.03260390761831877","0.06260788391178694","0.08216825975188483","0.07341084894697755","0.04856604248162756","0.06269848273125982","0.06818384047819499","0.0575198319015505","0.07448568297562119","0.0763906912673177","0.04435966863124276","0.058881744971441836","0.07604221942228076","0.06742738788229721","0.07413984627247022","0.07828137066406268","0.06268121734125628","0.05768952815516993","0.046255791663925135","0.06442415113073596","0.08195840937045343","0.07794931597154436","0.08446970566630123","0.10006945532726456","0.10838882705810604","0.09495087967322277","0.04633571206611541","0.054646894579201036","0.06096080957972266","0.07131861618430159","0.07736423010472103","0.06465737601878183","0.07101876195815973","0.07145742771944025","0.04679619444246971","0.04393328593115138","0.04460758713047825","0.07042907218204865","0.0676857830088355","0.08262135338359028","0.08861644377069967","0.060305673500581275","0.054412104290435845","0.060800120767891645","0.05634602413717094","0.04351792407171227","0.047679221901257826","0.05554552669872509","0.08656090324650734","0.09838440729534435","0.08342902318999729","0.07204349081634341","0.07851526503741182","0.06313726801265794","0.05461514720893351","0.059869893482213485","0.07446551656329711","0.0740561677635391","0.060454428782336644","0.052329015525836166","0.1041140403187273","0.10365113697624659","0.06822871383724266","0.06017217770390164","0.06370440770704908","0.07087336826399993","0.07545847398187912"
"15.188811671753653","16.00117495685865","10.940199952468884","16.82825005756689","16.769552766845038","13.052658732993825","12.451148541399712","7.659175869504493","15.577669113188911","17.28834217037597","17.329798036907412","21.485180357632558","17.606674160669865","11.401218136672945","14.989516336426606","15.58363243919723","12.728431757290444","12.626518720534172","18.201098867925523","17.34589216500552","16.517892571390576","18.733763636813617","15.325592158216917","16.61317248450759","19.015519977113435","19.247451129954833","17.452461144491917","14.712712190483442","12.508468131629861","12.57634187671439","9.03756051155398","6.271664452121141","13.769327325617615","15.671119136807043","15.12248656802181","14.553376755928504","11.562594864475717","10.163364354385811","15.241492709049206","16.487847039562205","17.62392620842473","19.128120006942662","16.940059031774364","14.777306080608875","12.91471931557167","18.04185134624493","17.034840034470527","13.091576490247457","17.089733028927053","14.620122263510657","9.042123644365853","10.576576714608555","18.842505141302205","18.6933036138613","11.828599874879528","12.39886688371159","10.879428983177375","12.263277498287316","13.776312097219632","12.911768856357373","13.24405904547394","10.77823733269963","13.87625309656753","18.06302784695854","15.272494884595648","12.88033772849144","14.731835425363663","10.038924245156949","9.696018512771104","12.709869196809226","14.716038019793237","13.92549370758538","11.55954583882948","16.222958269070407","15.856827393901986","9.990215212897063","9.68057849511071","11.114601882208826","10.555548304091074","15.733718568730026","17.487646353926536","13.192463757767165","14.68546815733158","14.618084689862759","16.21579168588447","18.257649766604686","17.39845970193914","13.787762690153908","13.43928476519491","19.392673229856673","22.589687359501017","19.84056387807564","9.55011910920487","9.514914608129702","10.928819698393784","18.87503576155552","18.59074971592056","14.12865085561959","17.47918690900695","15.082830470438903","18.635943764671538","20.754155607974035","18.42437244521506","18.478608578569975","13.687187439353638","15.018375411475102","18.23678699771427","14.65275059502482","13.734437556740362","19.224046790413308"
"11.890027692649179","12.453175296875793","7.291403657655578","11.514570721033627","11.777948857333374","8.2129797248107","7.159776055278644","4.067670852606048","10.88065721822668","11.917734523288928","12.098482748411111","16.508134935657726","13.566193771719133","6.482014425902873","10.071069320369272","11.366641168017274","8.578260509788036","8.319940915834643","12.55872425251151","12.014423073047762","11.853176913771351","13.024548594803255","10.101544396205911","11.25719000051533","14.09944350305286","13.91139024830339","11.93810656790971","9.790950171424686","7.567439043240704","7.656791549304073","5.4592015472944215","3.1511794820596615","7.928281439192589","8.907593437779063","10.017116358039678","10.175087048857495","6.644124306517898","5.577694466845633","10.22539014875736","11.282128891151803","11.315851911953327","12.052373883165123","11.195444830702263","10.518586205690339","9.106425935472947","13.821894947514584","12.941221840196453","8.285657695337264","13.03945756778564","11.708119266965229","6.075656529047921","6.387121931687075","13.607482023857571","13.668574311075854","7.205294056287462","8.643822746555765","7.988118783497858","7.958065183417845","8.762926793013463","8.391445747368195","8.44708054247214","6.663101573707656","10.399907269970166","12.499127042085396","9.481552148945328","7.771148059668381","9.219525620915343","6.0453152339208325","6.389261882061277","8.823438694259385","11.180372701054038","10.596313053377584","7.444692449000264","11.156532588734745","11.606434791775124","6.830244189652029","5.848151983721287","7.148629838450047","6.58138516999935","11.353143914200379","12.452018541558983","8.346378537080032","8.682427843796125","9.037568349825902","11.346768636493701","13.082263788535442","12.693312039732378","10.04590522232741","9.414609351909824","13.78739076579731","17.46753925942857","15.128469204675369","5.061319050931866","4.949493857016949","7.167826699896352","12.745876111209482","12.231957282197106","9.29214969317237","12.512069359616834","11.323095760050759","13.881957803908016","15.448509167024659","13.112524405146626","12.55834245167453","9.133365595333814","10.884126328839507","13.48654031140286","9.989632239747904","9.959201982620936","13.210699226916859"
"1.720282148269927","3.3184751220702644","4.4948662478566686","4.103751506892927","1.8317133352214319","3.486227282816145","4.583180108754224","5.0663343936879714","4.302475359405686","2.6222930620176887","4.991027890644442","4.681270793298462","2.256557452697659","3.516474789770289","3.982049891983484","6.485238124025287","6.835206661130617","3.8449529167430567","1.8531099032710576","1.0458283933041754","4.327630091038564","5.3732883232916056","4.203840575406651","5.681449297294302","5.586486474523496","2.928662825430864","3.4461931701828217","3.9253578494015335","4.1624912814381085","4.076332053702092","3.201131826011561","4.004359799762198","3.975191162475783","2.1954732099953294","3.1880015988462476","3.1997214667025315","2.217547800503363","1.592279083761035","4.006627826233943","5.059371373996573","4.163308323896974","4.349527690320336","4.140456888353451","0.7727999327015679","3.275505989186106","5.2713432003652745","4.772556162522959","2.032984483273007","2.6797818304253522","3.053168300946814","2.507028768893486","3.7682991145334626","3.823679744171155","1.5692337470152398","3.4157243309773273","4.675468606886487","3.87396449916438","4.45581516321568","4.758513827365966","3.3600336337732264","2.7302888778662266","1.5729482175216052","3.2496867591240015","4.423777197561311","4.0697824743855","5.190113567102712","9.173506100135926","9.650310916320414","6.315048993615569","1.6949051879026924","2.6753340037915647","2.9568358152718446","3.6471175474415394","4.203567717956709","3.1948373350058805","4.084828278850671","4.062192918578746","1.6913074422756122","1.30147970236087","1.5655806805032044","2.84284736871674","3.1569994143657394","5.292020930306698","5.50829481419369","2.789228192373525","2.3248951387789383","2.5098767664695942","2.2687619656778044","1.383339809929907","1.7941841467812292","2.73877179921768","5.6698231412312285","6.7129882699289185","5.012726100625322","3.80796442373112","4.45149576109735","3.200995735488123","2.3522976618960256","2.893246458372857","3.7442495582861226","3.62940568098656","2.5239059622728477","1.7288636153540144","7.260329519233238","7.210451609112807","3.2358158735446336","2.9207061808710577","3.6980985200395815","4.13967802928078","4.205788646906161"
"0.20204846939379426","0.2398097714887046","0.1961124244096037","0.2635910148003837","0.27740095965845823","0.26986252287044227","0.24600846736570892","0.16707449086574197","0.2395842670809476","0.25237609844903974","0.2336139695210266","0.2746602126662596","0.2535736252749061","0.22534559707826243","0.24650739046667028","0.25727481810556196","0.23668638585999166","0.19745703893901198","0.25081565853804083","0.25199373158727056","0.25300920564692864","0.2732425616509233","0.2682618545515219","0.3105585787888898","0.3309639463583041","0.2985611015927516","0.25423228766486083","0.23394382213271311","0.2337803622023562","0.2391255246529056","0.15930976280473957","0.12068216343069302","0.24847482767925277","0.3053165681503534","0.28657991944993916","0.24364135198778855","0.20548893377575553","0.18595791231837533","0.23909782916542982","0.2564078567705597","0.25261278409646015","0.27024696640584617","0.29247226420566763","0.28418346217424384","0.2569902103207116","0.2575021777014635","0.236775387072516","0.22178233099990172","0.2757845697392259","0.24602304291769964","0.17341011449756497","0.18352751464783834","0.2713300455005096","0.29804026809108974","0.2754829493956293","0.26989435460284145","0.22117736658671563","0.20864442268411465","0.23168139330850693","0.22582054899658954","0.23632191042965336","0.21888170909348187","0.23619610206947222","0.2795106562730926","0.2622447023974877","0.24867640034269906","0.2492481369821298","0.1621270509941586","0.21425310856846386","0.23677855770357167","0.23897438888910646","0.24471962280663367","0.23361190551832406","0.25644028757929205","0.24195616156372693","0.19709802595647055","0.18638953390576787","0.19578223201569356","0.20437034111662336","0.25172492997049833","0.26108991618968636","0.2066711158683703","0.22794834769910047","0.23260078460744713","0.24369570709442132","0.26024782254263645","0.26046056889052766","0.23302418019314539","0.2114785270882923","0.28158052410053924","0.2919899900628017","0.2600796357486536","0.18532655916709526","0.19405487291271986","0.2065891358346848","0.2496482846971837","0.2429139307128661","0.2321635217209437","0.24351473208751118","0.20783458529260712","0.2700417606412652","0.28575290478876125","0.28664529883420375","0.2836715522581476","0.224122624756481","0.246456515858243","0.2619439213265348","0.22542303709757977","0.2116876706893319","0.25624985411104834"
"16819.002880844975","15016.331435796772","8949.968335404534","9769.832949274238","8851.278500186225","11232.084836642169","15299.737754278154","16983.43338650863","13501.898834155267","16943.635884329087","18051.603534657126","11797.565154069605","10838.475124769937","10243.519013506579","6547.085715762623","15152.879227245025","14995.331265238867","4818.27086515178","10760.045148900665","15206.102706575628","14139.423769809931","9166.373841144605","8106.627967629441","11063.912934892773","13823.166744671082","12980.40322730685","13903.94051221594","13082.1628461669","7210.7925740126975","6518.694454473897","9170.88995056202","11052.634237843036","11557.731949337423","10100.882626669505","9543.485546784837","11277.934479694903","11854.191305206487","10033.235453316325","8684.351363363412","12427.222616497973","12510.955807686545","8402.131043009005","10554.963778368343","10295.464923532845","6777.13699305753","3367.978204297115","4285.010943950726","5608.521966523115","6929.754478298337","9599.973191107782","8734.491782881818","5728.116828098537","6171.09801336487","7015.124944496137","6421.4575935647545","5895.486711130593","6925.900764883132","7232.301809369858","12516.144547617843","13056.90904430309","10414.474404276974","15446.081573588812","16501.482028349365","14280.418385027158","12188.109159550679","9639.812128865238","6120.652025437737","5540.647753299333","6609.342982819134","9002.20342493758","10270.06074605094","12791.184764862615","19103.53423847158","16509.370749950544","7205.872481735248","10108.783281938582","9711.150440283247","11100.77430777629","19940.637987024515","21977.84730050557","18041.798758772824","11117.69673995662","11713.364594585306","12570.53687547293","13590.549473963752","10820.198811921346","7098.72447513642","12365.099013666464","11971.723404514507","8579.384642952213","10308.15978323862","9925.507749137147","10049.94231263905","20564.191171825045","20989.719627445545","11632.01650037612","9262.053462558504","11852.844707286995","11167.469936621917","14143.219696128319","14725.565375331715","12407.5148939162","11558.68514862893","12330.671468035145","13253.648004886529","12286.16211908738","16646.993636403204","26712.770702178528","23856.702763522524","10680.65808402698"
"0.3453787633767954","0.5163545057676178","0.3897204540109833","0.3105266629064781","0.3107498305351288","0.08235302234360044","0.07396648070636083","0.028341770858931633","0.2873709388908641","0.2950310128071198","0.3440666267684256","0.5998770284604789","0.5093459227586573","0.049981801458269734","0.09195069868736327","0.10265109875954957","0.07187216244350357","0.06580220715747513","0.24990599185564785","0.2489817236809904","0.2840075110262426","0.32299922477727483","0.19538580533395497","0.216535541306836","0.24554925023017074","0.2660154530511164","0.31890402772300375","0.24234277575292035","0.08682702561389065","0.1126250373707507","0.08682499774254625","0.01391790395365918","0.08650961107418675","0.1118124311043766","0.30726219016891165","0.3148023598223933","0.11019751117753086","0.05675309658803432","0.23750412863297146","0.25870087968571664","0.2230634730445873","0.26227812760102664","0.2207233969132225","0.16330145670986396","0.13765059438210925","0.37069362820041957","0.3626266304359203","0.05568604276813701","0.21754818129791975","0.21567169515006573","0.03749937195083314","0.056089063766872595","0.7507058005071325","0.7485048847628708","0.0670428041230421","0.1960296872514979","0.1964987190589965","0.21275780428940047","0.2130663055577922","0.15275003452371097","0.1570870276259116","0.06300437946472788","0.26436754334748536","0.3057044658036489","0.17099238941182424","0.07433377469677489","0.12330148076205076","0.10577023754300209","0.10208037177738392","0.20623947434542078","0.2882104313250104","0.2504605807539057","0.13273357587815557","0.47084562242410466","0.48085849589690244","0.12901525821142684","0.07447814583373974","0.11461801765977535","0.10725608995985672","0.64908121463892","0.660793564539293","0.14622586889914546","0.12451971420869712","0.12432634038962373","0.1592370258571237","0.27002215221154907","0.265554660317595","0.14582035568956803","0.18824344880652746","0.33024936893877505","0.4724142257052488","0.39852130102819905","0.06076049302462985","0.04868955710754593","0.1044478642380327","0.37697238380387393","0.3686266458723213","0.15596944332733365","0.42313283006122016","0.4026247480851716","0.5752130831657717","0.796308387086711","0.5888263877339941","0.34792898836293457","0.3011410273763403","0.4038261773903599","0.5412963281764595","0.3744527623042411","0.2405124427226943","0.35106800445919806"
"143.06113761904763","143.06113761904763","118.82189011111113","119.51831139130435","112.53502088235295","106.15026764","121.04233649999999","128.16943062962963","120.63937518181815","127.7525557647059","123.74354857142855","136.79357369999997","122.28609887500001","114.23597425","127.49935587096778","120.68936625641025","150.42107090909093","121.00905032258066","124.70549825925926","123.55789283333333","87.93450800000001","146.02477375000004","125.88903324324326","117.94818591999996","123.35166992307694","128.46672225","117.09287136363638","120.07723322222222","121.19591163333334","123.04808546666668","130.7506262758621","105.0984808888889","142.00463824999994","123.83578545000003","115.73445928571427","124.53757681818182","126.04004307142853","106.07916175","137.71501","143.966786","133.26733666666667","129.15025860606062","132.84977331034483","216.92741257142853","167.54143","158.59476746153842","130.44604015151515","232.38518382352942","165.39831294117647","129.58401064285712","129.55481799999998","139.74768004761904","133.6085396296296","137.76828722222223","117.06036038461538","198.43708043478262","167.29226739130436","133.3366946","144.7981018484848","132.4676250909091","174.7197133461538","127.08365200000004","104.82497644999998","151.57587642857143","133.54671846153846","156.4751824444444","131.70423280000003","123.88569900000002","125.90765339285713","128.6272316666667","114.673983125","141.26263888888886","125.5061325909091","125.76289857142858","134.48181022222226","120.76558842105264","136.40573444","135.5933869230769","124.02156868965515","104.42571125","144.64615285714285","134.3024454166667","122.63968534482761","135.1715824736842","107.29711381250002","118.54822963999999","123.13496576190475","131.7461997368421","175.45694","129.2356238076923","136.90590533333332","140.5671357142857","135.74983011764706","136.64699875757574","124.29660312499999","153.1051008695652","140.93318169230773","112.54196970833335","131.05128100000002","128.88014936000002","125.68819350000004","125.46171522222221","132.0826831304348","139.87141166666666","153.47034741935482","131.31463749999998","120.26100300000002","123.69949594444444","137.00635560606062","132.9320395151515"
"16.569320447308897","16.569320447308897","12.07040862030672","5.899674450704181","6.583701370863345","9.171876671653287","8.39024381379792","15.108353814028668","9.489513261151169","9.121962527175512","6.1439118250542","11.044949163027157","5.159787991794281","20.371621515905765","8.825064117281503","9.755832977909483","3.2828297318720026","14.312019631738965","8.074470243154805","6.1720040154713365","3.185049302041444","13.79184173683254","6.825104868345196","14.361350978821395","7.172623779059735","7.4894656780756454","22.90266830495175","5.189378586096878","9.123504915915479","20.788313797755208","19.883484038760507","18.135709759904277","16.625893056731638","6.56457137305517","17.271506271425626","8.539193570206365","5.533334303607904","10.39963897029146","5.2265289868303375","12.240934198597099","21.396484778865478","6.092512024607878","10.235226795009526","194.65990223479827","47.78801916644589","54.27374006802893","10.290500580659248","74.91358994242366","65.1205533972307","11.530364719207018","21.53237698185335","36.00547680587656","9.902244428026009","3.482453485548506","9.583283503307507","110.33915076677637","72.87749475653314","44.00831303176942","42.227328508117495","16.322092812150277","88.54103986205929","13.188894670727619","12.979240932578955","10.779463622619637","6.071730942557732","103.05049662628576","25.94288752141589","28.723587784847645","27.79914440569369","23.248255964874247","19.64827378646359","9.070655495308232","4.104701635832486","18.721913970469725","9.708302720547831","22.735166506470303","18.394878382759117","4.2319073949195944","16.47758084917072","24.446705328333","32.72692175481731","25.089110008274005","6.549595282080571","12.96328681336075","19.61965213206603","4.471558872870122","11.581664016426721","11.422612806846232","0.4344600000000014","16.036168013956384","5.18021960638847","6.4695918247904896","16.764902508944978","25.32710778755484","17.33581759584851","15.378371460534494","66.29991504385261","15.49235808387915","16.29295100689647","20.930870580082548","16.59115172265296","9.853845750577081","19.517929371564986","7.6045904550615955","17.78721201376825","17.777204090785983","6.05919544964732","19.33637014048095","16.344381722395386","15.734501193144537"
