"56.79535563761613","108.58199393796883","149.08070325828564","135.55671479895275","139.32493598192463","135.68210079043814","132.76760678976768","117.21988530291952","113.20482233090543","119.53188311558209","124.82524614213898","115.0229021107283","127.66713320909099","152.52060137807513","93.99760779937591","66.28880719686975","50.08351504017375","86.15450693730865","159.68691920674308","161.89377167910345","135.94844929302096","120.00537137624589","141.5050180223787","154.43298861043138","128.8166803192102","110.76081803628558","100.18735289200177","102.23287113429987","126.59675146083154","141.50003278832304","125.01662333408609","132.49350162529416","147.301482561125","125.89909849843738","105.1735177451228","123.8946202445682","137.3260310683295","119.72435474029857","124.12615584874416","120.41983855900833","100.1468573775947","102.6478994961969","103.11038417399233","94.27039894906824","65.1215149614676","105.9173813362636","167.90281395742227","145.23430733622504","134.5122629492645","143.9335735830761","136.92934941386008","129.47831761077387","93.25444912210055","83.15686575381022","139.10722751969442","164.50392787813962","150.95396357793277","138.47957519135088","122.83612405746875","97.15347800321288","107.25177920030305","126.85130557881334","98.41423839007109","105.38634363037387","133.80510977903003","138.19809161480208","133.5884028011565","106.87584894411951","131.97062535286133","130.50470428626838","95.65892034974586","117.85658435434634","116.79049176437327","89.99827940570717","115.1374383822403","121.95031429903015","124.49020517092502","135.64918523794518","106.97994277221524","88.9279176985696","95.6267623709221","109.49186340394394","127.80415397083185","119.47133469357628","100.45277113154913","95.1236789115182","114.00554434452529","145.00432288514006","137.98108128245102","105.39094583295986","92.58494365096563","83.99510748043393","66.1370134486559","51.117851801451685","33.55555426706274","86.30512516837162","138.22856400371694","70.14874007547661","22.694598631787517","42.24483694724421","79.14129368878577","112.890776613131","93.78445128818525","124.77148433254747","163.38636887748663","139.27673783403276","114.85949840923764","102.35401193274991","86.6420146533286","68.6597863858491"
"31.534791750440462","52.96959671692375","59.44418869862998","50.10150297031183","53.36561572319403","62.31283518959769","63.58917060959197","52.761281928016224","50.90949681642026","47.1447003492875","48.34899996145649","49.21063531247478","53.014201548958255","60.79747241956167","41.99684912555463","38.632731560654236","27.521730164125366","35.75025116115605","67.7993096986466","64.3150103994245","57.979407129041654","57.62150347430613","60.553931873019074","62.98059517345441","55.48744719331291","46.998409723566695","42.71407170051206","53.423934370284194","66.20597821227267","56.578124354168295","44.17389883755621","44.9789122590608","47.120256427156306","42.230252246408575","41.42802469093247","54.47302343982119","55.17623920030678","49.58462457093894","53.15867492950875","52.98090275417481","47.97323459313381","45.72375098982583","52.044126463455676","49.1673564697493","30.037219636428674","41.091792416072295","60.02467551790417","58.02089582947932","56.72950489981261","58.85589491745015","57.68155965419529","60.6700685203636","52.2914525385607","38.90545831615171","51.97156594273738","62.01961636282588","56.6497694923524","55.688403902135825","55.84981011271002","51.983808163750766","56.06963973962729","60.45065567092706","55.920526323135476","57.67248876764986","63.9160166829291","60.63338687927893","55.53509320080304","43.35971251214637","45.582570071379976","49.18534518177515","42.55894511996871","52.94264395492587","48.55950318539285","40.205156489473296","46.7449542050528","47.8284719086105","50.476769485114374","56.597008868765435","51.06851484965182","41.89575600376634","43.757030297821686","47.56990505753105","48.50661772498868","48.905346996282915","46.156510894553286","39.20676110380832","45.13026429758104","56.330583133442154","61.535002811040805","47.522213079946425","35.746471896160216","38.62107495300512","32.92682896549565","25.090136991150988","19.58700316521592","39.04628429935579","57.61224612625918","33.816343861873264","17.155896909785135","26.772074543425088","38.36161313716878","46.015338840661734","45.48544101655801","50.991009036427684","61.97798320280199","63.274144724132164","56.23550459195403","54.20058036933052","49.836836537625","43.536662048288264"
"8.706574715256792","12.064715563898842","14.051414086923478","15.727029549130975","11.920946436373786","11.770479352385415","17.937183751885428","17.761396009153312","12.166500897445756","15.737910623905293","16.116363073115984","10.01626454495288","11.488788153661321","15.124187379282349","12.686802120392919","12.14347626544977","8.853885992390106","7.127435866914422","12.69012509554531","19.20842885930884","16.347192580006585","7.706534270615889","9.086031031689918","14.71361977713131","15.581635359673804","14.371894379893238","10.7269401775113","12.572603509881388","19.627858425617646","20.862305013167166","15.755831317638947","12.061220926173437","17.679562719631182","20.021423151265463","14.558824693857911","13.200955280620862","16.676306239083488","14.664508058525062","11.662520436031881","12.56635531791424","14.292533298408637","13.786001420691445","14.117987509893647","14.089748821262171","9.551000337386226","4.154410059796265","8.0370137066652","14.475277446681282","12.986537727411179","11.695183224492308","11.396525387776062","14.880667974660126","15.97511361233487","12.568170593962504","10.721184850355073","12.757002521573638","11.1411621562922","12.306313304239827","15.254266550683669","12.257806555788864","17.50126964722582","21.25749892839778","19.019054250375067","16.10215308404004","17.808448813406386","18.762444152231318","16.81648088467466","11.711642275438377","10.637209962864567","13.591367811071978","9.724475869242328","10.89768673764846","13.244699864563449","16.123624522528125","18.220706609339956","14.787059318332304","14.353833781610392","15.2539345262604","14.833955547812415","15.329095227219655","12.51260275546045","11.774634897023839","15.076307658237813","11.265158430116815","13.96408961044439","13.045349100851727","14.724692444386944","20.472865253158645","15.19182428426235","14.02511922257522","14.054212721343587","10.772940294388613","7.236686296683722","7.058167295659232","7.989568855042504","12.038962497077934","13.887841257714689","10.854381482469805","7.653789781794412","9.935109586343545","11.576844294825657","8.746658498018938","11.552264552852973","12.651071241444079","14.137106315843532","14.122100406684867","15.250635847038664","20.766667132086177","21.379513630176938","21.08714559532148"
"7.02540116980416","6.027044660883559","5.9340434023529545","10.700211237252255","9.87878239117746","8.502406282081699","9.351687081147618","7.348597155409259","6.450045758817192","9.427745520817648","11.806632918508123","9.604948918939794","11.452777240760938","16.071439312008827","13.418613797305122","8.859154726243059","5.673554390508639","3.8845902243743295","7.1063159880622075","14.329003329306172","13.63149399886202","8.092503879827625","7.662006868222894","8.613325895012661","7.7396412353600725","9.532413534703776","8.30509459838507","5.120313244302983","7.05012731092531","11.228392857840445","12.112900453329885","10.33634836615189","12.29327777022445","15.707575105404565","14.462200425057986","10.2629664595674","10.084264263617916","8.336186637999582","5.967595060295203","8.44698021435207","9.849204198280926","13.022688273001334","14.013755785399512","10.458281032388513","7.846198179430848","3.661554496622124","5.695799901055254","11.516006808581102","10.58648980498856","10.36737240149481","10.956875933262632","10.347537558812196","9.459882743857893","6.9081878413286","7.769302677113628","11.124886694048605","10.522911952738319","9.846503792552197","12.194450122076857","11.688187586941996","12.516038448027551","14.041769753627069","13.110270524756961","12.647750318007166","12.909112847372617","15.243762019133175","15.129414113482092","10.459680430327582","12.373744947723072","12.891365553462556","9.60731335124073","9.757898044922186","7.560278550820628","10.98536983161485","14.738581078504172","9.444821218885329","9.737101442936359","13.378405341741225","11.146406986415668","6.856882482870632","5.745529475308859","8.650495642234308","10.635161803771583","5.81419756423806","5.818132232944176","7.98758705384664","9.72703178844118","16.284099162339118","15.340170452900356","9.331988721378442","10.51309656817527","10.332056935191563","4.812986467511574","4.999108485963806","7.606177167086852","10.228421053993776","11.469273185514565","8.959617593756937","5.455237848682031","6.527955376132452","9.981951322372307","9.626279354919282","7.643350872851456","8.578567798006258","12.261215005299311","11.29387476304045","13.393864979995943","13.455911482801834","11.142659213037598","13.93304935975589"
"-0.5435335336221064","-1.5317502239149534","-3.97832807260387","-4.03795074032681","-2.879093803322876","-0.6836005574742262","0.8262315854220472","1.2620005747515222","-0.6245687453069497","-0.9463902284770921","1.2233549339344942","1.1843357836956638","-2.3424509766181902","-2.4798956935642154","1.314795253888506","1.9111829148224262","0.9923962047643411","-1.892920960039151","-5.077548805342404","-4.709998514363563","-2.1715216296407633","-0.12004380369607606","-2.0163041673176094","-4.398330630368294","-2.597171387476241","-2.08169025335078","-2.540063414667048","-2.6758055080150513","-2.0487375411396105","-2.265440848209894","-3.333830157867236","-3.1633381322784038","-2.486849777653713","-2.8221797510701645","-2.03263365462957","-1.1886490838697636","-2.459576663935902","-0.47918417262042085","1.1469606732283206","-0.31880631576057306","-2.35181578462737","-2.912301820105968","-2.434002223275136","-2.0580467903895867","0.34694790552203686","-1.4290643238224192","-4.7161763351213635","-2.8432647914406215","-1.758431538321878","-4.0967304858936275","-3.7248698457126648","-2.0096755469632255","-0.7929980091086858","1.0440913031580505","-2.044016415578134","-4.018216000595505","-2.2174914617957837","-1.028564278280723","-0.274570722827942","0.9276507298610639","0.2943656608664403","-2.5781985868878268","-1.665575929043151","-0.9570219049070023","-0.6359796228064427","-3.3756591677985313","-3.6153402186862302","-0.030475095018774778","-1.7754436521112367","-2.0055664831667745","0.4913370695206288","1.0513408563846798","-0.7923820374469596","-0.9501127478621946","-2.137890501307393","-2.4035728334872535","-2.9344214625322076","-3.8852898062963965","-3.094988472721435","-2.1092532759218487","-2.4351546084257705","-1.5715280998231589","-1.3376974870541967","-2.6302902161334463","-0.9769489011193089","-1.8089090885339791","-1.02083427962431","-1.6115560620410432","-2.685383476629205","-0.31509834275203474","-0.02040857457719328","-1.1725295266642746","-1.430596690772008","1.231350496424822","2.7037311438748577","-0.5179139039010263","-3.925164101350812","0.13581781703297555","2.3997759134197305","-0.19155611194863514","-0.549531640715928","-1.9079199020584006","-1.7836602943462645","-2.9532686511525674","-4.131017142800395","-2.4231987365739958","-3.1371933249188446","-2.6529388260146605","-0.2058818615964229","0.7931600725198484"
"-1.8771239188676128","-1.3759630619157286","-1.9287372652922483","-0.4295847433759827","0.696219732980793","-0.5017850053577537","-0.4959699152096942","0.7628582561592877","-0.22821577950796645","0.44732975011730536","1.867186296907618","2.531700095979038","-2.2467150564774654","-5.72247885487706","-1.4643205919090931","1.0910734747177127","1.4789061368350178","-0.6966883067849742","-2.6947308316918095","-1.0689231619287365","0.07408534658265928","-1.6273984064964697","-1.916892067925161","-0.5909673797837991","0.4260525455365296","0.9086820160299893","-1.4637189625872853","-3.091054961663397","-1.6584654313656833","-0.5156863913834705","0.475043539410959","0.28911051288394446","0.6632436597663599","1.419163079196431","-0.3639873455234523","-1.6930633655334903","1.8197106595917198","3.111689953660962","1.3024604656872794","1.0734035348446715","1.5904844659994817","-0.2914289093186324","-1.996268353029322","-2.431359170681536","-1.2228666436141262","-2.003522671418614","-4.005419086816777","-1.1639720761274495","0.11529536975946204","-2.8748092924794184","-2.1666257584500848","0.4355527638940058","-0.03437838713261982","-0.19417246293092483","-2.5048145481388575","-2.3897053417755614","-1.017098996479693","-0.933763960290532","-0.6169722898591804","-0.608449393947085","-0.3293116636041408","-1.3244035411721387","-1.6241490970632702","0.489921369228118","1.9862866420843261","-0.5014465795671659","-1.030123678146146","-1.4594839050890815","-1.841511275632849","0.04153429208455403","-0.6860941555057409","-0.7925631252466289","-0.6246806344835456","-0.5394316266308777","-0.896757799130876","-1.7130935841029904","-0.9931390933038725","-0.8044757938651008","-0.06347005346258429","1.2880360408863318","-1.4235768984967825","-3.5486493759210895","0.15476589884161013","0.46459739016273","-0.2580453472100997","-0.7142156676626078","-0.6081770456130127","-0.3577914177575437","-1.581481817171117","0.3087716639045849","1.0438391816699644","-1.7627201189831752","-3.2978734917611523","-0.914860116338473","-0.4701122054671096","-3.219831859102014","-4.91779029518811","-0.9054304656551361","1.9132789768695893","-0.059629483050352414","-2.701423386906525","-4.852353658079796","-3.733877433720149","-3.211862841325381","-3.1746683717673756","-1.759106833330554","-1.8262367564565454","1.1138792125011547","3.2115899233138965","1.809582472920003"
"-1.969805606780173","-4.660450902349901","-4.787202244058397","-2.3713232928518333","-1.5474674528987713","-1.1587400330379876","-3.2463075540101123","-3.704706683642367","-3.0370058647303027","-4.4688657385823864","-4.061096002914061","-1.5406696330201435","-5.235287154515554","-5.09825524186009","-1.4609090532950586","-1.6333211289428116","-1.2481750515382732","-3.925938804599296","-6.939148186516474","-6.073076336573671","-3.9399325262612432","-2.753938240443659","-2.7461301626484387","-4.584720622676076","-3.36064883670744","-2.8832098089180924","-5.560600486551955","-4.843831837273909","-3.105096314067897","-2.812324610680597","-4.205018019904501","-4.213044338530595","-2.4333567813807764","-1.9712598474970902","-2.5202275766188666","-3.0280182802907287","-3.8137989549154376","-4.991340552340294","-4.603248287247348","-4.023245109216168","-3.318511907899006","-2.6594703206477743","-2.037720221243678","-2.6921449227659604","-2.9500547941245467","-3.8857138747495426","-6.1797728973315715","-4.904049643818738","-2.6380765358288816","-3.6499282686939347","-2.8135760231939373","-1.9938656697126214","-2.5975506931736447","-1.4084733917402281","-4.464580121670527","-5.42461991087952","-4.027739562187722","-5.053211151741737","-5.017676574725871","-2.8707980036224203","-1.6129428799948866","-2.2133332340498257","-0.898884747000787","-0.8004531949037004","-2.17745682210939","-2.8078692288344715","-5.072030288384068","-6.479455256227334","-4.422642227698603","-1.4548038695770982","-1.636611449810509","-3.6727134475795276","-2.105905488855803","-0.412143190582546","-4.016510808162541","-4.6161601348603405","-2.4898327201426484","-1.8223924067370607","-0.7949103847743116","-3.5365191765621073","-6.719397337910044","-5.154620382640334","-2.2599708598629515","-2.3063494755343474","-3.9992499129548302","-4.364002722228167","-4.200147029381679","-3.3642555654093775","-2.0556911715932498","-0.6283545022453114","0.24476162022034878","-1.3370794500870098","-2.5898293811844657","-0.922890431222547","0.5561977739542576","-1.8938509568178756","-3.5243159354124667","-0.4750343870831719","1.365584105432404","-0.353184771084338","-1.285088625672432","-1.1578384080218271","-2.1918685027303315","-5.479674335895196","-6.798900049586977","-3.777342736080529","-2.2422639225559777","-3.5489020552304216","-3.279591552037471","-2.153167420297857"
"0.34145357163244894","-1.838465504285186","-0.747781000050614","-1.117280841845054","0.7764427437696462","0.8982571330651864","-2.673463721453857","-1.0877308738700384","0.18099424510996934","0.6347994187385069","0.36531052164047767","-0.35637203719527094","-0.4849188636798914","-1.7994720227925938","-1.4709915819083255","-0.8320766113709485","0.4902033493005745","0.7088550212180725","-1.504386720578178","-2.8525199090557685","-3.3387574657647554","-0.3553206016720874","-1.2276324266128005","-3.9692198305106343","-2.0928660853552272","-2.079944121180362","-2.432409869342454","-2.331088532370293","-1.8974090545708473","-0.6077819532934249","-1.0858739978029108","-0.9976517978257436","0.28160758624387094","-1.0683033925797019","-1.2459060688322086","-1.3860012550473568","-2.4141854461415977","-1.566483259499486","-0.6192916257948791","-1.452028628479389","-2.304088597616221","-1.5253206136574256","-1.7845728911375724","-0.8687191193426549","1.226670066132791","-0.04653752038473288","-1.388577430988411","-0.9165675776952731","0.3696882173602958","0.8780178144999943","1.3779896500086573","-1.522649727337176","-4.580451959148583","0.005531316036674969","1.4254508840618367","-1.9946489098426492","-1.1425673598927149","-0.46987350271597683","-1.4345474750550276","-1.1797465419620676","-2.077754486448279","-1.3423106959751012","-2.0261765116592745","-3.9090137346302978","-1.1293169636507974","1.000760193881474","-1.6467798865472807","-3.0805659093062765","-2.883667439212374","-2.4935478894905057","0.5670773605004162","-0.12649674004743058","-0.6402871463020605","-1.4052130597224666","-3.9492385115230575","-1.9745109518664556","-0.6483494766411018","-1.4728253109126037","-1.425551862723278","-0.07891444021302846","-1.90587823892223","-3.4820102399735906","-1.5514383751860532","-0.7167978375109232","-1.2715054074632228","-0.7166395617199385","0.4460798558096863","0.18490588954990753","0.15583802862434828","1.6445221583663727","2.3302454242408523","0.22331966730035063","-0.6283436945213908","0.8619208790829661","1.1084139447549468","-0.7972883084576113","-1.2419415538126086","0.4152104284477688","0.05873174021229076","-0.3766917156079677","1.2082209741288998","3.523145901078893","1.4143931494842648","-1.680839537057256","-2.783491980911934","-2.325587742844208","-2.756143349044129","-2.271622757791586","0.04710139108736383","-0.1648530995816802"
"-0.3547489084463203","-1.0526321063301922","-0.41030492180960493","-1.5924710964082716","-0.02311308099570604","0.512897572822861","-2.974913084155968","-2.0680941824303103","-1.1811522135639727","-0.17411710976499262","1.3899868905714745","1.5849366874470598","-0.7579858417925687","-3.465248713525521","-1.8332133508124258","-1.8983219590834652","-0.7017088948043789","-0.2555018720099209","1.0062929694176952","0.36969638695959683","-2.690608160887615","0.820760946489691","1.4962488133340717","-0.3312901635268918","-0.305707521298247","-0.22281991366470916","1.8875271205092568","-1.5857381002215416","-5.782557388805887","-3.613190329527512","0.18157576203141151","1.1156037731823134","-0.9626236791402691","-1.504918862240162","-0.31897796731112477","-2.1001562417082997","-2.647262629129532","0.8371252039650747","0.6751859439420583","-0.9436677883746709","-1.6388236975931696","-1.862205783093664","-1.888850434371532","-2.242297864626547","-0.06776261994869306","1.5279471097109016","1.035211911622311","-1.734955241883217","-1.7497898813669404","0.1677238449420188","-0.5743057061805122","-2.075997823588706","-3.030523204035703","-0.9804200023678754","2.5718971652037794","1.0830436422239713","0.7818054893492646","2.001245455554022","1.0337081670536739","-1.5594683243255374","-3.8336352149740236","-1.8938376163157804","-2.199643027120461","-2.553383935600855","-2.7173893342609308","-3.487209908058763","-1.3130274092238436","-0.45087648092329835","-0.08995655798789852","1.064962719732634","0.8799073310516221","-1.3904624402081753","-1.8232944493317493","-2.4670325488562166","-2.507984148668082","0.7023325382137467","-0.29631792367771387","-2.7067738030773016","-2.718233804698506","-1.4983039649680816","-0.7420396662022568","-1.3715980407855302","-1.830369151700888","-1.0320372705790504","-1.6837204164667385","-1.048194850740475","-2.5132809873076134","-3.552938454995973","-0.5910112302681081","-0.11459952955023775","-0.8847115154975473","-0.3960526630209849","1.312622399257097","1.0662793537566198","-0.6861294011451397","-2.289543517123337","-1.9129651493515332","-0.10881316014234269","-0.14935023804173492","-0.5843428250945731","-0.28469565969763866","1.8557494544736821","0.9134364029287512","-0.09691418576305598","-0.38710628634881006","-2.2632529860436326","-3.6546603101192843","-2.804793612469867","-0.4658623219236879","-0.22899202827073395"
"0.5867374526950869","1.5744613472648077","3.5859580110146747","2.66809448154079","2.5198744214264512","2.462180487212197","1.6098941200149863","1.4674120402579272","2.0248171257945695","0.48422743167318344","0.6102834215847696","2.044240043954114","2.9183729078444576","4.124360800641023","2.2014979688566534","0.5569963540396021","-0.5240049529280181","0.706017532882965","1.5697938284435409","-0.05431806224347646","0.1372483137138159","1.836017562280448","2.6887007209622613","1.792747805232274","0.6063322820648772","0.5179084244080714","2.047551407226725","0.44972449649653895","-1.2381747857898022","0.3894912267852673","1.0865704497629316","1.1945815175519336","2.010168799809074","1.4915451657092853","0.8115480974391314","0.6369651179168553","-0.5928052261636412","1.7116371835955186","3.101914623051955","2.144544352363786","1.1663913420313798","0.9046540539478473","-0.007810602699194147","-0.12211801156614314","0.3400110575448405","0.5298333729508057","1.3856552916881444","0.04321927830584922","0.9536883865238068","4.985571790969206","5.089359448299665","0.7154578782141879","-0.5770167097066313","1.4919572255606912","2.2598016867265547","1.1660496405136065","1.7563987474654719","2.854134038944105","1.5553627244142745","0.3524829133599563","1.0210583577286212","2.524459229487148","1.754243703871955","0.8303083759317732","1.3534560097237704","2.984891136724214","3.443817232606799","0.3404905845166571","-0.3921970626874925","1.171557465526466","1.733153790944553","1.0534185968518819","1.100083991157131","0.37299811855347825","0.8595635128248954","2.9298323259178094","2.0124159386814777","1.453953044458837","1.3938423877204766","-0.2664039754136449","0.12246071417737533","1.8479095083560795","0.47252433624267587","1.0282073942741305","1.1126064130281728","-0.05726267158102948","0.0762048221924576","1.2379632824891293","3.0225338212942074","2.3452225356368777","0.6608482938909837","0.8080391381155217","2.268540744677867","1.486806347206506","0.5192816798165549","0.9171949892388036","0.9655373563970321","0.20653481463261336","0.24621564434483606","1.533821310175186","2.132491101483034","2.8278657112869614","2.09117832954976","1.443362018592959","1.4451989892697177","1.3571502570779155","1.9526078323628797","2.33412364866037","1.6150914781751393","0.3871646090002404"
"0.16552993093209273","0.6679377439287643","0.15471626359647847","-1.014504741741173","0.032961537264372454","0.4305471086267529","0.7334831401683727","1.0159831682161067","1.720993375763879","1.90974576018945","0.6539482254570714","0.6473320624728595","2.0516913324210164","1.7250681175650278","0.19586729626669647","0.39494483532026337","1.1629789272787403","0.6394776521746084","0.028099234719448248","-0.005073000127660219","0.8134021769450338","0.5615498365713807","-1.73587784258009","-1.3581986765263048","0.3781333397151123","0.7493906856072852","0.8924659277109046","0.4594852330737178","-0.16202648541442635","0.5378443993707093","2.522536224409528","1.8098227832187417","0.028499653432589672","-0.29812542543792975","0.368457572223962","-0.15020282436185334","0.5321496857742399","2.0895555509545973","0.869385880196199","0.9785704445009716","1.675669858054802","0.757902500213372","-0.41988315299232765","-0.514925866880064","-0.3093823755066824","-1.4936401152977865","-1.7142283973275525","1.0620940872469997","1.6782380397560264","0.996725393572099","1.2648361628101064","0.046420126156255355","-0.31901115639281286","-0.35007427546404374","-1.8260837911586274","-1.8201676692700142","-1.8862908685841193","-0.9825857522370387","1.0528221939157083","0.8638000716780364","0.9113016011513535","1.9803607845199815","1.7180688077376625","0.5607786650942842","0.9981357549869108","1.0307812461708556","1.2796850545375327","1.2554291332424707","-0.42508805938716904","-1.5622633157612542","-1.0709146871213486","0.5478429331095943","-0.43918076940305467","-2.3644104883136667","-0.6076466968170577","1.6004697128106986","0.6558125335314853","0.21246190289392566","0.4959630622513947","0.6166382542254197","2.1703924390994693","1.4107632287542335","0.836543750932469","1.577923157274126","0.9413068217046834","-0.24283818040699287","-0.16243239980815255","-0.8953589608370975","-0.7919929120346318","0.7917019523043374","1.283203832190229","1.612807787711027","0.7966778073364735","0.5180678642296822","0.8541487478039268","0.2295032236390906","-1.0637506644850137","-1.024120023561014","-0.05131843267384545","0.7703436198819372","1.9111783437077292","1.6812290347911152","-0.013384587923535932","-1.1343307106232103","-0.6088092225069031","0.028565856072469167","-1.6931661731179661","-1.2530869494472592","0.2754135215917619","-0.06960403886127843"
"-0.3538263516933137","-0.10287949560036969","-0.4750553957445492","-1.7116481366161145","-1.307236233233844","-0.1807376340656213","0.3699394892519322","-0.2974802172777123","0.1704918305565422","0.2177726503676613","-1.3553487823730643","-1.354863511195047","-0.03929153921790874","0.2620276963009306","0.08690788210058374","-0.38336690628928743","0.06431056504481444","0.0024943059774976194","-0.06950816353057744","1.1148435037867928","0.4844955843569712","-1.228219906776066","-2.5847340012736515","-1.7768957896026816","-0.8740784077619922","-0.4312755077219039","-0.04222742801326123","-0.22644743390696742","-0.477931577139831","0.09782648279479758","0.9398344825688371","0.6489713796772432","-0.41512280985284106","-0.39696119959120885","1.0322072763826828","1.3390598357975725","0.9766760956793574","0.5400447798646435","-0.3087250789314602","-0.35995476515191027","-0.2531038723528391","-0.7542535246168082","-1.3487940704622796","-0.921389577568294","0.5427313870486227","-0.5127099932217339","-0.40630605401187864","0.6684640531841639","-0.1418913324905028","-0.6961118526593367","-1.4331664577518086","0.014915764354625834","0.6380726276328785","-1.0463557706272872","-0.8520961296094982","-1.0544880622947568","-2.050100427147906","0.6752643170296571","2.049543236569196","-0.460005060015411","-0.0870330288642279","0.8280871352982396","0.38843202299513857","-0.23039836963762553","-0.3340570521432082","-0.2842983416716755","0.42946298159705976","0.9775285412622219","-0.7370359910797566","-1.390226786945461","-0.5137390497222768","0.19023994094330324","-0.30646437382644887","-1.5305448062226328","-0.5659136457764616","0.8708590502900561","0.4909307259187372","-0.44195885390892087","-0.5091709900639304","-0.33747714777603477","0.5700652299131658","0.2346869409647721","-1.3374931008753248","-1.0650450716257565","-0.44695871387609104","-0.8353087854662631","-1.5442860851514644","-1.0963474837491507","-1.0882370893574864","-1.5472326188209384","-0.6175201963267934","0.6961118264752174","0.7601230898976908","0.4370859344607292","0.48060941144391917","0.34577205054194093","0.11787045834849504","-0.10882699977729027","-0.2947124046344579","-0.15930751496637574","-0.14149505867918655","0.18312585254244138","-0.020557090849688445","-0.36614739561763665","0.09296813913471606","-0.03728188139579169","-0.18516354105985908","-0.3736703138008259","-0.6884637471503826","-0.6022504916061364"
"0.8144517919103751","1.4154626548946987","1.231844082532342","1.0447054977662042","0.4737486876398115","0.6351236727123364","1.1012164691637394","1.0427308662421129","1.3635028990682967","1.824727312783581","2.369725712967295","1.053635323699644","1.544287205464156","3.0611181281970348","2.532415894380615","1.308579345440153","0.2619089123101657","-0.03292265083410022","-0.009440193821878513","1.1196211947032004","1.3599733818295352","0.10971421587977183","0.43616635904233303","1.1732530479589924","0.5596583538006831","1.1662503804410798","1.1850221377888142","2.4501286429435885","3.5976242633880333","2.3196737869369555","1.61830353009763","1.2927969913561244","1.458316109749204","1.4453751043495593","1.8368693270113596","1.7186504192202068","2.0302741898986665","2.2764603060188757","1.674868789496191","1.3089469469823771","0.8630744776594113","1.8395580288192812","3.628090235545888","3.432603048288897","1.774684914409168","-0.6638774617436252","-1.0735131550090444","1.0407160517344018","2.2032778013582472","1.9155765671116258","1.1901132152539773","2.057960670429934","2.046683694394368","1.2633139245235454","0.6284159735281869","0.13107559384177978","0.25990024927768063","1.3507904144740388","1.7847410231719878","1.136482971755063","2.4389991531039286","2.550674934880421","0.30178824037184965","-0.7121158650783644","1.3980837053573465","2.6735676131023878","2.315136871489","2.0693705948884578","1.163379283291639","0.7912822670309742","0.8074826149727218","1.6799114009232925","1.8088896985433842","0.9818157265158098","1.8138993591849168","1.4742223088468898","1.1511795656518204","1.9907545052122677","2.1605915850798074","1.8354078639139735","1.3325131666769445","1.0039374242145729","0.9962213430740166","0.5642997662557153","1.248803878720386","2.201882534013582","2.6277341428735266","3.0229576228114237","1.8869167880110036","1.0985190017090827","0.7853599845189981","0.44876023261531583","0.43451669184632236","0.29624340149152334","0.6655949910535712","0.5808079147233507","0.8025322191671242","0.7305328398690314","-0.2310053676333241","0.5677931096889156","1.94535830761799","0.8732245768390744","0.04614808004208738","1.4011137901713158","1.4806203405349654","0.593353466151339","1.9623724323454024","3.289758998982021","2.4648583081435436","2.08809880561177"
"72.32926453519738","77.89379679019666","60.32952558829375","60.825477172921445","69.25981186237969","72.57796025483734","59.381632634864424","64.19653457035825","74.0989317092739","62.343674030995224","56.40032968113814","75.61375190143467","74.85077729766051","56.07880422207646","75.17808404179216","67.47571005687108","58.202927460139634","85.53538287453482","60.70962902689012","47.06027064896998","65.14835485755107","78.64404150046038","71.1600802872399","47.612780637497856","64.4357922228953","70.27929568355026","79.84544791336647","79.8385557252204","59.31946988411543","48.65133031248129","67.27341659455277","72.75771695775573","61.492584293622144","61.34455224043337","69.59106435144707","78.64407943942672","57.746642491403705","59.02017888255744","67.98269225616468","66.89411206238292","68.20868824306403","71.17743725666462","69.75523279835288","71.28380626771363","69.74314659408032","88.17321309019124","57.75177914119497","55.06150346354371","60.43565352053136","65.85986017098708","66.10997003482068","66.57473845320575","78.9019643206262","74.4048298901514","71.26074377413435","56.169441657256684","74.57350068880939","78.40157786997621","66.94271032010732","68.64126864779048","61.95440323612945","49.23016642421364","62.590617965167795","68.53235649595533","53.615201397263576","52.4734820493436","58.201167160936684","63.02038586378868","63.7043885078012","71.97337959951868","78.16403927343812","70.46483312284968","76.8640137958332","81.30935412492272","75.95664368824127","80.41756867124117","79.82190554931535","61.10018260615865","65.3325464566322","63.56823642385518","75.02780324974015","81.90422161687047","66.92239802845263","72.17436710071505","75.08387988463656","73.32559045299898","65.19308446021537","44.57823029178209","60.898503432897186","76.45196526157659","70.80132089902347","71.3721469640601","83.55123918425049","77.65894358888195","54.50596087855329","77.47964071152144","62.67491687991032","77.25094375598063","46.203584071913795","57.780870026264104","64.65121138228305","76.7896708376317","86.02933326126166","80.40947463014844","51.931597738796874","67.62091084888428","71.16614463594274","58.29382088410582","48.95134605915247","38.60724582336977"
"34.40781138730949","32.249682140339345","24.83321330962405","27.566805972157574","26.912635366751463","22.009370767609273","24.7956502456512","29.279491027021344","26.801109243145152","28.26070510380013","29.5661037676202","30.394133802698263","28.208401019234124","22.097284795927102","32.45062879507328","35.51653912534063","32.91055957764321","32.31345864224608","17.998971635794113","23.13300532658681","29.407506966644725","26.9403137448952","21.943503176332957","30.784283745593836","36.23042145624146","33.64319868672607","32.7511202183858","32.91435986183687","27.888686839043384","32.320739635777194","32.39659212463994","29.944073315387556","27.81061060375338","27.703084549413436","29.1120958958904","26.915642606661827","29.688175612933883","31.705332168292394","28.897352454652022","30.633304849201377","35.499061871063645","34.74533872593964","33.25893413828228","34.087266011023246","26.63635399999827","27.613657849902264","21.746051618720763","26.8632284712419","27.933375781304107","22.495914094440945","25.32110071293626","30.659710350162985","38.44273829595248","33.65986413198921","24.79168148131806","21.517973712109125","25.789896681758567","28.16516025700094","29.08787941266261","31.22020965426755","32.31832062861884","31.248101630803102","36.39453210001466","34.921867654843886","26.066189066003513","24.48297766816311","29.356526180187227","31.68481595373569","31.37403307375941","33.31759934506926","28.808320383408283","25.321990713620988","28.087030759903293","27.57829243835605","32.01368854604512","32.44315055700615","29.85486854725214","29.38547477663822","33.4551214043752","35.5944624011056","33.349277292233246","30.671621193917545","33.32412372165063","35.96964048069228","34.401706797908936","32.23282483803914","31.025941319987417","25.216784808637865","22.106512342381905","28.523757496516694","23.713375277475524","25.511256179536897","30.129425968961073","30.56323322517322","24.399337155277248","28.165128683072446","25.29205950938946","31.481114625373543","25.04927364167984","32.52538184832593","33.04486502545967","29.919021848476017","30.891587750638624","31.497862768183506","24.361667615561508","27.20498601332753","31.781285271695797","30.022728795957768","31.61039464434432","32.633384036546985"
"10.688643041344406","12.443322386871564","14.250411498554046","14.242585420592022","13.583040885132327","12.078840360767117","13.416900980622627","14.478046038714059","11.413739387550594","12.985165523373215","14.347750824232318","12.613147471096953","10.664040301835872","9.185614861317488","10.83154533365789","12.830610019165166","13.07060408158735","10.782993734492184","11.552395959620945","13.339795072413034","13.713428250996095","9.816420082691874","13.415912319140968","15.176865874917219","14.374422178068315","14.582996751782042","13.349501645601345","13.744768381969811","12.649096954366353","12.829557295477064","14.598174669468778","13.42152273440188","15.03277186276784","13.404561054147244","11.160286821443147","10.935831448089997","11.848222319701502","12.15073346460814","13.294450247202672","12.855038486899076","10.931248130039497","10.965358205474812","13.074551493810048","14.294620038778353","13.052111179507937","11.450043723012904","14.489628703517306","13.047446337785724","11.235170458373966","11.375823800230416","13.330768329747748","13.803284600200262","12.389364880103965","14.476915659014768","13.628292184308986","13.475143660102724","13.14234665521001","11.675978505896628","11.553262828380849","11.111693123225352","12.014449793618041","12.122052679896894","13.588305278550575","13.1948650221398","12.426048109444311","13.147986481471348","12.072687054629617","14.451504847546799","15.290523166556751","12.803980240376358","11.175473751013804","9.66467320906614","10.483857618534735","13.484942958418781","12.617618185368059","12.019259848108694","13.280353543713003","13.499584207594449","12.529229683692705","14.313636872672802","13.741332016019504","10.062760616198009","12.304870300609924","13.61620528676177","14.405993285072663","16.407723935944194","16.037048550883704","11.79230601921977","12.19679754807368","13.532583961208658","12.423086736086807","10.348031038441192","9.48810014708739","10.045421079028076","9.75374916435451","10.626272833444316","12.68120976887652","11.756746563340313","9.86882569790218","11.660324774872175","11.952436528682092","12.574664411390215","12.994536582125681","13.141360981624503","12.690098906236416","12.101486170222834","14.055281726535053","12.862523498756328","11.287790467829128","10.219389354705585"
"8.184747604949488","11.182107655450919","12.716695108608087","12.547894433611672","10.63916938028404","7.883471054075598","8.835576300694727","10.006399523829206","8.35335618795607","7.892739409237189","8.219363058496102","8.1917110745163","8.183858615808553","9.030418112889778","11.43747599570035","10.060963797085563","7.389355828443157","7.112437545451857","9.107045240531932","10.450450564293309","10.236143893998603","7.036774269188203","9.178427785726681","9.684210753408145","9.111536501313843","9.746466074529705","8.31510358765335","6.7426551733656135","8.96000451602327","11.18370474070482","10.304500149441141","9.926969581948171","11.031854030634278","11.250509899201857","10.888821134744745","8.339432585083072","8.369509889095319","8.096109196344965","6.198071674007885","7.986155445374141","9.935342087256206","12.102692651764544","11.617886047412162","11.754246917858241","10.289007028753348","6.672001006844172","9.283066714920558","9.70567586704627","9.492088911425919","10.973126250023508","11.411796975856527","10.653638898264086","9.842240353979536","7.780492713502909","7.556027538810055","9.123696134447174","9.082030707750961","7.583204774450671","9.02806307878637","11.6935953957983","11.13934651995602","9.485241370768748","9.935216576345248","9.417382070789936","8.280744537491104","10.393075262724826","10.487693541617135","8.188208207337837","9.706956427173434","11.158198565926682","9.88677949516877","8.981749042462507","9.228039830047749","11.652083641263976","10.410765465207573","7.939565231015594","8.975675908755719","10.526362485089338","11.056414971956437","9.535253716387084","7.113796962757209","7.65056344515543","9.307599046828205","10.953656096632118","11.17258903812539","10.366134549075442","11.206050841936918","10.577825354095152","11.239308397042423","10.524666118878883","9.718354251609428","10.86954682385479","8.431114082212138","7.556927645813214","8.781850991335187","9.751605417185113","10.059292309538273","8.287630501923081","6.79201910322289","9.500187122251539","10.076651414596151","8.220686734598642","6.615260639194462","7.219645419500254","9.021842392248923","9.861369445077262","12.549049040331516","13.092864778757265","10.771554810006586","9.851931645255325"
"5.9302510936046025","7.945206420144518","8.417435155375616","7.847640273428873","7.832678730298305","7.291685945064616","5.662830021547462","6.286880135348537","7.57022577357464","7.463414769086004","7.379343166512148","7.84791137813066","8.566334211599685","8.27923959403141","6.271095253592902","5.9708630849104685","5.580824294661972","5.736692637503868","5.9744122486036515","6.986736324947176","6.9732899147043135","7.08644189835972","7.688095395467918","5.931767792411349","6.989301722586985","7.112757383191211","6.035039339525346","6.4222286211887765","6.709835596657665","5.719989484317849","5.602305950997976","6.598084155207737","7.288432348541741","7.29722760295511","6.779362686651995","6.024222627600787","6.184460413611444","7.065458610073606","8.09848173741308","8.086802690052725","7.241025073945758","6.940030429855799","6.853020815875844","6.886328946506063","6.1532785780072325","7.08928658688011","6.99916053038342","6.8032130008907075","6.954578855599862","8.60450500288493","8.819388141307604","7.432593380684804","5.866661269820809","6.359490244169292","7.621403325439616","6.1374187043555555","7.104020129707123","7.27970863417299","7.103790353209331","6.5344008335019375","5.974881073353891","7.376729637874114","7.535031036807047","6.028888698767845","6.826073591427523","8.527127611457512","7.849623967313699","5.7287818782530575","5.199838756103733","6.308370102911665","7.74784916546266","7.0377820072281665","6.44784784921243","7.074043936305047","7.586355084815353","8.20403062770544","7.951795869689342","8.323081568667579","8.357949144907499","7.085295598324458","6.377280205358272","5.237410769916133","5.537240485729187","7.082005607461716","7.36339751199755","6.277439110724014","6.737193013270906","7.540744414755857","6.988849093615423","7.176483658385549","7.083033272339348","6.464440692261056","5.854404782178752","5.246175456388948","4.369205708840087","7.473594672704138","8.571693322754633","8.05590741617726","4.984590625851118","6.103249003153629","8.125812888626797","8.15427363632391","6.2770640560698086","5.616902318345881","6.451690862297899","6.718514182801498","7.2435766432220055","7.987400304336615","7.232473675972186","6.500287462057572"
"4.7190477095182946","6.542154797260556","6.999017613289759","7.259238227245615","6.920307132815347","5.614636047944913","4.648423025640308","5.439764709958787","6.8370046679698095","7.30853231751232","6.278385334519161","5.797716711905024","8.630484779999362","6.411347818236552","5.233420275728149","4.716966609281775","4.95730377929541","5.582818544708763","6.566534371565992","7.500915476453114","5.827620852511946","5.79498715235457","6.743637712736295","6.999451724648333","6.7858266124302045","6.646148584900316","7.510904183213882","5.6841644793889685","4.956033037384042","6.6508143456768325","6.892696535346121","6.5828820699349615","7.207788817888233","6.782561342252047","6.544179610227948","6.039089108882334","6.6360007615254775","7.248062213750052","6.871904856778401","6.097995699372877","5.546621929893891","5.501232380521928","4.949216783015533","4.9264926358654355","5.308432659080551","5.9227423083114665","7.539456040565562","7.572065953370631","5.575980470850598","6.351621687807583","6.781683279630969","5.27634111286405","3.2163109880871086","4.650505710328795","7.708872157865424","7.5910960093951605","6.787114688178088","7.802048969050767","7.106089500262923","5.7544972788095565","6.7416890282528374","7.643724806276749","6.051103387294536","5.426645814756584","7.123241780736269","8.414939445247994","6.808373968795975","5.5684062552745495","7.088131293851067","7.513979595201984","6.327270559563631","5.613992681104326","5.6812953865668865","5.6058542585944435","6.282904637252995","6.263157997139052","7.112824981680549","6.982591525690941","5.344040999295051","5.806363423918082","6.499083858420743","5.60287909693924","7.22138479704248","7.351062597803466","6.03091083402283","5.951239150098233","5.925134632798888","5.928190103600947","5.703240559903002","5.132752404647133","5.369998234744615","6.503394764535168","6.64038360519788","5.363994916195284","4.08515559059776","6.888886803967381","9.094284555380932","8.463068078067574","3.483834353363356","5.924144613662624","8.14063020245201","7.2805934628336955","5.642379105589026","6.698436943464566","7.132487121479553","5.5887834273294565","5.866421728190026","7.451569591690011","7.3741567230563145","7.55051075080592"
"4.401114731667144","6.253630613943211","7.530108416336417","7.314262680151541","7.458061900047503","6.789202646424018","5.755138193485699","5.669127069907325","6.154322356577867","6.412999335180139","6.342978520679498","5.443803104865908","5.804805917644963","7.277389014449371","6.393751649853764","4.887408900374085","4.475410321229128","7.20536774307097","7.047729579929401","5.662156794772338","5.124673613629506","6.1310155598148866","7.282427474565385","6.552036646641671","5.902882045817143","6.033583057609493","6.189378898863656","6.055128174629176","5.6333185277746365","5.870232420474678","6.944779847874241","7.626692351655731","7.165599686281898","5.850887262780107","5.469138350800252","5.752286895155731","6.075725742433516","6.341727711587036","6.480077800834467","6.603616499172173","5.601691543692372","5.920185507271496","6.668211259471056","5.480458129803083","5.437167482707672","6.167401009761314","6.673256048899679","6.892156471987771","6.822884674799467","7.024915944013996","6.256510205756933","5.403671157815467","4.128607891126409","5.380996387614161","7.172585907107722","6.347162729104016","6.336844832574871","6.678384882027679","6.414794389359936","6.010961918673914","6.612229282765323","6.871358076502254","5.241774843564833","5.262527877555073","6.472038078216573","6.102418540109746","5.975197597517367","6.252894245665297","6.728490021823912","7.169029146955268","6.746572437165703","6.159112696737085","6.694285049247219","4.951602798375717","6.129438844432663","6.92615490054374","7.060261405629999","6.748136373051493","5.452078138377585","6.47402729767398","6.179483831297651","6.593270766060307","6.679715388277158","6.744098421053879","6.125348158093974","5.968313926568624","6.113023058646641","5.938873611324754","6.632873047511361","6.4750053122344875","4.919819836399237","5.489326727422793","6.283544325405248","5.18685649744762","3.2728904265697305","5.729883865620934","6.298168736214806","5.396257081957097","3.1690576277344094","4.29988902115698","5.180747550966528","5.400168201105736","5.050626639806028","6.161883268555807","7.0073263626821785","6.825189694204885","5.882294283945456","6.299606911952544","6.359153585392532","6.105212499839375"
"4.596595403304866","4.728383763912437","6.161522845119999","6.489039649789787","6.501990553775285","6.826671408801131","6.389752501808309","6.162147504880895","6.195618509741078","6.564926541720368","6.474912034296757","5.806918224466235","4.9778501146299385","4.895457520437374","4.3227885827034145","4.485401545785302","4.572728693737053","4.588128800190929","5.558507992995995","5.6608376194386505","5.979433362834228","6.03604206033704","7.094774463406","6.280404078110602","5.061466334049829","5.387540853121088","4.866640494345223","3.9499911250672217","4.6802495434022156","5.484617366762871","5.541712648943306","5.765490940626694","5.986582193945689","6.812474884846011","6.14870456128346","4.864396020032009","5.52311998152907","6.073920798620591","6.156694429518567","6.151829725793599","5.873591007317997","5.154085147983461","4.400150386020143","4.441428402053669","3.4589784014868674","5.843327851865018","6.287480683206246","5.520032637940542","5.869304467065038","5.342810076011817","5.539983585179587","6.626284602790721","4.700694064974019","6.215435131614931","6.609344534225541","6.960421255858248","6.3643636441123785","5.391218588604564","4.747786857330563","4.856391681144387","5.027857583960674","5.358194666976127","5.496531596817479","4.860736206778382","6.076930435206769","5.548816820431623","6.086452761373559","6.92125745130299","6.709475660023867","6.01951071461084","6.212948311597745","5.947057667080431","5.257867676161823","5.2549797225550625","5.390497722093364","5.857762873138181","5.136789029325088","4.7557649858694555","4.461752090523228","5.401748671272922","6.023515242419833","5.2843384084809895","6.2856024967784565","6.281021732811065","5.181851357935917","4.9518366913442415","5.048991088468227","5.718107831836116","5.932029774585509","4.933903244700999","5.561262030317708","6.459665165478555","4.485038962800036","3.5184240653086847","3.85451414580952","6.278705900804532","6.978332810402346","4.354830729700603","2.7937631047934315","4.617639554869749","5.959028158133263","5.301032563183896","5.350408481601258","4.515705768147529","4.726307704642731","6.104491381932014","6.494819897909111","5.770536973282974","5.7189921492976366","6.112511234306862"
"4.338232994617841","6.146468807366528","7.460411002177636","7.893673365290039","7.062451702710688","5.591250097285127","5.982143466639134","6.25967821897568","6.485782777063598","7.729243462516755","8.102491617077137","7.480302586214426","7.721018353363049","7.108050508643808","6.393033404655605","5.591833033088121","4.470995493485653","5.365009580834675","6.521025614562627","6.527141171792076","6.634849742479334","6.9035361431157005","6.958609134219969","6.889289557555338","6.197333466731962","6.805086878730513","6.637775129184114","7.082458969919649","5.306121438588475","6.858674901717807","6.994264131880711","6.2782320629420445","6.822727613751055","7.081001441985472","6.796278561795637","7.3791466496035","6.8786278809737444","5.683343635974641","5.988983733197891","6.130021617679626","5.130604623151255","5.639502000146531","6.677001882342903","6.882830833022694","6.077008322019412","5.5923907750026425","6.602451999258201","6.734973288241494","6.075851200153204","6.561428794936277","7.035221129106781","5.690383369474724","4.670951465930088","4.82499162119328","6.399471345975845","7.890851274999684","7.663949485854459","6.738033273516306","5.9776607169252705","6.8441867681212925","6.201389764778863","5.952326968717594","4.963275538028197","5.6352876222408845","6.6923981473476815","7.075186465032042","7.381277754600819","6.499074356116238","7.287976594484885","6.8180411687114395","6.888005434576204","7.580714196637977","6.097091284176549","5.8058397122203536","5.9887768264603","5.182504600114858","5.536381653328371","6.4070551980478525","6.675215649039357","6.003545840827049","5.046206343551982","5.230342557260005","6.247804514990907","6.128292272258383","6.146777795911858","7.288730521750606","7.547030985786964","7.8943965617576","7.870857210075687","5.756761624817149","5.068515485075232","5.289649372142187","4.583843918472448","3.2742082632992835","3.361244863004247","6.140070381393687","7.485590667785006","5.283339211510047","2.3734214782271263","4.5396116943885625","6.091632119045534","6.503262211118538","6.327474399858239","6.258556089752651","7.098411890672619","6.2660176593697345","6.176895254430806","6.32567400397255","5.3363636040313995","5.222859521593296"
"2.743440884883663","5.431669916692392","5.64832233389752","4.775313451162645","4.593341210735547","4.192721502060359","4.571211605972918","4.949984200384381","4.354896961291128","5.490986347497098","5.927821303899758","4.265572233474172","4.605577536001833","4.664197090370371","3.791817194625684","3.2230618251382146","3.5290014061252246","4.346703928322708","4.797531819611879","4.373620502304854","3.8246027089276327","3.7224866504086114","3.999582125139458","4.7474647488125035","4.306071242100234","4.619051369924822","5.634280733000543","5.890354999531084","4.772046164841026","4.391111132305081","5.483600714843049","5.672352537422511","4.713808432724369","4.593750391367631","4.190738545505354","4.792079555472633","4.88930047324174","5.158105296910341","4.697143224628195","4.157607245906112","3.67138778166611","3.587390197793021","4.924364912486016","5.384865333109537","4.301019855422656","3.70747438184719","4.120529104507998","4.825994298887723","5.4986996586714465","5.484060297259852","4.594023387315512","5.758384197011403","5.2961585152839055","4.199835837969581","4.262461577235437","4.170939721488923","4.278821329903634","4.162400680064417","5.387697060021245","5.008426476918509","4.357291512583004","4.7264471251574705","4.225041267760097","3.3498148143344704","4.192695875409237","4.9214800469243665","4.944865864043964","4.661798019985242","4.5849383915836395","5.015960581162132","4.472953117639584","4.222003365479681","4.390678422462515","4.103872386053237","4.9075112606324485","4.729879352988461","4.191059368965557","4.4417948337261075","4.460733329709974","4.756390888320283","4.788972606971118","4.074829946968241","4.490325926519147","5.388259855561467","5.11850498787554","3.952946779195711","3.8994946960816863","4.586914353858279","4.890725666414979","4.393744617872034","3.795161501442335","4.143011858365089","3.508579810027892","2.8947939508554197","2.975264749936031","3.735954850200291","3.818260985529433","3.1582143849911404","2.666213556960987","4.090988602829596","4.344570283655497","3.917444690276133","4.052529764852386","5.391227529569246","5.5593946722278975","4.7402647619657","4.794727547023125","4.938550653517709","4.847688902205572","3.775604891493675"
"3.346389723520387","3.9715490460626586","5.009695236264725","4.719483873665085","4.832299885531276","4.645388463274221","4.2237125731356535","4.348728463377743","4.181321849386071","3.8388909175960304","4.948055354378723","4.780134420035671","4.404284839761421","4.9984569472036675","4.212254804985487","4.281962626744746","3.8504156690211233","3.9373255654745933","4.633864475082676","4.634754452388264","4.67133881093806","4.260718958324402","4.217406430759131","4.395456982252257","4.726132275653229","5.0411001770996915","3.8917393093967005","3.4963090541058173","4.035880995922713","4.419843767297961","4.410409713911147","4.929038237467363","5.30311867010498","5.272635822919699","4.3286003054235564","4.75496892266675","5.269397262872313","4.671067466883985","4.881731763491649","4.355194274054738","3.5255792326973463","3.5427136475288337","3.6399699384074604","3.5083489775719596","3.405690512651458","4.803873932221753","5.0350586462981965","4.744452910856069","4.833611211338636","4.742881678097966","4.411525212841129","4.131936427530978","3.7069059282945633","4.36356514217786","4.709994495785388","3.9122867934020853","4.27584433519565","5.13010650397639","4.691188296115481","3.516336061826665","3.7849827662483","5.163685773100909","4.216788880842903","3.213449633208118","3.760445151617506","4.343821255356071","5.191960360701788","4.703736564393891","4.187118439039378","4.641908763737711","4.471975737389646","3.990076773097405","4.973276653034473","4.324829289726006","4.097952627466413","3.5041277366225465","4.9394163865716365","5.39107326496277","4.168118852751","4.12268560593472","4.410581285819864","4.2455520433154055","4.382997165425168","4.249031774159117","3.756603608984195","4.739499611410515","5.163559404929162","5.415783173700948","5.0371839325824075","3.9389408134463992","4.514092115777045","4.3404241355295285","2.9355527721052015","1.9089099189687866","2.3197214180738888","3.222177741238201","4.915234138877584","4.365793606351795","2.335232287384306","2.995350917860069","4.053850464217786","4.538444215767025","3.761644454510809","5.016672109998641","5.61095072329992","4.671875863329211","5.161856289910182","5.070084375890821","4.188160069969846","4.091501268041814"
"2.743996904735755","4.4242297984016465","5.159902834151962","4.840946478014993","5.424182482662076","5.09512814176632","4.350251852006164","4.607201288711015","4.7678307311379085","4.089355628122012","4.220308190882267","4.881922891262528","4.672997420484015","4.496351318855616","3.7260741964170445","3.367404683950513","3.4898524798589534","3.5438256066549956","4.627117406571661","4.501629779332428","4.218963024000886","4.665779401759224","4.771362232142664","4.755430740682907","4.204106966714064","4.19960434716252","3.6842480645706126","3.5500544256029043","4.457115282847999","4.786288812359887","4.281655143147682","4.824803196569733","5.45005276832843","4.544227952098309","3.4382076239367008","4.143050243878386","4.351401392523442","4.317316360089108","4.85863372914914","4.3501091107407275","3.467292402370882","3.9187032200791556","4.012521244572173","3.990919118730136","3.492465061059879","3.955251592402633","5.463174883854884","5.080155535259061","4.497869976879637","5.020893568178712","5.3613202311386665","4.935500742627572","3.3880460915124875","4.289524611672141","4.735341993540616","4.364145007798608","4.656090726730415","5.049906422280448","3.8272645368059908","4.024473642279137","4.366441039751129","4.530725788341144","3.8108418521990344","3.432638024091172","4.23753570063393","5.104692658596697","5.243029875364973","4.285061855519476","5.402184541533673","5.424302818112123","4.505416356404389","4.12014656610154","4.206235701197649","4.156820589638891","4.358663706948517","3.8543206989839045","4.188045083181833","4.961669246466898","4.373312369943425","3.630286031617399","3.826861261898018","4.131197554520067","4.788305683654945","5.469785040151287","4.894984350625393","4.239638787454537","4.099690315676513","4.131300254790418","4.541115294007054","4.727595119044826","4.241951849169695","3.1884884343197752","2.1986411418421006","1.7270386474590853","2.149692433034589","3.16645369641928","4.316418171401865","3.5936454580577086","2.043555273887293","3.0057997785301067","4.460586489935755","4.3031059961093785","3.0559594775873724","4.494687092840329","4.630684091438746","3.7214939548756467","3.7484656633091067","3.7799867915707708","4.058963483352225","4.073736144343551"
"2.750043778254788","3.433123579860742","4.012597605454768","3.776762596175942","3.9557916757527583","3.851194614355113","3.7999000615065293","4.094741309051421","3.8179517136688106","3.7194135982781513","4.05170584722922","4.418341901668605","4.519760341222294","4.691696317663478","4.4558972810305395","4.081685169026481","3.5666170420018144","3.5205489891486286","3.9535372803485993","3.622908593100593","3.1966139570952388","3.356142789333935","4.004488993875585","4.146174164020576","3.636508391411622","3.913499446399343","3.641104638463455","4.278230453521377","4.219131735107521","3.9256422342310593","4.199526189052553","4.017499686520786","4.1065655714245946","4.127751963689207","3.646636850461986","3.489202468316147","3.688984880922759","3.526091674167243","3.8174953743998015","3.9870056939649987","3.4429218469912706","3.4007279642363386","3.948171552188712","4.330834588516356","3.3596537409835365","3.5708081348346736","4.152814092511734","4.238982470701084","4.1349067773415555","4.85463410228097","4.896427442252402","4.005040888890174","3.1933392835148213","3.081020330525458","3.408857453798679","3.1885344787371404","3.5440151544883443","3.6052466899300684","3.3062189659872816","3.9705784956814187","4.138444336371521","3.6721680865475426","3.57591600643246","3.951135070107569","4.494944387734591","4.1533461779315966","4.436535581782372","4.557026318982079","4.794535915065672","3.7839730441403336","2.7993762446051513","3.5695155445680666","3.674070013215836","3.1907622662904025","3.4781991310980622","3.19428895557036","3.1636604050901607","3.9264259163799693","3.787012530377129","3.5987881274067464","3.4768877371698563","3.449481142852776","4.134532150593785","4.765285180878763","5.011823414934349","3.930130084830511","3.511705266910227","3.8591020863001226","5.050739218963943","4.721886134344813","3.208485308559786","2.9323098664985126","2.122098270344182","1.620045595793378","2.102722537366955","3.020387885096798","3.604531554506315","2.9555663145020996","2.2414010919828216","3.027585348643959","3.634607418809521","4.481886617438185","3.925697784000415","3.4304317650410985","3.3479175792755456","3.3742761135328276","3.9306193470988395","4.113246098553325","4.015909767964346","3.328325559716504"
"0.11506858098207048","0.2556808772600335","0.35948382528358563","0.27778561299672905","0.30189421211670414","0.34114122468090025","0.31132063187420284","0.2407552166476322","0.2633790491316976","0.23829928685887986","0.21628010859878458","0.2386777928144721","0.2968691277306692","0.3590320518120233","0.1929306751574853","0.1155340558943319","0.06807709901275967","0.18922402803748106","0.39378394732136257","0.3989940317489728","0.32635812274415676","0.29034539846571056","0.34038499066762484","0.3510524280575492","0.2730107682266428","0.22336530995189904","0.2329884574128789","0.26652780028721407","0.304550622185663","0.2992840042722862","0.27168413111858436","0.3060565431185102","0.3184204369337542","0.24193863496494583","0.20188798708793534","0.323807840450841","0.31034189953944735","0.220219049931032","0.2611637589548742","0.24306609269277119","0.18547561103467344","0.19038086695089426","0.20143733183685752","0.18461866883500577","0.11212007525339024","0.24993333725792813","0.42190441022890274","0.32079219097525785","0.2772451355782181","0.3213546120821153","0.2904207886615462","0.30245575675690345","0.24592213048172393","0.16797464128510328","0.32274032432791855","0.41269323410399167","0.3798548056452262","0.3432379721948864","0.2704906122639533","0.19537633344767902","0.20993825355182183","0.24400302099311003","0.18517092689355524","0.21898797486452842","0.27262317185161655","0.26864421265372934","0.26392567128341854","0.19762417385597975","0.26483384934501275","0.27636819917342287","0.1962574464198676","0.25150725084054515","0.2599817228332627","0.2135368736622822","0.27974161997041413","0.3088657089059788","0.31073631679854735","0.2911605265471753","0.19545280276318272","0.14960163214623923","0.2169435634662727","0.2703541136530157","0.2595294626892015","0.2512071536716943","0.2231939324660047","0.19339335722493825","0.2248046339478928","0.2808657384433143","0.2790362116611027","0.2128440621782245","0.16383511896914224","0.1661657717511143","0.17931255168561042","0.13960812357832755","0.0623550663872148","0.18712278581268157","0.31246683431387806","0.14774806440366667","0.03748640277218021","0.0642757267492128","0.1244548534223885","0.24416492645848767","0.23543511644594875","0.2935510746615089","0.39083832615226405","0.3368855444740793","0.2574683986173729","0.17656497611735156","0.11388188620364366","0.07871076035235464"
"20.67","12.78","14.93","19.095","15.38","7.735","11.17","17.075","12.99","20.165","21.87","11.635","10.645","12.63","10.85","7.445","13.26","13.35","9.31","12.325","12.84","8.555","9.835","17.825","16.96","17.005","17.495","10.645","10.415","20.08","20.46","19.09","22.96","20.405","13.73","7.565","17.345","20.625","15.755","15.685","16.755","16.72","12.46","13.695","15.615","12.755","12.645","15.165","15.36","11.89","12.57","11.86","6.49","13.59","16.13","12.62","12.63","11.305","12.505","10.22","12.395","18.15","13.925","10.785","11.93","14.07","16.84","20.935","23.08","17.625","12.195","11.175","14.82","11.75","13.545","13.46","11.125","15.745","15.865","21.765","19.765","13.45","21.35","18.095","13.11","19.905","22.145","18.635","11.07","17.12","18.335","10.03","7.8","5.89","9.5","12.015","12.28","8.76","9.825","15.24","17.675","18.27","13.275","15.46","14.59","9.535","11.075","13.87","19.715","23.16"
"13.31079516987918","9.014322065988932","10.196077779682906","12.835143609736708","10.765518568385183","5.504802208866344","7.390057800139395","10.991641326425988","8.501551484640288","13.653877808358109","14.471785432849599","7.6522501643240775","7.40470304759588","8.155595432339256","6.700092605882491","4.7914600346949205","8.320832242795102","8.567445867974849","6.323353257334174","8.692838109493938","8.689926705778452","5.751992230741838","6.9905266137395525","12.152137501120908","11.415585774637133","11.391195356072082","11.918621710770902","6.950116942871964","6.6116036429103255","13.486342894410623","13.851657204257775","12.721589623565025","15.208982851063784","13.2932930002628","8.944782115342123","5.297873148042109","11.65237135426061","13.815996149026311","10.654892989811817","10.476240374609105","11.8123438469691","11.987583133343172","8.69508294660212","8.945261772804933","10.177351339031583","8.924361248623804","8.918055347420534","9.833042790997279","9.374654705605286","7.514978266224719","8.589479056894755","8.132360155767643","4.521638376386589","9.827541442613326","11.5206142136814","8.360412005806579","8.341993626452714","7.511792603067076","7.8493373912908275","6.467413260148708","8.04587675696572","12.10178334779092","9.225161937423268","6.670846339745484","7.568721088952027","9.597833989052164","11.349998262237568","13.173066720899728","14.871295200643956","12.325532589609299","8.528899010320169","7.127631241023334","9.708854874422531","7.882427299676015","9.904745168260446","9.989329909080487","8.179044867485452","11.428591286878776","11.063273237650751","15.086947174169001","13.641666241823538","9.146172663819893","14.97654176966572","12.98157262664457","8.827114192796527","12.990292548049386","14.339652613185574","11.799057056379851","7.15542450733161","12.305502878063896","13.038208703959407","6.426907737632671","5.065455721612661","3.632165973321112","5.544522307226811","7.273979842946932","8.169363568402101","5.942066759832802","5.075327727332222","9.22642330890338","12.086801005389859","12.176802677230157","8.8964497011287","10.3901354673794","9.902506158569194","6.587482374910289","7.723241956992726","9.10252312588443","13.286266477345245","16.38778068300352"
"8.121554228940765","24.645727329172292","34.469489840242176","23.467394893881487","28.339293513066814","33.26083308365286","29.451131361108363","20.84636012560476","18.014986557399943","14.131585904478102","16.486300790719906","19.44484907336463","26.98385836604932","34.97123647621677","16.063573414542546","5.840576990503995","3.0738109406716894","19.909459218423766","34.022103832666275","34.324839606666536","32.07486759375315","25.33558353104944","29.038712656801884","29.625357378542436","22.057212314531345","17.186855269137908","20.58729463558317","23.501516071366062","25.768192643791966","25.137466810251777","27.600003886013226","35.3170477234545","29.85230963904326","17.0510223026931","14.632181887374122","35.54814545237156","31.74767633470839","18.094603319469176","23.7437691785243","18.579819642614353","12.164527328065319","12.730665040915165","12.938553448338737","11.510905154749107","7.622056116396642","17.210157600835046","33.43200839530601","25.970890479962076","21.323983738331673","28.540912630781587","23.996617692835116","24.891294475785347","20.69657714961698","12.258424180215247","24.53383001665748","36.35067903053229","39.17966544412529","32.91392183785738","22.954752965350423","13.58246185825078","13.9436151695223","17.59972049894887","11.157997535418964","14.144686626646978","19.416936036026243","17.220648578716272","16.70751492691366","10.904937822127032","16.54386070458674","21.099253179401074","17.275774183540683","21.9011595393735","23.43464993251796","22.98571209544833","29.84628122707566","30.728860844593875","28.244854519757368","24.469991737409273","14.715053117564562","9.308728381846507","16.668837536582533","20.597584207649057","18.4226065170334","19.300988720870734","17.45654460057309","16.504367870223966","19.71224253347922","21.225621317007338","19.066460532196412","15.42005234419909","10.019005671458364","11.411305201044202","21.063972844870353","17.827915206105867","5.4825623147439675","15.85349592882063","27.317936177043475","12.416376210656695","2.04933231185158","3.0744388733603585","7.418945815292427","17.817109522547273","18.85576034022988","25.897582884272996","35.85372914363913","29.50098489394579","20.23479532267108","11.198570133212938","4.171801615919272","2.1798238106542325"
"0.2870703125","0.170703125","0.1996875","0.2503515625","0.2073828125","0.1130078125","0.1375390625","0.225546875","0.1840234375","0.249609375","0.2886328125","0.1831640625","0.1392578125","0.1667578125","0.15875","0.1151171875","0.2041796875","0.1943359375","0.1117578125","0.142734375","0.1629296875","0.121484375","0.1394921875","0.21015625","0.20484375","0.21953125","0.2118359375","0.12859375","0.1346875","0.2532421875","0.2666015625","0.2576171875","0.3023046875","0.29921875","0.223515625","0.1198046875","0.2205859375","0.2621875","0.2216015625","0.2173828125","0.2166015625","0.222890625","0.17546875","0.1871875","0.2206640625","0.19453125","0.1822265625","0.200859375","0.2083984375","0.1633203125","0.1693359375","0.1535546875","0.078046875","0.171875","0.2173046875","0.179765625","0.167578125","0.153359375","0.173125","0.1387109375","0.161796875","0.224453125","0.1634375","0.1390625","0.176640625","0.1940234375","0.218125","0.2866796875","0.302421875","0.218671875","0.1641796875","0.1690234375","0.2116015625","0.152890625","0.1653515625","0.161875","0.133359375","0.20828125","0.220078125","0.2712890625","0.2338671875","0.1672265625","0.2657421875","0.226015625","0.178125","0.2712890625","0.2964453125","0.25078125","0.1463671875","0.2070703125","0.24640625","0.146484375","0.0955078125","0.0846484375","0.1588671875","0.1844921875","0.1561328125","0.1102734375","0.1396484375","0.1990625","0.227421875","0.260234375","0.1903515625","0.1885546875","0.1760546875","0.125390625","0.159375","0.2037890625","0.262265625","0.29375"
"2.40147343198981E7","8166203.113958646","5528.701762894884","12301.057381308421","9341.051936116019","2680.9059952225584","29788.221401707888","63024.87064598728","156074.61414291474","124199.13616744505","13745.41512622569","253830.54706116204","243134.52462444882","31552.35944011293","551342.1555264823","1.3435600474801904E7","6.550696540374769E7","5.2596538890357524E7","4294.8413182481445","996.9494065525464","34064.1045426525","35988.74408580039","2983.1151737643295","20650.398778752347","140891.4700318242","163156.84016545728","172809.15950342192","8103593.69207357","7974476.294790668","1479.975005891457","45639.9061065544","47196.159647308814","3222.5514903340286","99685.20264356695","539656.3837981129","442719.25233366154","2719.1341099453607","7528.267511309108","42723.21344182208","270534.5269374573","559053.5980436237","463940.5377600044","289887.9446302962","2844398.795598331","3709016.136313313","1076147.380066893","61014.91884390508","6843.334229589344","16112.694385652578","23740.441775524356","40007.04940926752","159876.90843135872","1.028366267899748E7","1.0269086063792385E7","120649.4901447819","1261.1712471126964","138661.0036287589","141464.85158653007","46133.33034762445","1803356.0368985224","1776507.702603853","17116.119189778754","914320.1361807224","966429.5155184886","55914.80856102923","7040.31347143005","59849.90018838337","218065.85063455574","162424.24731838706","154046.73374167306","257730.3831709651","105439.58219920045","432068.4509688603","689712.5269737634","591615.0763391396","502069.9437462536","232435.39774102363","94781.24226765685","221335.56999802965","255309.58883631986","279630.0831453455","295437.45933155273","97727.44685633348","260123.78678158156","391500.8061729515","2494533.6772076474","2347790.699807423","1851.9366662098887","7000.470929917777","198264.2928490158","195037.3702390738","3120957.053141241","2.7418809292442247E7","1.619522805679286E8","1.5060647542717585E8","1.2961736960257325E7","10502.736259849184","3.993132856967707E7","3.9009653196444845E8","3.506910214196265E8","663341.7220557438","181643.4848567404","386834.75448772556","346218.6328784432","138835.18940620954","306267.0907120876","259537.8532246897","126955.29805279548","66738.97398701227","63385.467135270184"
"0.06761173011643146","0.036931879044998256","0.06719114257906718","0.08595376872783435","0.03780440223035054","0.006937487329516814","0.09810130249885951","0.12632363392801044","0.03316979846808106","0.0924974381356368","0.09913448548090367","0.019156814899440672","0.011170832653216467","0.01817062967494588","0.020781153662365416","0.012747114566136322","0.035325240236348","0.02980293228877763","0.00438191103241794","0.04812321109993027","0.04959229821148926","0.004404330502637058","0.013160196425448238","0.053304198308676026","0.05498710024722345","0.04282245859893788","0.03200263290315675","0.005962871607847397","0.03139740212271007","0.10804102024370472","0.09047426439752701","0.07813117419008679","0.13530943445811708","0.09905770917948621","0.03507170252288773","0.007266020118951754","0.06453287076254695","0.16033399921920266","0.1382176547050906","0.06575407127051917","0.1315293134000197","0.12183566073917598","0.021959317359114466","0.03593618441216131","0.05170956949039631","0.025594889264835538","0.028984091559698052","0.044764132114560484","0.03163158700958748","0.012763896428960243","0.07617974752825483","0.07565992036379124","0.008074117148606539","0.16314307947029286","0.15982039104065018","0.025834100350689084","0.02433486043365591","0.013965053763452522","0.016380780550404556","0.007109256412151762","0.05671408844406166","0.16308413149513645","0.1108468203190672","0.010973072484310105","0.023142740736565366","0.05439745208925815","0.0708683285752322","0.06481390892034854","0.06366466011689458","0.0464277685623854","0.020586280034574675","0.015200091363057777","0.07300716706332","0.06329560551135742","0.07021849072105214","0.06993861711216544","0.02075985170353047","0.04835553279006486","0.05623504761878434","0.11660787747990078","0.09387532372597342","0.06286968189227309","0.16663794358121578","0.11735009833712903","0.04296955824303231","0.047566734326046196","0.11557556836533811","0.11178959236281333","0.011967365776472777","0.16314517187376099","0.17334784222796074","0.01346095490754898","0.0035513807022490617","0.006043810016218755","0.01865262719335854","0.022489731329901806","0.022210054688387087","0.01608190278026147","0.014158499460057039","0.08428320207627538","0.10373476675031594","0.12490937821813293","0.10706119101313684","0.041337300190658975","0.029632297377006143","0.027570327061041518","0.045987972719613836","0.06490498075027566","0.12861945347618264","0.1684981311606634"
"0.18435380761526204","0.2519829744055806","0.2576788178362069","0.2451147917473492","0.24811524049089073","0.25284553220637956","0.22182183401470498","0.2157972909460547","0.2637878842872559","0.24449529857776275","0.20205561717848697","0.22805846282191178","0.24780904111066837","0.23308511414344155","0.21707773154760246","0.15110805598035695","0.11868666416846042","0.2653083267636429","0.23647253400609913","0.20050913164794987","0.2316692832549939","0.2636340256188192","0.2508717957449046","0.2026170118793351","0.2129841794742631","0.22355094237877882","0.2685149243635936","0.2693819876194171","0.21707739394176304","0.2140929685492363","0.25917778303842764","0.2822328938617847","0.2546825114371829","0.21925855534938193","0.219386812492175","0.28174074375498365","0.2568355106684292","0.21768599993038476","0.24189682906338977","0.2227246194217656","0.19164685445339608","0.19087311015932037","0.18508672008318272","0.18856259594394154","0.1844372867193376","0.2819779658407116","0.23420671504911209","0.21955563950703627","0.21989992993579","0.227409293361117","0.21445030760542097","0.2298658693193746","0.24208729802395007","0.21727822994524804","0.28806863011880124","0.2572362760189092","0.2553009584751458","0.2528101850572395","0.22180776125562843","0.19334611472512678","0.18163893247387314","0.18058546933352038","0.16480707418927287","0.1903019766984848","0.18767442852105665","0.1797611887903211","0.19604645374795673","0.22073822951275024","0.22942585049985204","0.22702073950730312","0.2362561385485909","0.22943282295993356","0.2497444219075005","0.2572026524863854","0.2580792531561349","0.27646042505473356","0.2685140254144547","0.22448030066039487","0.19213794467052514","0.17720456784815364","0.2594526616052146","0.27322015414461404","0.21718348339848004","0.2265620119604104","0.23414072166592892","0.22725179456361452","0.22123659456391218","0.18597865617136333","0.18956633577322635","0.22487096022881908","0.21185467292767451","0.22173179687114603","0.2746927091086427","0.24615451428181062","0.1410031927623725","0.24061396175166813","0.2368945259349125","0.20917573310672619","0.10300604437017676","0.1170343592992691","0.154728657535742","0.26102889561676784","0.28256907106368284","0.2537082111035811","0.21374959619952855","0.22193723016428427","0.20714159075751326","0.14895094174190335","0.10506394283587053","0.07685558403858163"
"18.8021567911769","14.151734875978985","15.37221844757613","19.92852164612318","17.56005694751586","6.692142780903598","16.395154772066043","20.323616189054537","15.035621038054934","24.047614746581413","23.582050377352694","13.340981035890868","12.403990285388005","11.243802737508338","12.916946233533672","9.283694038474122","16.06649930756542","14.772186703396356","4.303940055344639","15.98278370622589","16.705520045781302","6.941683873528093","8.972612495811909","19.40603965264422","20.007958416590135","18.96720788624409","18.52214822853979","9.151446606957823","11.455250979354405","23.615537258339053","23.739384996246233","21.63427604520196","23.42879424981149","21.041648580850318","16.14302016352579","4.392695641630547","20.31196630068098","24.326824186481883","20.03085058104124","19.1226508361158","23.61874202831303","22.751518630632127","14.754267179362039","14.722838551040345","17.085864771793098","12.658000434507816","11.984530654139114","16.61889812833571","15.648654894271266","10.220464764383276","14.925652414551266","14.96296762009461","5.135163093807245","23.23213076753832","22.386895720487907","12.53736814486996","12.650814203046384","10.209406202125571","11.545560835230136","8.920291475058425","14.940179885128558","21.43589279689559","18.75844809679094","11.05435547646266","12.06420739211657","16.370555885491488","19.00379962007598","19.266311920032848","20.639370145428362","20.953624388157767","14.993897925489565","9.71001416064879","16.158205345891616","15.334845939884756","19.368737052270586","19.463000796382897","14.549548962081264","18.5480450452332","19.49222344936565","24.30843012207905","21.593512335884608","15.146534257050352","25.25940418933115","23.454124903734964","15.14291583546577","17.682363388416157","20.722306218179487","20.216126607241065","10.768709300561522","24.091608497566114","25.570349528311112","11.5732061244929","7.305477397131549","6.321226146880047","10.574970449131289","11.246989597221118","13.517455381838696","13.019692776713287","9.74753173885574","17.429354549150688","21.510912928093024","19.397347756845537","15.807573343179543","17.625504248105923","16.000371870678467","8.93189649514592","13.117521679036788","16.324310092619545","22.49430539047604","25.817714848529878"
"13.61449675823496","10.808391168806644","10.98273238509037","14.396005992862817","12.636978217676846","4.072106374997488","12.00887645120641","14.819450488266474","10.291406170800334","17.593577721310808","17.475506863432212","9.444265129287848","8.807766425770547","6.838957727266915","7.928140299357959","5.762525769360098","11.130194256181696","10.384114132908064","2.724908981959634","12.563450130812456","12.789302793754853","3.8428592733939184","6.203893231360446","14.522188691575487","14.776311176439362","13.660479129781255","13.311838963526544","5.5624337832936535","6.927353248795785","16.87150286309415","17.254433257128063","15.183536634763477","17.19923325688115","15.168109971172779","10.696883339483625","3.4455967738031035","14.878105991243466","17.937265226375622","14.611076047560738","13.866012624450143","17.885653748278017","17.496605494948973","10.726569256052958","9.495472454022579","11.61369537435056","8.806728693477341","7.844856232558337","11.46894104683434","10.094449809993565","5.352414318730591","11.426831987443066","11.449113411517365","4.9662669777086075","17.822613437524517","16.82421183433082","7.8969675589870425","8.037986156342111","5.8286993737814266","6.552605854588201","5.463758430068252","10.799096449751415","15.820374021782927","13.618540477466123","6.809195840914147","7.6644629264424164","11.657175969559995","13.085506348207668","12.541363611253438","14.46896704216074","15.694732350260255","11.386167021683272","6.1097988676786406","11.52993795778976","10.999303686817377","15.04281660298767","15.091832272233649","11.078342365665298","14.343929103150797","14.415215685767064","18.613484989828102","16.70146426201139","11.30080098762913","19.525339073530514","17.906999591776703","10.639406412457904","12.367542904962209","14.78293556060217","14.003357196763186","6.629597686579798","18.417526794252638","19.127094260292555","7.213084819310478","4.423817413143274","3.5203286146331925","6.525442813695835","6.7897162883057645","9.611428121526885","9.618200811136667","5.1674829907247215","12.82521549128065","15.661137363437957","13.367461981080007","11.03870497896717","12.480801145825845","11.066948551134502","5.964425929191775","8.56384601621758","10.864486670203728","16.620491796420517","19.501063771195046"
"16.061924308787393","35.47829634340142","37.465608391193655","30.918783611824797","33.878563936056324","33.92972415097724","29.581017716392935","26.122441157955095","26.360779571865475","23.26869293752925","25.83492769806659","27.047374091102714","33.665146911487405","37.362780162983526","28.31765028258863","10.33520121893482","7.6231933593244","38.46769080972252","37.927325118060025","34.04975666950403","35.57568676915742","30.39069514542802","31.27329199602478","27.746730415095495","24.05416592435842","24.96060694646464","30.84008795128627","33.64648040323655","30.911969826772555","27.939098735395902","39.6516280646942","45.77159857347537","36.72887156390352","22.572371966812895","23.2160970383449","43.72492826987589","42.1942815204745","30.557969660131658","33.779793601680836","25.30242369716248","18.95299519963909","20.32573871418992","19.629097978334215","18.217975709267154","18.35051379374512","33.75487221610576","40.18054554519227","32.44451266502359","25.51357744512642","31.752607503675076","28.514771512239143","31.872251750221405","32.25611369927002","25.14685061798158","31.76041113484292","33.12053159170044","36.310003575915296","33.61307863845801","27.622309684804833","19.620359077060677","18.98966836375281","22.410913049906984","17.48458997380668","18.419579218076983","20.38343262375851","18.24580490579705","18.71933726304465","22.09712028005113","24.737177650861824","25.12922771266803","28.10119820558726","28.383769729084246","32.57141961673944","36.642555173329576","38.16073131137614","38.781219824280235","34.2922675892706","29.60177651797363","24.43276432927253","17.086833329588178","27.06636279404322","28.39464206944352","21.846642354014406","23.967916752766353","24.25483689225165","26.080393195389362","27.53281523968855","22.842171215063168","19.944720850494875","23.43748484431001","21.879241980281883","28.955308109746788","42.507819920282685","38.49428636101679","19.38239429804371","30.89414235145219","33.31679205640101","23.44476543981906","8.171870706167361","8.608566447173203","13.85134820633755","23.366461966510894","26.777149013564614","31.820219071579963","36.33700653424946","32.61191363079276","21.89236802721679","15.387181627239606","5.587608723113299","3.176420821856155"
"0.27156613820473563","0.2146458605680164","0.23027088964345332","0.2692404426429838","0.23079134929979742","0.12660077907810668","0.1977101234325518","0.2550159763492464","0.21081694688808794","0.27803802844875714","0.2822759039913274","0.1967117029553397","0.15244275128530566","0.19962978048219934","0.2188668214848359","0.16382325841454434","0.2317149536891903","0.20600414071967668","0.08076476764574454","0.17875728992455625","0.18839207951121145","0.09617866547919753","0.1421990841349148","0.24103303472371784","0.25364789740775484","0.24759832721693617","0.2222009839823282","0.13155851018296952","0.1787479512557417","0.29369418259166047","0.28127814258070666","0.26638269404197146","0.3006566274902461","0.29843852257678233","0.24684877975870048","0.10802537153833862","0.25557262975441997","0.2812561197250869","0.2487200848404233","0.25315566642457593","0.2818699087287917","0.2749488477816998","0.19465018954283733","0.198640152427071","0.23778700983935164","0.20039024427351754","0.18342568354589098","0.24213909546526013","0.24263936865277017","0.1732131810553359","0.17983678835760317","0.18055936155301822","0.09010149848530195","0.2475071021708266","0.2329580573449512","0.1908585755202248","0.18306064555543303","0.15796772610325943","0.18420516542363843","0.13780704686454665","0.21104683219811507","0.2676413702628423","0.2185900084561848","0.1583299067611675","0.19290356629329555","0.22524912626751142","0.2517133185323386","0.2626571301247524","0.2592415295709715","0.2506290791243792","0.18657237577896846","0.18202484145773856","0.2273192876390274","0.18792028092364554","0.24179754076544047","0.23876124809891172","0.17731537149045173","0.24295171765059626","0.25455818946985753","0.28256089625992986","0.2572176820790536","0.21742637703634846","0.30950269371918804","0.28040836527885443","0.22781710814955272","0.24410648198755358","0.263203806186971","0.26409023522983566","0.1553007837554551","0.272596919471536","0.30052732788331826","0.1749437514234486","0.09489353840157447","0.10443584929827658","0.19159951578927223","0.20657331060378697","0.19206436206971375","0.1660338730779877","0.14950875267510208","0.19966549174494322","0.26263109403255047","0.26820369392599136","0.2330826053473904","0.23238304231792298","0.1981679972012286","0.14514386636492554","0.20888468708835511","0.23183753685210748","0.2703548444976701","0.2985172504699268"
"9.220718950702174E7","4.9997556817468755E7","40431.988454234706","65630.11302056584","55871.994269668096","20200.768016040256","376272.24414057226","457558.7849821651","908777.2087694552","874138.6989555405","108190.8118142917","1002522.2755617634","999412.1382430921","248378.8325629075","1375639.3188763906","8.831340306409222E7","2.3268643670337924E8","2.1838064585550848E8","26388.002832694703","9217.97976620884","160767.0529755714","160542.83950631393","11830.294746844465","261134.583353151","469178.13561858924","429570.56795425125","619241.6053078003","9.179796708197044E7","9.180723938349569E7","4300.755139390566","322400.26568965","322944.3606943257","22628.157571438325","1036456.290926499","2955441.0458490388","2783141.208654736","13171.50381164047","36955.589510619575","278009.6828160065","1611618.3062187391","1989307.0851696704","1351052.1073589665","882926.539304249","1.1453233950987894E7","1.1724472116313996E7","3439776.628316406","730385.8594714976","75885.18727895216","122814.6582385753","164959.2515640482","326459.6148054523","1126811.171813446","4.344779401281862E7","4.3444382072998054E7","771183.9373101491","3981.0111905945046","1022959.1341821171","1022713.0269080073","373224.193122293","9781205.376387969","9780895.758183764","196702.153728711","4303200.032802128","4313050.2864060765","424890.4000766099","44349.47215325216","465479.76088147226","1277125.5677183303","1197169.846184963","632476.4609845761","742098.7273123476","427021.3839078042","3464451.8600461627","3527287.7155665136","2857756.775766982","2822399.9840385327","823841.6762270833","599043.9418611468","588682.5191133199","574958.5038259208","1068027.7810859303","1090649.0433081733","360925.1259768441","646998.4920494293","902133.3435108887","1.4595188122185245E7","1.4602477393077495E7","8183.798005081456","38300.48309968372","1155610.7035338895","1155653.4765261188","1.4040653634819444E7","1.2746875502740952E8","4.1811441173682946E8","4.131948989014489E8","9.481206115172073E7","83267.82147775407","2.0860161152993718E8","7.454686755571189E8","7.347159604254313E8","1451496.4942821208","747347.3621574101","1073836.8038248306","1053975.2957785816","1157831.99784551","1354463.068943174","774277.738220648","340757.2187215936","231900.31218942735","211352.99586974352"
"0.13219163223463104","0.12399261387254025","0.24030222147079291","0.24559863797826126","0.0997254525274473","0.02294216325742454","0.4865448904133263","0.49403799013796884","0.1129328488122168","0.22981726650570747","0.22942811771174468","0.04474419306953123","0.03212255279704544","0.04642480975197214","0.04988451966583394","0.04165741686782352","0.1035231262775079","0.09868781709051698","0.010183488306828367","0.2143287773404524","0.21437452310067154","0.01278201930726602","0.05316821052946669","0.13862205334607267","0.13846823998512894","0.10842608696967698","0.0974433512575879","0.01417913058782087","0.12821846722136448","0.24703356655242104","0.22237207886905233","0.24649474361135204","0.3808061836523564","0.30916483287137675","0.07740325791247303","0.023805056073051216","0.1696651134192455","0.5909044820519523","0.6008978341759917","0.22396023693288825","0.39398646472126925","0.3821253432845832","0.06760568814019656","0.16980675386842564","0.18617825060066448","0.08496492757452527","0.10868855311060717","0.12956093218197803","0.08134754440789538","0.03190643172827737","0.40781546072611635","0.4078948204640964","0.07493175353456825","0.5798816649149474","0.5759865686359048","0.08970246216819772","0.08966663740877322","0.04176589099847138","0.043640392433542265","0.017096171804101362","0.2466687947049463","0.5775677871654245","0.5328703890389631","0.03983962209535591","0.06816378904029274","0.20880510312850442","0.22623106166304036","0.15036540338874557","0.1420200341414375","0.11549209125833211","0.06797750295799604","0.040856448029696575","0.3943505079899762","0.3938134159966708","0.2444685185623137","0.24450165528097023","0.0737056091313234","0.1410344864125239","0.16120051058655638","0.30199551185189033","0.28874115161207486","0.24141786369673177","0.4200934756531613","0.3670993424291559","0.1274469615913644","0.1073631269560944","0.39820457268012477","0.39824235101752936","0.033442371586739496","0.5657185227497364","0.5643380971647971","0.04153991520324143","0.0064864690614097375","0.013273275642776937","0.04369055217975615","0.05157941212677837","0.08481118621839685","0.07987844399855301","0.04781050270914155","0.3801540490177229","0.3843151455552958","0.9587864551394447","0.958371736612503","0.11180061443174964","0.09491448741745583","0.1899242099490665","0.2115145801617028","0.21838647623880827","0.3715096706501398","0.44387001707296414"
"146.50316916666665","183.61130034482755","178.31291083333332","168.71716733333326","188.55452615384618","129.34058809090908","147.70827727272726","141.34896663043475","128.29877226666665","155.19218903333334","203.86920311764706","137.032236","125.92848793333332","131.68227445283023","122.79420512500002","102.96989088235296","107.25135966666669","107.25135966666669","150.26926322580644","154.99627719298246","139.6559641860465","131.95302341176472","134.64643313333332","166.037268","143.95684175","152.63017600000003","256.85813440000004","156.39285547826086","162.13256510000002","135.68070666666665","125.75614366666667","151.805","141.2446123611111","126.88201345161289","123.97407304347824","137.96716222222224","151.84339949999998","122.70207033333334","122.93829354166668","141.1162535185185","138.1002972","127.50542392592591","107.49836237500003","107.14665745454545","102.5161232","102.5161232","185.13133249999998","172.9081854838709","126.20465625806452","138.3112362580645","161.06366678571425","115.68042063636364","123.72765918749998","123.56682354999998","132.74873609090912","155.30347102564104","150.52303190476192","136.27336699999998","134.01806749999997","132.87668846874996","120.161437125","136.72810894736844","122.75725620000003","117.03461734285715","126.4406463333333","118.69964173529416","110.6600790222222","108.11759953846155","213.2011435294118","149.01940784090914","307.50924222222216","191.32095304545453","135.81817330303033","159.12388882352943","136.80654540625","146.56611500000002","136.7830134666667","145.4733781578947","135.30542202941174","121.13045882352941","127.5979069047619","142.83535823076923","161.32253218750003","142.74611365517242","180.49617611111108","141.27615767857145","137.55083315789474","135.3278094285714","117.867371","113.24462708571427","124.41904287499999","167.26851333333335","174.71824176470585","158.67713133333334","140.25729833333332","137.03207","178.83312013513515","164.06499483870965","187.6605483333333","130.5220975","99.10986155555555","119.20354763636361","130.46764518518518","133.93454024000002","147.38751841025635","159.20508078431368","145.00697765853658","147.4572464705882","108.59824432352941","99.17991994736842"
"1.246285223176318","95.29713404501362","88.90327135504694","98.1694067622014","200.0","12.21224811749865","6.1200848474808955","7.8663748362627","8.932262809677729","64.90192397897754","200.0","11.575836678078128","6.648896667579552","58.13627887981054","5.453796676728428","12.097739280397455","7.086661640650311","7.086661640650311","38.15744254607171","20.41312566465635","19.42160278615533","5.975417862233004","13.789065103514718","10.867975370182005","10.582870608196796","11.02983673421827","200.0","72.83671896842515","77.08295160379865","17.89130603717186","4.093231248321139","95.52003580053393","9.105998552989556","6.090477140058171","5.198636864591896","62.475840018000945","30.639132365439618","6.015235587805406","5.146505230509479","12.915715094721266","9.567419817445673","12.424128635398183","9.320762144624506","5.145162582015578","13.836218288840783","13.836218288840783","8.836082588780537","6.707462069921173","19.80103460282279","13.895092876274182","111.05476733555747","10.15346346594652","5.415173332608699","33.55915048580263","16.570076480755876","18.91217620911036","17.141121817598982","13.793655480477396","13.300093467632532","10.654222703499986","8.014143634237026","83.22406566303495","61.28918543240663","55.68817001583893","3.42857311555899","4.964189451944504","10.394461111509537","9.01326809250816","76.02499880022677","40.69016687709652","200.0","200.0","6.202502590213721","42.893357571340175","40.9557129813846","9.399026145888811","6.821048072647525","6.070299324721994","49.71318111327026","3.4581541446683755","13.901638074770561","16.151705430746546","20.600423824466684","14.854916835222904","125.53723597739219","19.986229667803492","4.264334029827862","9.145554832174073","14.864912290064455","3.9870575334256317","13.593570651830536","14.552992924697273","17.8688832825545","2.3090963552751322","7.309202396227233","0.0","57.731008900011766","6.710022353144764","74.57633883965241","8.319543772625721","11.207004633545802","15.700050407608366","15.963321517673323","20.61434261700313","45.21084145724238","17.531229671564525","14.83107916317362","66.60007514281966","7.069828049445598","5.835248668506736"
