"62.63322020048933","78.2538091598473","89.98745212832812","85.55882160347477","76.47952206542212","75.16690729302357","74.96506222613297","75.30866862090153","79.4141263127025","87.63440971066406","98.95853449345766","105.98059495457153","107.47763458797473","107.16009800206037","93.23926032117295","91.07700922433976","99.83973074892637","93.49014271209191","89.17492907757578","84.01179608445494","71.89775424121768","73.4203512140956","89.3969412932815","94.078915821435","92.11945170291995","90.78666768315426","81.18546448341364","78.85239878999984","80.00280987106886","82.8087905096206","90.81457915036908","83.96575138327991","80.94615561983693","91.53000884079243","92.70639211721014","87.69379438125996","96.59891126670978","107.17903615396445","100.46735020571006","101.07467884097701","104.47760528663066","101.26958675071906","106.49692731301296","111.62508034551423","112.24558456892743","104.84367726085233","98.7394203632359","111.59856312343844","111.76153149346952","93.32284125554375","93.25867491066766","91.8321047969927","84.13956261639377","79.14831933875388","75.94862447556243","81.93093833031014","85.02038807749713","75.00290071286503","81.02327884913716","90.71999609292449","91.23456446298933","91.5185511975327","87.81264019310733","82.63074983736288","94.95859810606343","111.02143388127182","108.05531401344957","97.90374079321822","85.36343821762708","89.3075802986083","90.9047130110814","80.61243213014805","89.59475672903301","93.44295942375913","72.44413789746203","56.29698188608703","65.8588066196804","82.6688261996171","80.43829674841265","79.92171769214387","88.64928606931718","89.9919741896706","89.82744075373044","85.98206356830391","86.26311083535398","77.96627821462374","76.7303471630175","91.52360744932054","85.27200971519244","74.84445242506231","75.51247066076968","88.63546592381346","96.34094879033694"
"40.31187726642404","48.31740769259216","54.44917937588827","49.74606840760207","47.348965583695154","45.473415768062296","38.42816372472766","38.848804241575756","42.68019207579833","40.21192327340464","40.5920186315358","45.936032038390266","45.52278300249701","36.619776127587","31.20466794802182","41.41100586239526","46.4492853716898","45.054979010540386","47.64251572863236","46.36987862300378","42.07131524127186","44.10125448920464","51.74061608437813","48.69047885780899","46.071317685233545","54.109678493632494","57.11187282174806","56.532466656551634","55.96251200048465","55.70190817234571","57.88150207243465","49.514126861949514","45.09097776239936","52.553467529047026","53.58255400502867","46.280425568662714","46.085760714264836","46.69577251473045","38.67483642285872","39.715878123622026","42.21334308768094","37.685871932239564","37.912880161864656","39.14862469857869","38.93271319723209","37.791748823233576","39.60968388992084","47.14288569779368","48.38816266737536","48.143904844910324","55.57448014662131","51.993064470126264","45.33270030034387","45.91696976429485","49.59513469099391","50.75546553561905","49.36008954730201","46.957255543316194","49.038337213972845","53.26485292304193","52.71025599372128","47.00271568621546","47.03951927660516","46.98394215146151","41.665014128253624","40.1264422648632","46.79926778087403","53.15910064359282","52.07911214995846","53.46029877903871","49.74422122940863","49.60426021143594","56.20018786217896","51.901282655854544","44.05217751359711","34.689751660039","41.55615212896655","50.96273039933983","51.12909857544092","58.22809257209396","55.09241518102644","57.07158305234461","60.13133849672693","49.13719931092253","49.53645774946791","45.31925608301361","47.1687861646524","62.53650331562139","54.36675232250177","39.090635400315676","41.96709463716985","53.37317763069769","54.397913637351266"
"22.636880933603926","21.196323094908994","16.60983778765416","13.56158345878564","12.654706708923252","7.340427141653144","0.7272950455185577","4.492692033681001","9.888983030305004","10.683713914581126","10.327915679621219","8.108130218023751","1.228489462871612","-6.432911184280162","-4.506706664565859","4.631577153520897","8.907352291790533","11.607865235156805","12.11125476520882","10.409453924209117","10.776540898519738","13.308584317414347","15.275311135209101","13.951643320231689","16.30002989135328","18.470611038087835","19.805463526474405","19.202788324538936","17.665724870242997","20.257081460391902","22.76412382406868","15.579293971896908","8.223098354133302","9.952044802304028","13.235047913165227","13.680914204697515","12.943590149522949","10.202232760825254","4.754591353298532","5.795154062254358","7.405418199331006","3.5161532743798607","-2.489487095809984","-6.828812618685361","-4.918763975626167","-0.7271496017507545","2.1815991367525025","3.718602172689963","7.255655714595723","9.500176154059105","11.131414144435746","14.998414732500473","16.793947797959003","15.734597286848361","17.167629618102637","18.061905453499357","15.402723537005174","16.620599051557686","17.568504637109648","22.301127419793445","24.15365316738952","15.387800499005591","11.8214499083129","9.140907111996665","4.879204328770086","1.935615778506744","4.2510346711752325","12.006407259869103","18.497474548831068","21.33787688395324","17.379060512720983","17.06067652417701","20.758446835209657","21.784644812960305","20.97707383971474","21.345194434330406","20.216741425182683","18.541142814859043","17.991298810078728","18.937395518324973","20.52280712267882","20.56687285096632","24.046689811696965","23.139319247007506","18.565075072789146","14.255093891086954","17.005287916212847","22.17652279076283","19.293621102183828","13.697583770866059","14.466679447236647","14.811689302510036","10.585004916577265"
"13.197583218014138","15.974641465065401","17.77411801070327","17.14179653132825","13.67765466626728","11.19323660399401","12.489702032919595","14.593923442983574","13.802210345542434","11.385335171551876","10.239254440772024","8.219520860925792","6.279507259804193","9.11193776617674","10.62043639066851","8.390410785372728","8.163481934465704","13.023181976809406","16.90187121505437","14.983111373766","14.077886274759498","14.744445625316912","11.297314159665016","8.549209195954617","11.656924294108682","14.543413237087575","12.906248840996863","11.061481009912422","15.262174295009352","13.76179878112763","13.029284938188793","17.648853910940712","16.017287715284496","15.980662124213396","17.123857805635154","14.44248940663477","11.490893316904124","11.600037405060768","11.58949548364504","11.337195896073354","11.70561236363613","8.692677377526214","2.9059134064585037","-1.8495810920118148","0.25007333429570017","5.202623062374702","9.117012208345638","10.17964559870121","10.88643603242833","12.723481204718368","11.801583030423929","13.251102608541446","14.608212432386527","13.314895728197104","10.48484416415069","13.867371784298372","17.997802299417785","15.901911117119209","16.817609558020227","15.840330702430178","15.057927828752383","17.62330935388467","15.37165805157774","13.618586010005334","13.518662733906535","9.694413755977651","9.303382475936417","15.669921605209325","19.884774701609523","18.085689156726684","13.984544759805669","13.94899532900612","12.720992044398853","12.966189751599057","13.707980320094718","12.303384706162532","12.557438988743508","13.213239198100087","12.710695334737368","8.57785616876612","4.844565705381755","4.783139695381146","6.4272012728500245","9.003031888976887","12.729895404889696","14.654674157699763","11.69286534340281","8.603506175244595","10.058395871527594","10.132604084925248","8.091748848088992","6.096810595576748","5.499083058963207"
"6.545493699679119","1.808046548593711","1.9419189097816376","4.668625845504925","5.556011217500405","7.022204720481326","8.760388861506472","7.467781048236141","6.350113898116042","7.623884015657419","6.218979668497074","3.4056815924530515","3.203979717898915","5.153686869229042","6.585756464422109","5.4380179103790605","6.650395254088499","6.287617371231918","4.987736532963346","5.949484635423999","5.476860934758536","4.0742786633471875","2.9055239722998234","4.609409925854582","4.934971996581936","4.037711574617125","4.9356921390984505","4.6218824326539565","4.807539546439387","4.512239111169367","1.6286427077449348","2.4323114682510925","7.528765860054483","6.057539474011065","2.1866917092541804","1.7245116049000353","0.7807947546509086","3.244529431919501","5.100646519129453","4.4046960946135165","4.267963368519364","3.56768290457541","2.31962494563209","2.7233618943263553","2.3274742175497303","2.6070559424154935","3.502727452593141","0.5221548936473801","0.24985732902506272","0.7767981434135681","0.5377620870948668","2.0954206172391885","2.431686353001932","2.8385722845028853","4.232273469714013","5.867512505865391","7.834333881289563","9.276030986227688","6.1554497848077","2.515748571185166","1.5197166412667036","2.791832246467597","4.378771973222002","7.475735161278469","8.993057076435408","7.964900418339645","7.570071202737255","5.5296172009794375","5.009784038280885","3.790039747555363","5.916081633599971","8.964141661146732","4.769456152295472","1.6692047316807495","4.110411561956633","7.832934402871532","5.231764360672446","1.0433002541965346","1.6846971876690344","-0.8402051192947146","-4.463430629948663","-1.2177122167690266","2.9036654156428536","3.1621784869473264","2.16809416375251","3.337090094183436","2.7653016894090934","0.43417126330694694","1.759175494507449","6.1087300882892155","7.7796189054761715","4.8816026384423115","4.011560400499305"
"3.1280112498177046","0.5168027236698146","-3.0291718248861996","-3.725605168019224","-0.6831488327187575","1.689604696561514","0.4580352395298035","-0.9617514917914158","-0.25241271045328956","1.3651495824858455","0.3638295751004882","-1.3101021508625983","-1.7144450745236433","-2.1626354877329517","1.7525469556966058","3.012055655968014","1.4008205614218971","-0.17532914890224127","-2.3879660380310437","0.1954325279021595","2.8115466448010964","1.4871269363261763","-1.3654006894844672","-1.1723635499777536","-0.15814627826715616","-1.2956516603292452","-0.7383397466960385","-0.46566512120433495","-2.7640230506723613","-1.0006606047029725","0.6213724132524767","0.7330622958219861","-1.3595149702129044","-4.390134078236732","-3.186179446333964","-2.7973027953249545","-1.7205617978266678","0.9488024464861645","1.407963372927333","-1.7259785071096632","-2.698405640064389","-0.7249597256659668","4.136631454068394","7.707198767969128","4.617021397384114","2.01348148511151","-0.9871170063568546","-4.601811241557502","-2.5460224879083335","-2.226191886752346","-3.458310424947762","-2.1709852429879177","-1.098338181606852","1.098394733800847","-0.06287978343731189","0.7839657756117687","3.7174090680402383","2.7194595866919506","0.1413784546191105","-0.7808848960769211","-1.9005686945679294","0.41518351918908414","1.4623036942057568","0.6038332954600019","1.4675769185222054","0.5965722130578083","0.32158163989313954","0.15979434292810818","-1.9220404076702864","-3.4261415657637064","-0.9924945237441462","-1.5432048010882995","-3.4786167937624395","-2.1060768674188663","0.3595738266066102","3.6160030851283436","2.3463789036141445","-1.6487672822351593","-2.665555842425408","-3.432273501305539","-1.2216479303960603","-0.5376236986917287","-2.544016310406959","-0.5523296030144172","-1.8212099603629321","-0.6337134189242214","-0.13567463025793194","-3.218635247243677","-1.3172750146058068","1.2354593332739612","0.6471513815537887","-3.093119644060073","-4.4865848508133"
"-0.5605712836261262","0.00395279847041464","1.673723085594809","0.8460243282197384","0.5263071147819498","-0.3609904007729744","1.3035893199034638","2.9656182539918974","0.5912149190210442","-0.5802807390365928","-1.8948628061552626","-1.749420878835074","-0.9357567918289839","-1.3591992328836033","0.6306439018000952","0.02967496872863258","-1.636616228456064","-3.1039338285469302","-2.425545849148826","1.0076902572963733","1.540174621499503","1.7648521589768271","0.5516526052151499","-1.2582518769779107","-2.889209529356238","-3.042790808066753","-1.7611779323619163","-0.4244959393547641","0.8706343130314943","-1.0637897391334759","-3.9672991053567244","-2.2151919491333634","-0.3839754622346817","-0.1798940906562968","0.7779205405468008","1.2671204256433817","1.103566165975811","-1.050778722904726","-1.9906047547857504","-1.6530215564395925","-1.6855804703108175","-1.1730659869167015","-0.8945098630605783","1.2088390408676897","1.748986604383338","2.31813579242004","2.698540464562129","-1.305003306862674","-2.711696926087809","-0.3570848874994434","-0.4495064205295186","-0.6422133873912449","-1.0172172952546366","-1.943378344692445","0.46629678514650186","3.540299795395772","7.025923576040052","5.302845080361489","0.20073955709798405","-1.8493398980492617","-2.5160340549334586","-0.7616764330291231","0.412924749675555","2.0557440527338375","2.2511600340632008","-1.1406166097532213","-4.7713235909635845","-4.942433079648007","-1.3992999633895127","-1.6438938623299186","-3.3424764880237707","-1.7430264991353583","-1.231180926363912","-2.534543945078832","-0.3994494035571555","1.6151732805081729","0.8267426111102939","-0.9445056647861308","-2.0502024592610484","0.8465738050348556","-0.24251906540635457","-2.575678972379345","-2.339848028651017","-2.5735698417296256","-2.384171195070145","-0.07503976549516067","0.6136387597187343","-2.1582449170191147","-4.1143270901692395","-2.764866825181685","0.004357951971707213","0.04296068738191246","0.2148055340197888"
"3.671960485690093","1.8924528459347647","2.400804005621021","3.2513764396473697","1.890710684151675","2.3215753182003467","2.0423549058861457","1.0896968420001374","1.1681823539361742","0.9200895842265912","0.8181179035940539","1.8086370539497698","2.3023529667473683","1.8396514400323483","1.584235699335569","0.26453940976747226","0.8204471723676235","0.25848307909596013","-1.640800268188797","0.05507249729588087","2.4985271930292403","1.7279317073047102","0.96241528655181","1.3578431219297007","1.0266835516802513","-0.020135342992034726","-0.25974592599935603","0.8526236280183161","-0.3599145487854085","-1.6903824281099045","-1.9978321576891478","-1.1214723233196757","0.35902729766860486","1.0330891818676329","0.5333012687963715","0.4931549250352613","1.705620004736656","2.0394223964525953","2.749610702937312","0.7323895102255119","-0.3541802849044901","2.137132722085496","0.38554683398583267","0.8035382149745139","3.7306979294784024","4.21680519054637","3.2472390290497475","1.4976345880137953","2.231382647020696","2.516706081303578","0.28422536551336547","1.547950523011511","3.809409338768611","2.945645281628578","2.4463559589235078","2.976412101206647","5.034480064572817","3.117931428288326","-0.21035368297541726","0.3804247987078056","-0.10419433599840731","1.7828378331030421","2.9414305195990362","2.3685532010905272","2.3926888732030465","1.3127175747731041","1.3751888439103184","1.8287245651757735","1.7752132130192775","0.5298898297293009","-0.4069271597070575","0.5198924826265029","2.311180167096593","3.0004700538333764","3.2879279659078446","5.366492892365783","3.434157306479304","1.4774459243033469","1.2511134348492643","-1.3576617963920885","1.5524271793524462","2.2268475592594705","0.8001346317205207","3.562609211343384","4.025995199239571","2.699758934150548","1.482096474903591","-0.532979417389816","0.5843933677754714","2.2690376806025343","1.4927036784889902","0.8902722772366332","0.35935608857036505"
"1.1857653387833005","0.14041857068439875","0.1811068627650663","1.421464570244237","4.007516834758622","4.322944794888091","2.6429154703210718","1.4234924161728038","1.5337943787998245","2.1854615520801555","1.6262022079360552","1.8692623537987396","1.6919909100807689","0.8632535485444575","2.011801924636943","0.9489621134391026","0.8217602570157007","0.9548888490465768","-0.29427488975160976","0.6825582862180078","3.3195323016924085","3.7180373294004414","2.1558316114167515","1.320553290484388","0.7071537771829014","0.42322713901874764","1.1544159207485527","1.4295767658884253","-0.7606166354119039","-1.5325950653021365","-0.39170624135591686","0.2524501649982646","1.7151441861870251","1.89648800139134","0.6420487647337271","1.4939953769086898","-0.040875678506970665","-1.4840229478412033","-0.13655348894430155","-2.757764772143684","-3.5370067191564623","0.3588598735463734","-0.6449795824156648","-1.7102180539037746","0.5553040003186995","0.9226466601208828","0.8372706150001555","0.5302634464202964","1.3016838206781014","0.7983497081468108","1.9584271909687028","1.9933299392234471","0.8902582639635849","1.0871150601288078","1.4453104759292825","4.06166465014516","4.8944772666372","4.183389443050451","1.5159300905917734","-0.16954857595147274","-1.3968697880457162","-0.3450930739317275","2.077159628777848","2.5186314027873564","2.147116866128283","3.7579478051459203","3.8025500842524536","0.8650272410371563","-0.7507901698867246","-0.1291386254473237","2.0608762395195828","1.8201386287458556","0.4637864935936896","0.9818099175774745","2.9017994976839994","2.5326764303848424","2.4695970323399186","3.1428881026045787","2.1780996464782145","2.519235476686295","4.660856702679285","4.280563707667969","0.7673254710009114","0.09555284760131652","0.46176348465178385","-0.0772180133483174","-0.1686534034597981","-0.8952416108952831","0.7205310180767291","2.8089987428810606","2.40026519003923","3.8320887884779613","5.567102236528802"
"2.2224904893011304","2.3142046527464117","2.0557972891888365","2.1160183716082024","2.0608686916260854","0.9723143932159561","1.9727733744456717","1.4958252527414855","-0.6406188591146785","-0.7653934035867865","-0.2949553407679871","0.5917011036732645","0.9768912999025368","1.136555583781783","1.4366491872729872","0.15143026569354656","-0.1736791130140589","0.12233017681065533","-0.5160432180855795","-0.6403419482522856","-0.7451193061928129","0.42109105627713816","1.8333032570360228","2.6057224911796766","1.7658185453363096","0.5190963008281972","1.2723333945497644","1.3495113857917291","0.4516747331299047","0.6688472866640166","1.4632786989627369","-1.3113811955171126","-3.4141547423244787","-3.548596231003702","-2.080102175267033","1.5286084220094376","1.9511019171132025","-1.4314655978011885","-2.519743978755787","-2.689109517789119","-3.2915342120278","-2.3830022056193054","-2.5293384475802685","-1.9548784007246416","-2.0776572589382902","-1.4613712475631118","-0.4329937382766122","-1.749148734336644","-1.8099956546933555","0.07793814782756478","0.8856191120634159","2.295028388161146","2.176425166014971","0.5031212416785976","1.4166802455812724","3.6815758282364395","3.509091687561591","1.8632547172495282","1.2705121738433005","1.0464172736556971","3.6272757238552935","3.5287848972618137","3.0078813059684033","2.8783957802718163","0.6763293072784705","1.6372267824578841","1.1248286612460208","-0.3267707189844973","-0.44988827760525024","0.7068066226387415","3.170485452919396","1.7723884377770147","0.41208627667753966","2.1737079155204886","1.4477928199411196","1.7389261153571045","2.225747031349708","0.8835007224565294","0.30700066223147926","0.9194589139906064","3.0484515902751625","3.0664402770131494","1.3361514971627155","1.1090095706100849","2.4224672653017287","3.1868592760598076","2.931154867267112","2.230407403840295","3.301435572945079","1.564001055550429","-1.185770061176864","0.3827951724729994","1.0808248054723728"
"0.9471757005634466","2.6303273919434456","1.6204826245575155","0.5868189431353052","0.15139337058206112","-0.7622165459531587","-0.7318747768749465","0.13273111576360253","0.025712250738686774","0.24059501618225376","0.8418157522650748","1.5814105092227566","1.9314144442334455","0.9356774380576789","0.31487067772974797","-0.32154942358520694","0.3528750495647594","1.4056035394391229","0.7699556901893021","-0.2577744656312268","-0.6998604788081032","0.09177246026629264","1.2576680043654394","0.8884215166995404","0.3804297539821111","0.7931496340840816","1.1276404481893936","0.6303648039612046","-0.5183480291454026","0.04314370153917606","0.5415930464019754","-0.24361161004803236","-1.1162220190004049","-1.7920355915885542","-1.3966621432558797","-0.5316548768796554","0.36756476598698234","-1.2533650092183521","-2.079368862126489","-2.7741929450070044","-3.6513934159254227","-2.3670272405794024","-0.21294488915642326","0.8919564447688864","-0.7306260357730266","-1.673104801201712","-2.872595888107942","-3.1826510509174573","-1.3761910326265505","-1.288335900176261","-1.0529525138982097","1.1490219987645647","1.5422834661857507","0.9695757223649436","0.6957600069278257","0.3407284714597006","0.2662711548296591","0.5690142664616799","0.8631795176154692","0.6009251852523148","1.5835814278291664","2.599742717375554","1.411352031917458","0.6486689490758393","0.1827663591314357","-1.4993887250918956","-1.5372134178140806","-0.49522690167741706","-0.8482921759266295","0.47577405328687666","-0.5578718901988416","0.26542581884510813","1.3109617183453537","-0.5676021837689608","-0.0667935041983803","-0.7831269051105564","0.18370971966392968","0.7185328228566579","0.2689347224066552","0.5884673279380518","-0.3912117092933663","-0.5337193881520297","-0.2028565063966143","-0.513806715733963","-0.6575615526232237","-1.1695620545309848","-1.064103412365416","0.520680023643652","1.6306332493959215","1.0998159633612767","0.3166667347895713","0.4980045516668381","0.8045273514906012"
"2.5412322995458343","1.260928991952802","-0.3230023270523904","-0.08983790535597758","0.7082254260904274","0.7981305042178006","-0.6602370169413309","-0.03071394983604068","1.128823278959684","1.782841817426104","2.4760079901595664","1.3048989519953214","1.756028781219613","3.9688123180100683","2.9267330974817503","1.069877939485524","1.4834051752965391","3.0939346658529896","3.5393581461566197","2.277378012995224","1.8027884079256133","1.9763914794421493","1.843745250519261","1.985134500274037","3.544031816093078","2.4817405929253296","0.4495037196398102","0.6435806111442431","0.6197481440148886","1.5422088687261413","2.2662322741207976","3.0702346878974107","3.289771602930516","1.7884808459301464","1.2665211497750024","1.5671207965419296","2.2598000608291082","2.6039702062960344","1.8148993092117627","-1.026551760730191","-1.3862663408162437","0.5580844094180187","1.433257108647845","1.3891378843635152","0.35615846752746416","-0.9482410936001321","-1.3872345740557452","0.41436893864738833","0.8858225415512938","0.38446315420339894","0.5298223776356893","0.5568324444352372","1.9723711326373472","3.329270691035278","1.7547093022393034","1.0662870681672658","2.3648126055290444","1.3080282081268328","0.46782269084541456","1.6964562198506405","1.3234223000635554","1.829439072593126","0.9743564039426937","0.36433945005083357","1.5026894344276596","0.11563513888415308","0.3941182446346916","1.9728224062997597","0.9128955853580911","0.6681634988049248","-0.13854893523898146","-0.565982806609112","0.48987336268300913","1.7184411853492778","1.0475766347121303","-0.3143359615048275","0.9954756560671023","1.3647827504799555","1.147505900286309","1.5826727414216066","0.37831817843845916","0.4061473793722436","2.0412050312735834","2.5890271465425396","2.478619572399863","3.4508250800938765","3.966185948694116","2.9333535860370845","4.068149061387175","4.826170827300497","3.2094385781486188","-0.6288243805801501","-2.852260912566378"
"0.23517755473769314","-0.04180239930738157","0.3162941220564565","0.6757070136073048","0.8646624270502095","1.9153704990756353","2.4734467591892435","2.1107057443726363","1.474151939806747","1.0963003801256297","1.6725567029443353","0.7662691769411881","0.4872083435047188","1.720569641166699","1.3021535641484416","0.45207423192084234","0.5011064859256835","1.2598361428180105","1.9020032663601034","1.9112787609746775","1.4042184871333567","0.20674531267927077","-0.38599914999126433","0.00299423531888067","1.0833886356343922","1.2479401957484586","0.3097887197847868","-0.17368943033204925","0.832003736566042","0.7088818980595936","1.074488106145163","2.2081317474375184","1.9643709318321507","0.2341968149292307","-1.2140837749353137","-0.33670106319586757","0.34916926014355193","0.3396057817810207","0.27251196119008","-1.2435104198700664","-1.4263516762828143","-0.08480915456342909","1.137879264636305","1.1941736876242117","-0.455469259959591","-1.3314810373045918","-1.218229960657334","-0.7976772864454706","0.044587735410711996","2.6010488943924543","2.0673455090417163","0.6297003427229234","0.4342763938885661","1.0260098648550302","0.9228353622620467","0.01257989680055428","1.1325748047456026","0.9161111513989133","0.6450838475069758","1.0452320565171846","1.1596689335934578","-0.2506781996048045","-1.3703936331762225","-0.9778187521279953","-0.3957058542871526","1.332406666308445","0.5890352362153606","0.4599539016827282","1.8846464005057648","1.2398666388312867","1.7362430458896991","1.87286984880064","1.5531334980956286","1.145319899209865","0.5868746959510441","0.8972900713179786","-0.03816266737817913","-0.5416735745896882","0.03426553975712944","-0.14754323462179536","-0.8091278738060421","-0.959224062409274","0.8894793215257956","0.17062168053206223","-0.9017370662604555","-0.2146533541398685","-0.5378846194426664","0.1632044317478306","0.2333586602763199","0.5417722247670783","0.8125984392647662","0.7517558641945524","1.165783958268273"
"17.33189224261947","19.69531197933072","15.3839552275233","18.16763832291561","18.78173420883474","17.08906768822068","14.227780543254891","19.315203835253907","27.124636122476716","34.66228934905963","38.805767172660744","36.94578738348856","32.09872096433727","25.781287002492263","29.70917232380633","29.35082916121124","24.614977473699213","20.145300815776842","14.460275657330083","16.04955512017853","16.28525532050329","18.787453712345016","22.261223993360343","24.822102487977983","24.117061535976354","20.34679674671352","21.364172111382103","21.457189560233036","21.176380483419145","23.003876858934007","19.021930790363573","14.798613962451324","14.518104953970784","20.006284288891052","23.131014766319907","25.231951211816156","25.424750238254923","17.883959281594446","22.765269175657227","24.16787652875938","17.84796278180837","18.014285856800612","19.237896219268254","15.58223076246631","17.216215415946643","20.495089894865437","17.468046316507284","22.224706166894027","22.825606594680014","20.82361076526939","19.885661947511725","17.78744659988544","14.546601452720346","13.645550459243568","15.285554172815242","17.827662668104665","19.10012161443652","20.47430611307414","21.545981838609634","17.259263755244913","19.01815567371893","16.05211630900376","17.200612437394213","23.78013953943375","36.42782398625309","33.657780800340646","26.01807338844588","24.157309836993985","20.467941276921337","19.608802492238212","20.65912187184954","22.443103172012865","23.4981167969762","20.280607206685612","21.62238612439019","15.184394265478044","22.27010093797172","22.288569895380164","25.6638499767187","25.675243354198628","25.199505742902073","26.31722284472961","22.011374314442506","20.951241843802027","23.782745606354755","26.2680557169119","25.321865949356035","23.44704787278756","25.52849003714752","21.29839464167745","20.539131807081","23.458499390925823","21.107138890502913"
"11.8111403803784","14.78176946916011","12.154085326250321","14.227332672493237","14.915915294108869","12.081045816625586","8.905475509160524","12.211168762204213","11.574664798950174","9.44378143009403","12.35500227449187","16.02507705470371","15.187659995191842","10.515863672199167","6.3030061766059955","15.903673789369844","16.409963105476628","13.721853664225149","10.896608058292648","11.784532555247974","11.940690145145421","13.229767190269248","15.801765131464197","16.451195574073775","13.285539876909525","15.437070374213969","17.387517502039426","18.37874180054335","15.831339654531883","14.39239364329833","13.080565529334109","11.877447878427123","14.130230511924626","15.760285462209096","15.491003847850314","15.718176606568917","12.33110771288605","11.96818412200584","11.737702065634863","12.393958538962199","12.067871219946172","11.36159956019335","9.76029085143976","8.033278910735337","8.466154261025643","9.25216908818583","11.632154886787436","12.943760637304797","12.783506291178398","12.898889256665823","13.618258798362515","15.927630470787756","12.404158434498264","13.580857875693255","14.262720457428568","10.144040341616154","8.542738517975277","11.47823238048482","13.424822913752127","12.801762012233363","14.467510978731971","15.679732746508561","16.234889367237543","14.004020606690206","11.716211330895954","13.74011002703036","15.155042448975074","12.144113929477369","12.420956374637441","14.197415438505882","16.85405957187872","16.15511370624346","13.387530634437793","16.264541262865475","17.09019021855642","17.107670820223902","21.20739125820024","20.042844947613126","20.27101167698381","18.214357257638376","18.528818188475324","16.997438804479145","14.197067971000148","19.76469950665266","21.133591580064174","18.434431296759307","20.48582657779276","15.812039671808543","16.00836230008234","13.736656375437011","16.865251703189497","18.541011772576873","19.87153395937493"
"6.541611612508521","7.15654005359292","8.28779299306345","8.071178641079852","7.6523665458536065","8.942996355006066","6.940458301142331","9.810696013876923","10.302462808858872","12.324143795232436","16.0413468449691","15.483435420085407","13.070981384071496","9.27509400005682","9.426794015009879","11.783012845298815","11.235047083005641","11.590912516427437","11.545121689479501","10.692805583735677","8.507549421716439","8.548316697354496","8.663626122067093","10.544623652662825","11.043699911846028","9.001461481358051","7.590258886089268","7.247608608328718","8.417805064069135","9.705965456378493","9.10641961870709","11.208286038587707","9.84303581524734","10.336099592718373","8.64262876079401","9.07340665817976","10.49724334457341","10.172466352816787","8.96450019732352","9.97845747545387","10.743851741583553","11.421254801581966","10.896147274231186","8.324827518159482","8.245993721358484","8.308453115051655","7.699042128031289","8.059638997496263","9.52276689980232","8.955630356987204","8.551600058412932","7.674330486121379","7.612768921253841","8.88727837368632","8.921584166094659","7.200327362596644","5.938513100571659","7.572650450742045","7.905363626433903","8.91201294739291","8.648614318315893","9.913529493742496","9.448813340797836","10.588455964669341","11.22396923866322","12.244274508481114","11.403996771091792","8.52454363600417","7.968159416564674","7.607264021208026","9.560153233027531","9.841098321868857","8.259987867908228","7.99172147655937","7.3723025356222935","6.387749645327072","6.045713924668323","6.355935007560051","8.405955941098881","9.435132249561667","8.6030061629992","8.510298645812107","9.311216057303175","10.25767170987417","9.56370502790419","9.063161523250614","11.478932510503471","9.961039696088335","7.900374000174361","9.78538488493468","11.504207156265327","12.11384039088229","12.449583870411246"
"6.828761608712074","8.238659378400968","9.15227609383318","7.869034582328245","6.6378446288039665","6.487664299290407","7.597083458762775","7.358365687338877","6.8019582555339735","7.0420607691896775","8.736710144497659","10.497714908380466","9.14638465221519","10.567175696654013","10.472212350071318","8.448267399575737","7.33850449116995","7.5236839228304895","8.417272267231926","8.877830502803494","6.45476938526611","5.98640569929642","8.619996813302771","7.849822262475415","8.145778549392471","8.470964031575363","7.621849962377104","8.317083463540913","8.646442037445867","9.857041073020993","9.928661357956225","7.321902754587052","7.939356549165354","7.5327864261893165","7.8632598706900305","9.374885221254187","8.194036962026713","7.357013671121234","7.640983873649825","7.005578257142256","7.343272731847217","7.822398622820553","9.359114966401131","9.502546022888941","8.87914025363286","8.699698921805808","9.127824477046378","8.013591721299191","8.024921809520526","8.22798268506646","8.909047836461797","8.394558064552003","7.653656637101185","7.5543571042000215","7.063965641649955","8.319034535572985","6.089247792795341","5.734271628911856","6.812642981588326","7.959195857160409","8.097892474790909","7.201211162359272","7.314059671173803","7.336632361012627","7.615784468465856","7.95200868260339","6.578586247962885","8.217838200166053","7.211684654351357","6.067972095008192","5.938494268390456","6.259734953751113","9.957338443331274","10.303424658151812","9.509883343144752","9.191849797355399","9.406750318449062","10.681258726658616","9.550200360342766","10.878758217318955","11.35259776370601","9.026871593463136","8.603272292515062","8.72642288977814","8.302571300746365","7.541517729172357","9.229687786132983","9.55213504796896","7.226608970894541","6.09026627365694","8.540709062247556","11.199150098364488","12.179294947077484"
"6.275502204067115","6.656680152477106","6.4051260666568695","5.620940842225759","6.321739988466371","6.735790305349274","5.6665823247751375","5.492092992745171","5.186827499629642","5.229255035714348","6.455877110829619","6.298844293947044","6.41224638788986","7.144505354124695","6.564935985054332","6.587294934299251","7.406270315975583","7.236615312391316","6.876544048061855","6.866883144701196","6.19392217109167","6.235514782176611","6.749563765592444","6.9784208094746125","7.1359924005028","7.163168747956336","7.478997451872971","8.462401583151335","7.582485522921666","7.312333610592413","7.338212313604281","6.634515821550675","10.126559807853747","10.440574184784776","6.934912400218907","7.755969277965198","7.199761935575345","6.925296496136906","6.220067852272675","6.1967240990061425","5.746679588840912","6.343263950808919","6.332521052861974","5.323590017258452","5.269770720243365","6.021937991007854","7.5490570583345455","8.164294208205733","6.811448912539371","6.725424469380687","8.141580946414999","7.689840848710222","6.373013771962695","5.635720000766747","5.497339075179114","5.868915078581674","5.592833366009502","6.342076336692798","7.3534977550953835","6.51130764426703","6.748138736211208","6.538007543142198","7.403297440671483","8.443255885203948","7.107746602392508","6.66046145657376","5.882890043260487","5.769428757794675","6.014370363411056","7.276534837723273","8.671528101761366","6.978101212305097","8.605100563073089","8.107926278557892","7.0934080050267365","6.4810571021982675","9.737618010759432","9.823116065305184","8.760566249391534","9.952877467601505","9.28932854209654","9.59300286036302","8.682790605864337","7.930516474149937","8.02699992036949","7.3022249645763635","7.393940180656764","8.472465593037706","8.086055024940546","6.940788584037063","7.72027421286778","9.144638642131138","8.745146497450285"
"4.973754243984444","5.833912997160532","5.490482145260637","6.032776429710175","7.059767266268744","5.887510546478968","5.516549149089436","5.497615224263609","5.189188127441147","5.221731084187034","5.559670513302582","5.921796937509816","6.111752012368945","5.9666869806418825","6.804225543928107","6.092272076134351","6.37555611551692","6.491431971802677","5.166179872727467","5.3963779022011575","4.809962834949061","5.660312147490745","6.163956472077041","6.134927781240467","5.498030926444642","6.45432145782103","6.645442569025215","5.7400700241782845","5.666727330583041","6.866504876954812","6.4107955018023555","5.612154101387348","6.207252492296514","6.07791845993521","7.416287895243221","7.224391574205366","6.925240141012037","6.555081005116056","5.646680659912655","6.054956609980321","5.907653137091811","5.537430013896833","8.816133477723184","7.8070345420248985","6.191897283791718","5.233010158564157","5.669896113632082","5.2500762031085","6.155568607927107","5.846549140963626","5.727614078886403","5.981570897003285","5.488256592260644","5.847946905231793","5.867561879342189","6.002273671074775","5.713298901947656","5.656166855834208","5.903480148171613","6.019192473450457","6.585484944134722","7.808021813781884","6.991278563344093","5.862636777253845","5.187089515614349","5.294897314555479","6.006442936187186","7.306846204702272","8.099918110925834","6.704023649891889","6.177474479130424","6.4634381977085065","7.025063924910612","7.958473503185324","7.142941968661595","5.931491054402881","6.121990785634214","6.35726355897051","7.474951181145819","6.8919038760388736","7.083218565667052","6.83993726975731","6.282132992139033","6.7577096127096015","7.720435267826172","7.987894911647932","7.363725560664339","6.492621295380731","6.143104672140045","6.1462506773590855","6.217980035191928","5.551254643046545","4.975860202986319"
"5.0448529277256915","6.117301338181346","5.925730815119288","5.614214367099736","6.348420721780042","6.274092948205497","6.702934512310458","5.908488725437073","4.97806927495804","5.4126036359858185","6.007848883239519","5.558102914637224","4.821110760670128","5.811565434495001","6.138219782377536","5.437789401376945","4.885628775102964","6.306565648047035","6.890311448804745","5.141620506335418","4.483815170548704","4.594708547710747","4.996427730978498","4.83034179370717","5.230860316140341","5.263542177008978","4.779126105492532","5.777957197203226","6.180093470321852","6.300689963447196","5.4861904628401925","5.991802655895449","5.157331158539966","5.5471535628349145","6.098301187418417","5.537175523516923","5.478143944669491","5.513363807433408","5.313973485961126","5.573577939810867","5.833902062943144","5.852970658278009","5.751824530047226","5.662341755128676","5.130093435161663","6.050152666298923","5.870694400742799","5.582984130057036","5.641560421320505","6.136545576112963","6.106133364767811","6.156234881702717","5.843675813134831","5.761163887048595","5.646599169298151","4.752570712670625","6.076231468893963","6.971378585937217","5.633455139969522","5.374400915429634","5.413970438483295","6.41869877731536","5.924508128878892","5.458618704455409","5.370879170740208","5.6229075943482245","6.537091056925101","6.481764758214764","5.863888200709856","6.105885016330675","6.609955136582544","6.453660996581734","6.94387764774763","7.255028489598279","6.127773414937025","5.094370476639628","6.038808685987887","6.379117342955325","6.022801208448512","7.996978003993852","8.528839103895006","6.463415269364831","6.236687776905607","6.325132208490213","6.006989191773086","5.943979561513477","5.745995348245212","5.849486446625888","5.515550955877985","5.6918213383316045","4.85970142670643","5.494999399193702","6.045352041836125"
"5.593948686045387","5.2249091251583115","4.986900629851673","5.097066778387371","5.47394215132929","5.05878433944026","5.300285721544395","5.331115724192028","4.90764412021817","4.708809166126465","4.746923722187864","5.018536968025683","4.8687719069518955","4.790888041580306","4.735247857694162","4.91129666187838","4.969809468451422","6.258810889181996","6.627762201627699","6.177615411384619","5.76159549839818","5.5545400793641795","5.391752588766301","5.427070860625587","4.915284814948233","5.068733193419654","5.854572593244494","5.820141625721862","5.812021770988866","5.446293521352206","4.65754081658722","5.268391917422458","5.379500434996239","5.076671717346996","4.979307450819717","6.206516496856383","6.258625939105044","4.880131153109398","4.784467481108588","6.205575129192547","5.9774137778803045","5.199063156832851","5.937239347782577","5.559930726047944","4.603881386118028","4.977607133175126","5.34427107727005","5.637700249983899","5.646433680384803","4.968995068410641","5.464909691786179","5.909410331686359","4.8312495861713085","5.529570841104623","5.619229584351496","5.000702108803169","4.796984734872297","5.799015932649533","5.151385653765147","5.726974173602241","5.557652713690819","6.103641765175928","5.414770154699206","4.631581254491888","4.678034667062431","4.622608668549095","6.518382082524368","7.235838971221684","5.602841794793023","5.171129755381301","6.32824048492642","6.863311601773018","5.733370788421919","6.14312153511009","6.181310372745996","5.201290541325929","6.382184086937171","6.158386645485608","6.210241602448092","5.726497722087837","6.769262099676634","6.083644603518043","5.449399423612028","5.464743172281967","5.986711694713035","6.1899458459377","5.9516463751106725","5.649349035394704","5.9995469371700345","5.765177139770192","5.756604523561373","5.218063485144812","3.928109137369707"
"5.203257583264635","5.211301817528949","5.662824261187828","5.638149257497487","4.637252861224431","4.336560818987834","4.510100305485044","4.464008135119931","4.034921722930832","4.063437535534968","4.432831081065369","4.5299527094983265","4.614176641306702","4.976729865105316","5.263224000731378","5.110375135050362","5.0003349925363","4.9128007704071885","4.73037913750872","4.793564768333602","5.239715991150104","5.340897919071159","5.059647694691053","5.336167769712228","4.943503966481691","5.035049373582789","5.122600494447445","4.561801250188764","4.866772229275421","5.077803781504482","4.859598218606809","4.845171800523353","5.619498441237799","5.847013925482619","6.362694521798358","6.485546999391338","5.994862442308429","4.8961907798657505","4.757532632485891","6.013498792172378","5.997580307139656","5.2299103732156755","5.376100376297023","5.089864213331541","4.567960876399715","4.631466404367357","4.651957225510761","4.8553671468355395","5.218237228747435","5.119231526287895","5.84823934316645","6.101278064803793","5.478122197182231","5.183680776067724","6.014835882082595","6.049226524613589","5.1899513846828995","5.597358546947353","6.228174398719599","5.615469642829454","5.397553679287049","5.780440391392331","5.476230106443478","4.790040505401174","4.205457656930289","5.456419773676553","5.767312348080403","6.055410003440156","5.957966434224305","4.863329149874033","5.31106822940377","5.39034016194499","5.074367309078096","5.4921330367518015","5.78910394163959","5.628664921449361","5.276275660616321","6.063061849822668","6.269958101810139","5.770118100506045","6.146595317765614","6.7634660040100645","6.410977496549488","5.475339842930077","5.645996423670455","5.371707468713068","5.3610892099372505","5.348792605603078","5.597408819785823","4.92379515787255","4.748985409116991","5.991564714973545","5.9841196257422276"
"4.284288890796748","4.237135532586528","4.7558305747028955","4.687457921048864","4.616435213881616","4.968745786638978","5.463344842723623","5.300724467446005","4.360088814411528","4.181203076169878","4.008801950107269","4.211403323662849","4.684307390439981","4.650728656014076","4.1825974767434815","4.63057391367158","4.892262468491879","4.8852447353269355","4.790703753432855","4.016135900369712","3.56075950420741","4.552078924877525","4.641884860845008","4.482685667435255","4.800508323234783","4.660447214034684","4.533097963668435","4.179550448652274","4.960736014223669","5.252166383126569","4.58585979817019","5.854340285278494","4.781865503110635","4.1524250757996555","5.230573544024252","5.027137937228346","5.112029009043059","5.832771086585903","5.088166809499654","5.265134991014881","5.064586862279562","4.472060347467354","4.481882202078373","4.282400649324191","4.407770922964573","4.544807687116669","4.674088656972641","5.3150308371034924","4.7278686852461975","4.319646726750249","4.97982009427253","5.893104142707107","5.800567491660417","4.833553882711281","4.714388282733366","5.076750047119503","5.053249266494949","4.170063564915011","4.88422597936364","5.248689760099387","5.2442281374844155","5.2940807847929765","5.151628788746262","5.170943673246768","4.3757393023201905","4.10220663754133","4.73823686298622","4.907518905190112","4.483476533416413","4.304400117894833","4.806835311546187","5.516071178133743","4.634434838069779","4.754148977312515","5.02401400696295","5.082348545287906","4.374829460748023","5.415336645696304","5.962129719296996","5.072076141404144","5.38985784027559","5.219004086754516","5.358710904913001","5.704207899575741","5.79060443845968","5.273739072196718","4.818804260196925","4.901449496689924","4.86641608055577","5.82794798403546","5.198326899791545","4.96985945017933","4.305674640364386"
"4.571069752749984","4.3033229516878855","4.508333956154166","4.709497020568685","4.791325886585766","4.165958135645567","4.67713581449214","4.741885631482856","4.144684438165343","3.9826094367829743","3.528990697037938","3.912091196368349","4.335911937815178","4.74522758751552","4.457314881974308","3.7372139923663354","3.721677688448408","4.094330464998216","4.201243073921543","3.808908959132723","4.293695918706242","4.977096543952868","4.637932054493247","4.447726637430199","4.345175522552342","3.6843035799061274","3.630034638231007","4.131884046393758","4.192383235481696","4.056408850046864","4.346381541298133","4.72988757190189","4.640235960158732","4.8178958501950095","4.73014606214867","4.4263892813609855","4.535829596880799","5.091190300606139","4.5402695266145585","5.061550769636959","5.3548726761971155","4.610516980853679","4.6397255126760975","4.328147924927684","4.266970865027278","4.2059788075291475","4.316493126013298","4.485932030576489","4.268154673381417","4.123549987728972","4.718433136903494","5.307327493693846","5.08096252668739","4.635749653473586","4.699715555128329","4.168718744552279","4.211091345554584","4.216063149411518","3.868535552881478","3.903183331413283","4.45455305390287","4.499704845560397","4.210953630232327","3.741427449302388","3.806592075400843","4.373411312346816","4.157656072965605","3.9957883100710054","4.361990702243101","4.627884425860357","5.995525290282069","6.390181888790391","5.12283780428493","4.613043166182431","4.342697931006305","4.036386640873485","4.541012073774419","5.220167814833755","4.865028369126755","4.116398340613946","4.517867216096812","4.393429040964429","4.0780836947981784","4.053429786014054","4.342003835030367","4.371355019532339","4.228694452585527","4.180864545802607","3.815039152297781","4.341054199168024","4.49336427633554","4.699589423777479","5.029971276701201"
"4.058671377792249","4.58836861801018","4.6197739291259206","5.304394052651719","4.914073387044667","3.8807467674285436","4.216545996405951","4.414582408087766","4.2237860521873465","4.2301827334403646","3.876444802219739","4.284927772875816","4.896161082056749","5.192588032309531","5.008615800625271","3.7672275233941956","3.8143208190031896","4.0307618458071435","4.004241106124721","4.047224245566333","3.9184843767982502","3.7600641457434976","4.164751457023334","4.079866046386633","4.21537766159827","4.822863145902203","3.603953853991984","3.230671262411397","3.5112238261933277","3.7956856028310417","4.069889125154611","4.352868781306453","4.04664307985441","4.319100309960289","4.364325846511487","4.641054821510439","4.645896140526181","4.189356710319384","4.338054197689241","5.092806991333698","5.358931290161603","4.837078847577724","4.079822688145453","4.041213407172275","4.318114844691238","4.452794542870523","3.7693020967973565","4.48281605326863","4.674274766107988","3.9582222767986788","4.8352698791644135","5.943630614995975","5.778830122654321","4.581353147390788","5.036651371802125","4.630751886954916","3.6053463199310336","3.723874783592753","3.9096046082798837","4.194321225137516","4.337091194214246","4.8345091042709365","4.620180428037311","3.704393541783318","3.6669968534240827","3.9172139278928793","4.413705075192056","4.156592889347968","4.33875642236807","4.684641754465425","5.082788087492005","4.747101750077696","4.875953414799762","5.5547988736123335","5.370613936657638","4.68704615573183","5.054479728296992","5.842386219968515","5.023656723507454","4.09770044938632","5.3187764605678085","5.169799895325363","4.217878744060614","4.143630862938979","4.483013714985281","4.982835465056748","4.414897139186551","3.6289844566331584","3.9556442804619545","4.2321245265278025","4.460094952473731","5.488392466781283","5.689721909644992"
"3.7669959609546124","4.089202626150553","4.652443228307932","4.469745628881402","3.865929044091879","3.9878141544421974","4.420682465695062","4.165630611906999","3.8369000000383546","4.122429008760827","3.800483733232251","3.5978683184911273","3.8877127402338933","4.400063138733251","4.245878975517889","3.6414158397250196","3.976799697841296","4.041503334876071","3.527416841589707","3.1856929096328335","4.179553429422544","4.5583035747525456","3.974148217652994","4.020595417860195","4.37464670082943","4.061118347866386","3.6341242388234045","3.9644514959198673","3.93880731976134","4.003237882021658","4.4928365529667245","4.109746147929545","3.919162286267103","4.405352480270933","4.192240948825014","4.330501321546919","4.132597538593359","4.233004151065525","4.337482654908326","4.276567872833414","4.546522963658774","4.832114074115705","4.439245370832945","3.7916662805253334","3.8637336142483023","3.8056341550565183","3.870965857920942","4.82496079147468","4.99693251512346","5.700172790983613","5.6361489678242025","3.8827300515944994","4.654083819616186","4.749260578474394","5.4160839260191125","5.308843849513857","4.176486273002715","4.228288537209273","4.378004849702208","4.440231858378419","4.058349314750831","4.918964509651737","4.8387501062800755","3.75559579936359","3.873340122909911","4.4779930458436725","4.593392416575789","4.537969657140798","4.029290676086725","4.002714497623408","4.455833760644323","4.234929655491262","4.2031572694609345","4.0581679357411256","3.5484534624002797","3.567512282112265","3.8131075465013","3.9714775768187813","3.8495695821688334","4.014888544191377","4.871019950122413","4.46206510436064","4.305279830220108","4.984964534950692","4.294191923809297","4.144628556861924","3.972668633325063","3.4883963526746475","3.468061536503875","3.994419146959026","4.637045360826961","5.036367245287427","5.170816984678626"
"0.04693147197643785","0.060512082765186374","0.06892700204027608","0.060531560603728794","0.051740547323470214","0.04412138000276273","0.035851473786340834","0.04122176721302686","0.04695662003324921","0.05178500840831036","0.06547418464539442","0.07565616987629709","0.06996474709632987","0.05944592156052732","0.04702984115131459","0.055366525890241214","0.06785487146011038","0.06160609643550956","0.0576728723985675","0.051736917940233364","0.042287339779565995","0.04751660186124889","0.0660015419731974","0.06738400306070497","0.06503913557949356","0.07950462911220535","0.07836946651971564","0.07109271580248232","0.07814759802555256","0.08355039872076063","0.08443981216258158","0.06287510593458884","0.05481881872588234","0.07479399916566747","0.08071233254500843","0.06990219865003043","0.0698280268651761","0.07664276159590928","0.060702010222169395","0.0713264788086682","0.07868627869629281","0.056272697278987156","0.060264144422660315","0.06423548481731041","0.061303182277812306","0.05462007674689258","0.05233207262062368","0.07993014140432121","0.08501392458402518","0.06362306778051738","0.07171465577096446","0.06897514194198572","0.05402641602422617","0.05015443555577123","0.058479648450951674","0.0849760563935764","0.11197323433192455","0.08892435477332862","0.07103520247812185","0.08272306481407289","0.0825923240811408","0.07578052823012027","0.06702921707491569","0.05670263492465098","0.062459922815140685","0.0727399403031691","0.07957031160694307","0.0880275788716935","0.08096484978819943","0.08260046140080313","0.07931154310921612","0.07165283356286936","0.08076804091030464","0.07812163267187415","0.05370546007068623","0.036516333215099755","0.05034490911795208","0.06769610332049551","0.06659021748050684","0.07122576500792459","0.07274024169047942","0.07491658906384278","0.07826596374100549","0.06754917662647594","0.07034644636910879","0.0582655359658501","0.06091656936445641","0.08887056112408144","0.07104736555921504","0.04417555647743183","0.04768975453689746","0.06940558731565877","0.07646352665296502"
"15.42","14.395","15.03","19.5","18.725","17.515","22.88","22.345","18.975","21.57","24.165","21.465","21.035","27.285","27.425","20.395","18.64","17.965","18.93","25.295","25.055","17.785","14.525","16.975","17.39","13.585","14.47","18.205","15.415","12.325","11.595","14.1","17.255","14.935","14.69","19.455","20.57","19.075","21.835","20.375","19.295","24.84","25.685","24.295","24.265","24.03","24.065","22.255","20.265","18.065","14.575","15.945","18.035","17.7","15.285","11.905","9.785","11.03","12.42","11.87","13.145","15.33","16.83","17.025","18.88","23.195","19.23","12.505","11.63","12.46","15.95","14.81","12.535","15.195","17.655","23.395","20.25","16.545","16.165","13.495","16.98","14.725","13.13","17.5","16.965","18.515","18.62","12.16","14.59","22.595","23.935","19.835","18.42"
"6.808019393039846","6.667110650120919","7.365690609070571","9.392286106336385","8.984477103260826","8.703795995543144","12.116922432673142","11.72023317032171","9.409350278878376","11.222453186766815","13.465824191715724","12.602782774093109","12.48877588300666","16.51833423783859","15.789556011231062","10.897836446598456","9.956132083712964","9.121018545964848","9.368908806675286","12.672991781657988","12.954693533692613","9.074467335945668","7.5060954929017445","9.422099865238241","9.066250464759896","6.902929405332777","7.5289891563223765","9.250999101918355","7.819018248920777","6.333025449958054","5.906127462484891","6.967520457336725","9.015906714956818","8.246264010804614","8.12223283151834","10.320874474371166","10.694487451783635","10.15249711633994","11.999490005255227","11.806467333777725","11.361079041492035","14.512865502449714","15.616835936532265","15.311943075600636","14.913117736307463","14.105145458180644","13.763215143740924","12.485106028525841","10.837927981977778","9.471439309092995","8.023770841160477","8.039621907267046","8.27155868628291","8.807259668898952","7.5454527309120145","5.1570431575256395","4.311843773175029","4.8146766014312","5.53942854110366","5.500208781042875","6.501650226517041","7.39735818993698","8.227890107964901","8.66285934081671","9.953261201250283","13.415820325102061","11.321825522167812","6.4789903836182985","5.573125832372242","6.124444188486474","8.06580699521539","7.324405233623123","6.085152882183084","7.513422826574276","8.556533690083587","11.928055657317493","10.957863254514553","9.059751155845587","8.678777462651647","7.639522809743741","9.661955606978111","8.367949759788756","6.991375370905622","9.144906022550773","9.329829056266043","9.452300779978144","8.932440156849893","6.57209396790723","7.782188760987083","11.433146186810529","12.147386402885068","10.266574927683607","9.991708021373848"
"0.5208551559673675","0.8207235377164053","1.0204576590142012","0.8319644941564127","0.6308799484916924","0.45268858476417534","0.24031096854340142","0.34078556738240245","0.4617221334088525","0.5911633080493504","0.9783560067449096","1.201151376179433","0.9635249433377601","0.6939700090196108","0.4694630357457949","0.5852703474511616","0.8951018278077343","0.8050582059569582","0.6419414761761303","0.5791071233391135","0.39628276086572944","0.47989910918801426","0.8606300808297968","0.9383363416948876","0.8969871709133161","1.4154960949995086","1.4732594131578296","1.1501644632820835","1.5536395296153611","1.8374565309698534","1.6535580775876264","0.9253777917592181","0.5498452095795818","1.1852695536962425","1.5954359128665114","1.174041381272238","1.0581314078602908","1.5158405107329345","1.0709503217079568","1.6288603759551745","1.8725512706373986","0.7239512736664417","0.6509113966966289","0.7267665718235982","0.7419758302539593","0.6017742009944379","0.5705652118933314","1.3941410604675204","1.567476421373283","0.8582749981250963","1.0721541495773663","1.071403017473009","0.634447284728648","0.5489455440332345","0.7501438484632449","1.8776865538464171","3.8068025982609277","2.7208038447298604","1.0231314343187874","1.402746153892474","1.4898759096476988","1.235608832831747","0.9767100099429211","0.7536162342770376","0.9691434982987188","1.223886313493779","1.4957387841973786","2.01932539408107","1.7556192218975624","1.5685058877455367","1.3415778041308462","1.095311254112699","1.37673053717501","1.2812525160662387","0.6965627884774521","0.3350737589915551","0.6842595379689471","1.1112970484542672","1.1437328843174288","1.1126271919268365","1.0150531085905996","1.1807686923353018","1.2747522088739607","0.9280714875751815","1.050235651237592","0.8564082617296452","0.8931864068649036","1.5851327313325732","1.1956722383396037","0.5127917993621132","0.5496004757785229","1.0454739537990843","1.1923959483099502"
"0.2337109375","0.214609375","0.2020703125","0.292578125","0.3029296875","0.268828125","0.3547265625","0.344140625","0.2990234375","0.3653515625","0.3977734375","0.3284765625","0.3073828125","0.3648046875","0.392109375","0.315859375","0.2834375","0.2704296875","0.2981640625","0.4523828125","0.462109375","0.3082421875","0.2201171875","0.2665625","0.2648046875","0.186953125","0.2122265625","0.296484375","0.24609375","0.1664453125","0.135390625","0.1875390625","0.240546875","0.2001953125","0.2115234375","0.3183203125","0.34","0.2923828125","0.3462890625","0.3228125","0.3002734375","0.387734375","0.365625","0.332109375","0.3603125","0.3748046875","0.39984375","0.3577734375","0.3083984375","0.257421875","0.1876953125","0.2287109375","0.2603125","0.250625","0.2007421875","0.1484375","0.129453125","0.1546484375","0.1666015625","0.14421875","0.1867578125","0.2290625","0.2317578125","0.2412890625","0.2815625","0.350390625","0.29515625","0.183125","0.15015625","0.157734375","0.2296484375","0.20140625","0.1355859375","0.1903515625","0.2707421875","0.399765625","0.341171875","0.24875","0.2246484375","0.167421875","0.23015625","0.2019921875","0.1604296875","0.244453125","0.2487109375","0.2751953125","0.26109375","0.1411328125","0.2154296875","0.382265625","0.3764453125","0.2830078125","0.279140625"
"5907.843516605632","3766.1851217897283","2380.3515241205455","3836.615745485664","5101.516932911706","6135.427631510662","6996.03614080716","6446.119328967956","6108.769362824195","5767.203043875625","4760.365171323617","3118.965521232397","2650.969217801097","2953.760340448885","5715.358661094672","5472.643805124255","3017.6730285837853","3195.931774916716","2957.4567937892953","3872.5209437184467","5854.118463178014","5058.351377582647","2629.0291975914165","3169.6434575758985","3376.077109943435","2557.161586730625","3328.730542054662","3502.8151187447716","3083.994795089445","2940.616475758032","2014.840532795658","3042.1480975410177","3837.6817430045853","2541.8194140348974","3110.5824832487647","4117.821480042286","2915.2161689362656","1918.0591926816276","3664.057498673701","3684.480605173711","2426.0008160773073","3026.520453676407","2756.0557865276182","2175.051655402891","2435.619402515753","3224.480101561567","3450.152607445986","2102.8367695357815","1890.9243369115723","3322.6903615578008","2804.7862070858077","2967.4925729477795","3842.599564421926","4690.061146761212","4199.911081998814","2104.738821191724","1588.8087213325095","3273.7894776083785","3129.509269755641","1570.9110553311205","1852.2480458742532","2160.8441635094873","2808.867997860162","4204.603546199844","3888.0032385600225","2857.1628461414266","2308.239954064086","2040.6120943776532","2721.8865416434105","2481.171640282458","3204.886694682774","4028.0748988949576","2488.266078585102","2309.4826366990233","5740.276598899277","8868.019364300962","6797.426631941899","4270.109579046927","4680.945166237135","4430.943075338511","4073.169457747653","3824.417956308142","2718.6394636718287","3571.9516678992686","4416.005906733076","6359.33879633462","5829.514092997154","2437.523603418296","4331.841604922185","7148.929795299525","6339.992506714742","3400.477920369017","2307.27645500064"
"0.039888960464011025","0.02326630798801094","0.016981581344682126","0.03501580212005398","0.03607185759309989","0.02395638364419112","0.03746589399101521","0.03995377130205071","0.031761685993297845","0.04864850761513048","0.06343615673724809","0.04726307032922854","0.03226555004039543","0.03306249734663752","0.03600794278164423","0.032067992611194696","0.03479137313277211","0.029865923221511093","0.028274189154455124","0.07038088072072209","0.08142277586440551","0.04138430741575999","0.02455052068264521","0.04180637710380514","0.04086621749864257","0.020182216177392485","0.035374707153556575","0.054907338351837656","0.03362618133335243","0.016578764636975742","0.01312008853658526","0.011998372089182202","0.01621435133047462","0.013131447913622364","0.019202256209707363","0.04685396324512687","0.05241566024640298","0.03501975902887253","0.0369768264855058","0.035405020269464335","0.03618057756619904","0.06295464520772595","0.05207680327080257","0.032407370719844446","0.036986009518412584","0.041768830626918295","0.05046787513090163","0.04069299034712728","0.034586096782884476","0.026364421368152167","0.012830507092251763","0.021559632464000892","0.026658401757645667","0.03215129263545109","0.030062297721622944","0.016985431287591245","0.01314382654772651","0.017445203695687646","0.01560657752953392","0.013713270037316294","0.01809090638511423","0.014979588397007517","0.021108319570729544","0.026596615150156645","0.02659776839922166","0.03944861444812062","0.030809055858253886","0.010652867435115444","0.010730935573940472","0.01346531500708694","0.02620448455403861","0.024798380224952926","0.013262850195015094","0.023793071783168508","0.04263882924316727","0.12611106999508462","0.1081114281891363","0.03282382128906444","0.030729136542290383","0.020118974437081095","0.03930999751179426","0.03121528535485195","0.02516619137788697","0.055383974973705855","0.047839562619879435","0.03334555479243853","0.031035558154428017","0.015111338704036525","0.028539512334622468","0.06311097727527756","0.0794400740639222","0.054401556163038496","0.032479124970764196"
"0.021640638979449036","0.025344817873263814","0.022726051995817915","0.02537581994225853","0.025211306737762635","0.020667136452619344","0.011272636476593384","0.019425032104079372","0.023799063052933746","0.027448783100593708","0.03692515817069928","0.03664271368210838","0.031542707080819694","0.026065399207730114","0.023720228912943005","0.03154847937552667","0.03078286946962672","0.026587461813845612","0.01932720923935867","0.018055483172408193","0.016887570767449518","0.020394114618230902","0.02419357270512381","0.03061174479442776","0.029214578250640753","0.0360751648854057","0.040480267421698406","0.03348752485802109","0.041420492595349835","0.04757624088356884","0.03711480639633488","0.027334433739419416","0.030660189639798673","0.039689830154602666","0.04492171274037158","0.04618826375175189","0.03569709427024421","0.031672110195962964","0.031824209912415184","0.049347729629590595","0.04698417063419042","0.02085592580505013","0.020986653346921853","0.01830375488132387","0.02043406469115137","0.022079767075922886","0.020776825976596462","0.04075891649684445","0.039032699886687686","0.027219414857283065","0.03149851300292374","0.03087935731566886","0.02046123560008372","0.019276126109466826","0.031397495238159566","0.047247930986897106","0.06724905355850846","0.06835946515750946","0.032444341081263484","0.029127565668896488","0.03332997535616418","0.03380699385896568","0.03331207861117912","0.03252550471768009","0.041300752491580585","0.04394446030069181","0.03983157239591764","0.042763105113744475","0.041959794713714034","0.03603810533732813","0.04228164739969338","0.03988345272674458","0.03059843159070999","0.032139727084395255","0.030255725903642228","0.02102481331262536","0.034144915841264424","0.03650423465324663","0.040315379390885926","0.0395976081799697","0.033862600884664217","0.033885107294446985","0.028728452790974295","0.028381019623428396","0.03631121628062037","0.03796327547446718","0.041902561782453454","0.0379469029265392","0.03799718383992088","0.027289752098656278","0.027272591507911257","0.03381682203763994","0.03513616851000115"
"9.43099146431594","7.587422157755561","7.063929501346966","9.420721840708387","10.303852434890553","8.585439709182053","10.117588645522211","10.964304583510986","9.2154422031718","10.128430283118904","11.38761498295407","11.403892975646514","9.586124086407393","8.547735080125026","8.933889130720173","9.651371664172924","9.83770298392872","9.034587705036685","8.55775087274688","12.80616941165468","14.119560014391382","11.009939827265178","8.8690120644861","10.969702593963063","10.343978924959192","7.6728596364067645","11.933109401995774","13.70375769634009","10.881303920027241","7.619670268456505","5.753344679401715","7.21526160301898","8.43267306374438","7.961204368686942","8.305654700262949","11.474666661825083","11.04921264163198","9.154746036892563","9.210199509239743","9.923929413291894","10.486084827045797","11.506276548041075","9.585706807533812","6.453524230991931","7.014611535929843","7.1867308284087","9.044930900786362","9.31235603915572","9.041834714260153","9.182089903720174","7.028113189185274","8.119850675966893","8.371008003818895","10.435516278555655","10.456279213946038","7.704931862125714","8.154678105235055","8.518162947490497","7.129067260168053","6.608562627379725","7.6885613088535605","8.99672718270372","9.863118168206244","9.159387261165449","9.470776103361331","10.390715807873871","10.601278224817984","6.582550797373309","6.826646321584269","7.210298190782403","9.43755794684197","9.524909448388474","6.526007585040031","8.398629352459839","9.975268166821378","14.266358154763951","14.72132806508978","11.00626980407077","10.89806290126828","8.501174918797988","10.154289733900637","8.543967169880741","6.853692435468636","11.178550889985695","11.15633340304959","10.888515739071142","11.177459460897186","7.2183377587918365","8.41795105711598","10.643353559851333","14.2394092222957","14.346699097701878","11.300601753889037"
"5.225392835820978","3.776577146121569","4.065965993537825","5.938884600380408","6.068151529105301","5.3133064063566176","7.216128562268651","7.596965444518198","5.685620955760247","7.019908242588332","8.481146540833686","8.282191489517324","6.994315677423575","6.613349352257428","7.114705699435587","6.652975599404723","6.3907596564461535","5.533032660086908","5.199363938325357","8.556076654349715","10.155636409524096","7.96697168166022","5.368033240787523","7.15008949239345","7.227591452964826","4.872623496959278","6.6244301789132525","7.8730604530261","6.057177017649385","3.909882125160436","2.8583067889728246","4.025107874541736","4.999239766241923","4.498184966743929","5.068442367475289","7.3043575032421115","7.169511763731233","5.837270988552155","6.954365404830324","6.9535274453064915","6.988228728529333","8.877402689776575","7.416450443457103","4.924913907030482","5.526543096636368","6.397084974496804","7.038629642638402","5.991993033223316","6.420508288796033","6.317371415959721","3.713752935689782","4.076941374920835","4.658968562469679","6.553532135712345","6.505891786662478","3.762372542950181","4.034183164443191","3.864995703814685","3.1897599928607794","2.558631934268098","3.359337995140979","4.446505516779958","5.690094885055755","6.195980018732062","6.7200862107619725","7.512403436231337","7.102146861303899","3.432835479746752","3.8697278089199085","4.375122841851063","5.586511631388015","5.541592598520778","3.3267857068319797","4.7948167667198796","6.129847063174595","9.378000481115503","9.057183735397501","5.856224876093967","5.79829603806994","5.143789347803142","6.102974845263926","5.042080820800922","4.187926580826655","7.564495015115457","7.4784174790663025","6.358945312211985","6.064016685874548","3.348826607649819","4.503159573940243","7.102114341730323","8.979365256389164","7.634780177451669","5.001634154997996"
"0.5614065732191804","0.6790647811349272","0.7054079562705242","0.7220506423852825","0.6627241686437065","0.5409877117850116","0.2032442342117148","0.4069041023831416","0.514024858064346","0.6522800842717802","1.2133789110800417","1.3045213109875609","0.984255156869506","0.6953612279429883","0.5535541604442391","0.6288573127101317","0.789923292430586","0.779172904564279","0.4939780615625386","0.48346749425125723","0.4177833331803794","0.47929278151327653","0.6374986598544993","0.8460405566438421","0.8469830364406141","1.4947603851501303","1.5810669027023865","1.0217843594373226","1.6250096737897397","1.9865004887982836","1.515278193729577","0.8628186983459302","0.6737586660006644","1.2968114162821867","1.6829468997588637","1.5533135407977459","1.0714423741058172","1.5107649032199806","1.473773667422609","3.0034968139032614","2.9907309465048457","0.82313470768751","0.5454260257485652","0.4744101484193184","0.5811981680652053","0.5847683411431731","0.5429476430277451","1.7579158269331663","1.7538422747461266","0.8262098775397415","0.9688953419033868","0.9281988045388828","0.5176698551771322","0.49619668467060474","1.0620124084306484","3.1252978426977402","5.515872258448047","5.097923410567332","0.9126480695031974","1.0844085262023597","1.2628920169903497","1.1863714906677276","0.9719099855104097","0.8957046808841683","1.6457443051578682","1.758495934442455","1.5099397755242232","2.05922167864943","2.0712929097419552","1.468165251372828","1.320978259655622","1.114401686805778","0.9893270871307668","0.9481463604259248","0.7431010779084618","0.4852324861287532","0.9889849977823446","1.0978570666244551","1.4000896032283123","1.3055324621178044","0.7799596436930504","0.9346908401904518","0.8682257886891405","0.7440769047639618","1.016194868788208","1.0396844032376744","1.102138645597839","1.1965629411730119","1.1337116908594154","0.7236641639107825","0.6968042517187463","1.0166270254120113","1.147268768309517"
"0.21581142515637894","0.18187847330768528","0.15402057440909833","0.2284201189309336","0.23178442983000613","0.16796546145036598","0.17770492115151126","0.20009420083796617","0.187644699211275","0.21196073794727258","0.25075298894011677","0.2541768960197108","0.19651752873248002","0.13849559107624537","0.12855869339132373","0.18605975169598568","0.20227158462154912","0.18613054169653648","0.21248244628210425","0.29452461603520275","0.3031438762647149","0.2474168271657086","0.205652005819439","0.23316034207640773","0.21649986341088898","0.17263593984049014","0.24526245695280668","0.3054405257900823","0.26851825036903915","0.17817672888542055","0.13015988421546928","0.1326296938138377","0.1269827849968132","0.12703287759373985","0.17025145390319674","0.25274976708828756","0.2521416566913577","0.19697640849952328","0.17778019241176674","0.18552468617326237","0.20206843223559764","0.2101712210048556","0.18331095240993503","0.15407072033723465","0.14893944737501544","0.1512025314119149","0.1999309573210525","0.22552604724474698","0.22544435492051546","0.19670092440583334","0.13001989945916392","0.16654545508911334","0.17148706219420762","0.1827346255075239","0.17971500723557718","0.16116678145732297","0.16783881238664494","0.1751922379886302","0.1508600375034002","0.14045962498170067","0.16809878233514544","0.15751201281072977","0.16150211467480416","0.17212903368066598","0.17975345257028447","0.19207432834041593","0.1902262093986723","0.12705978692381403","0.13282205847956882","0.15049639137985793","0.18913818458643503","0.18743840133994696","0.12873543962533135","0.16097765256850052","0.21237013135766317","0.24289225835732578","0.24462496956039032","0.20109478195150915","0.19512412400082638","0.1722536843934241","0.1984372539368553","0.17120144566433598","0.14866938610469244","0.20787209847926172","0.20179519256823827","0.18895502740168388","0.19844881857484065","0.1448709637241746","0.19360730238454613","0.22391435947892982","0.2538895156745028","0.24510520389033164","0.22464124773858177"
"6631.362538240175","4807.562167243155","2574.9140011878258","4738.554902372916","5182.587279414357","5616.565970479904","5494.10977288426","6392.81253432438","6870.908935328913","7070.893193409578","7019.553314133349","4703.390674308252","3172.486231461557","2259.774908517075","6356.76316766925","6685.899075079351","3960.9634625246113","3850.4312734016644","2542.9407705670756","3876.169477251053","5398.75439847137","5105.007527482653","3259.5649645161507","3784.6387390047885","3927.1232871937605","3596.9729066415816","5071.475169278773","4981.014853159187","4508.7788794581875","4647.031807146014","3040.173467873527","3468.068175189034","3443.7023618395638","2391.918784095668","4127.7235679824835","4607.293115306846","3199.529760847172","1658.5234344330588","5126.098753017594","5375.123806693672","2605.6861888414287","2218.1948628403334","2339.5894330873193","1831.6636144886331","1812.67053161272","2328.023303237751","2920.999924655691","2719.7143134602316","2717.957096890159","4264.339246456746","3905.784792313753","3612.8034717063906","3708.368416410685","5278.751840104745","5357.302422247911","2684.166765212511","2495.9439518026406","4295.318205011989","4055.563473574161","1638.4992933007775","1991.3364573480671","2094.28456295876","2753.871713970341","3841.340992256197","4026.4341682778704","3330.0720216377063","2633.814525340547","2893.623171900303","4667.18482077585","4324.542093585318","4350.8890424697065","6069.453872421771","5017.453057601443","3147.9770214256637","6460.217156766373","6834.002194295534","6241.333860983455","5289.955574327605","6738.397415038902","7587.511873043673","7244.801621212967","7037.366046235988","5173.247264192962","4772.325827188894","6283.3966867115405","7791.989401359766","7212.378186784972","4737.197982461363","6098.824119222658","6288.570553998853","6394.021587444433","5030.1875060837365","2941.2091554732538"
"0.05769181178432991","0.03371755771633622","0.018076796553787803","0.04412444640861015","0.046831464140995885","0.027750129804886156","0.05218411828159336","0.05480347391994361","0.03506583372963647","0.07668580132071055","0.09800534573856289","0.07421030197929004","0.039808791751052744","0.03510659379205034","0.02711863362934141","0.03493798668763121","0.049877648215801845","0.04361305832424938","0.034096102076027646","0.10356860975319339","0.14580254229833134","0.11343781274617713","0.03857930017115929","0.06655096147788307","0.06761743236223954","0.03739215471369175","0.08309913913930639","0.10320160359016285","0.07119825620501007","0.029864158931119704","0.025954522618173662","0.012030989455054495","0.014483134443571213","0.014434629801795284","0.04629551357791938","0.09238618836710041","0.09225314853227067","0.05004386556468107","0.035210845454041545","0.03839535207934249","0.05720124156776709","0.12270747793023838","0.11482282657290298","0.034010082496812255","0.043868874407159676","0.058445445366261436","0.06455620928649047","0.05059837784908654","0.048604918367745956","0.04477689683793411","0.014498154705085715","0.029727104854758855","0.029349358582681454","0.05525194873205177","0.05572504110664376","0.019576625189003716","0.020982558131304025","0.029862491278519226","0.026446187869895152","0.021174109041591272","0.024286339584778497","0.01856189176534948","0.05784838501719517","0.06088007081378604","0.03056330960276385","0.04118906593810422","0.04078052245917516","0.011844120239648278","0.014636065927537474","0.020654829983248132","0.05707436095353568","0.05627106062751842","0.01771995946119213","0.048833621433213154","0.08086544641789734","0.2999647322587698","0.2983588355008771","0.05312650444771737","0.05112120374981811","0.053380070045674514","0.09143340023980623","0.07789851422622127","0.09535833244091359","0.1518611216563162","0.12533213823078918","0.042604594228904474","0.03542105728248672","0.030889961615687477","0.049463011081637136","0.07630625420948953","0.13119667690510453","0.12298340334534752","0.047591035010090335"
"86.35578480000001","92.3702935","118.90285936363638","105.37030907142857","117.22123353333335","131.79737555555556","131.79737555555556","131.79737555555556","116.81435727272728","95.56290800000001","350.0","141.70095257142856","133.1083355","111.669625","350.0","350.0","153.56798769230764","137.18291222222223","101.9425609411765","92.3143344","77.88026663636363","141.3497","97.02574687500001","132.87991434782612","106.59228055555556","102.35260142857143","152.45445746153845","142.50421400000005","149.4985761428571","153.07926608695655","149.78420535483866","128.62681336666668","128.62681336666668","160.38926066666664","149.496855","140.40289714285714","350.0","163.0924816","137.59817249999998","137.59817249999998","274.2144406666667","249.51561684615382","249.51561684615382","306.9280410526316","295.2141833333333","217.55170999999999","217.55170999999999","268.1001625","230.3410052857143","65.89566188888888","280.05356963636365","145.92595909375","108.73003214285713","120.95342136363637","172.97416950000002","214.69197979999998","98.5986745","65.31535","163.24099833333332","142.61238571428572","135.99952357692308","143.67999062500002","127.90268800000001","128.48564282608694","67.46336","136.65896","158.54076","143.9843863846154","144.91632142857142","127.13176111111112","127.50327818181822","161.96016529411767","134.808184","125.1504588888889","115.96734100000002","134.186574","134.186574","143.7580484615385","136.69036807692305","150.43714090909094","143.0414524324324","123.02002777142856","142.11021891891892","130.01581612500001","164.65708057894736","147.51587950000004","147.51587950000004","145.48042564102565","138.54807594736837","117.03363031578948","117.03363031578948","129.62124536","140.7508251470588"
"28.45197896968357","34.03682748731033","29.611148971706058","30.23725187225507","25.99771153085251","2.3999846929887374","2.3999846929887374","2.3999846929887374","33.446931993906155","31.708282","200.0","31.783697643745658","33.39983946703374","39.584775","122.60929797877412","122.60929797877412","41.138090686162826","12.264368515855438","34.48457253253985","32.4887125328627","25.756472667876043","0.0","35.28133424212024","31.442406330390508","37.604278060162876","29.022302684667277","29.679159713441706","36.69248084135068","35.66535208774391","30.95128607067757","33.086422503181936","36.829886506574404","36.829886506574404","43.5390135297875","32.16009840828535","33.8461846141358","200.0","91.40523659933477","85.15855726209327","85.15855726209327","29.86164907577822","77.08107414257319","77.08107414257319","62.265271943173396","3.260761174504442","120.5530855639885","120.5530855639885","118.59707067140916","114.43449806197432","2.1541019106721557","129.2948663879423","75.05545705198011","32.49180409923012","20.73292473064817","126.35772708388673","181.83393160997448","21.869060500000003","2.570249999999998","30.802882333168288","27.57607105764025","34.98411913644572","27.77460127730222","34.534992283610805","25.71493987747981","0.0","17.003426350132425","0.5166553582418338","29.102566656580002","28.001700219930743","26.108148795077344","30.13230884854549","32.02066961896186","29.474206757910782","25.443424953158498","30.98721756800944","19.6257464699521","19.6257464699521","14.754075036147364","24.620795363665497","30.03960836123819","17.137268570739195","28.207256834239036","13.029182558270467","18.871644259557286","19.655371033744217","13.345751451976383","13.345751451976383","4.133241074465683","26.296706792419812","32.14533972971834","32.14533972971834","23.55599489689681","31.167741449684012"
