"56.50672946268842","92.96435906424988","72.68802440214412","68.12157785326964","84.1355903056917","82.91705526525564","72.28037120657095","77.27521257774234","77.6845212521185","73.42457768481415","59.88721537851789","66.76110541021542","82.37719724485768","86.7365770817666","89.29692170501748","73.46475341916836","67.66946057121454","81.71907209921623","74.74068391988578","70.4803025856768","85.06852505283871","75.34727385986307","57.90513488487093","56.06720445759588","79.81401648266419","76.74524146301657","61.1903958739286","73.73212355293369","81.51512286867373","73.9808216129967","56.81706971993145","52.80202970039335","71.42569944674439","78.6327441102634","71.27494763713952","71.64629742704577","57.70046735280876","62.77768518370128","83.94968643126384","74.2596365859811","62.382882670303594","64.9332315478951","70.35906433210585","65.36723855848498","68.27436558484847","69.69996435976871","77.45953705725874","91.06693852780226","81.30757275731713","71.62950598703962","72.88406990838956","84.27204488035585","83.6573932445263","71.46761931665492","74.04601910337784","72.14408562143326","73.01822263862992","64.5166135406245","68.8765076958868","79.61076677049984","59.824364005803524","59.75557118756121","55.093549892444415","49.07989901354747","49.64261582466342","54.598884593192786","71.49797557391905","66.42485160105223","61.568572448991866","72.13041926395914","70.73658378501463","62.856784138748225","56.18401211949789","64.54066045355525","43.01266564899904"
"38.26830227933249","64.78518260795329","53.60883668871301","53.11326453074236","61.438390093195146","59.31504714368434","54.309416539331195","61.99603593788646","61.24852747543723","56.29839617308507","44.767384619154456","45.5908874675393","59.093531029863726","60.48743552935036","59.46398276345062","50.648764111086955","45.60021822954653","49.800717594344185","47.311445404464905","49.2956357936738","57.182817808397466","50.4853213272859","43.64075422446124","40.00457268736877","52.08821414210635","56.03863293262339","46.93110158335866","54.057240093190856","58.25494126504395","50.03550489977878","42.74997728060817","44.448369365680975","51.43048838242755","58.64224409310149","59.52192866137667","58.07270770368963","48.7465533534612","48.19481653851346","54.778414376277745","50.28618437129924","45.14827939422561","47.542065542739344","55.148941466946546","51.67171969041813","47.58957451265759","44.90027254900127","50.55203146550705","63.771353460893685","57.437134117036486","49.36348905450528","46.031676880881484","47.54581884184507","54.68067248574801","53.317283295052356","53.66282719969777","47.024082711861","45.68953468941654","41.19934149656222","46.09624610874974","57.3005651288333","48.059880711289686","45.53884476725611","40.67223794568479","39.40253724210739","42.15719478742624","46.15514107210116","56.02511844123134","54.66847023334688","53.34381426209233","58.13886971628731","54.484902001583585","51.105234515952155","48.46840113809917","54.28221503787458","35.633333850713264"
"7.687488631925171","18.36795989308247","21.87879982345958","19.888137453824516","16.55303933309815","12.399742112728381","14.185806180756035","20.054017413252637","19.385441164228702","17.954468742463497","11.06527747224641","10.094145537352638","13.635756004396812","9.55421833663564","9.910608987794351","12.601775223774096","7.939767438639034","6.901154463142734","10.45533260902555","10.668366406748385","11.17654908024226","14.35753343122338","15.984817009962828","13.454922264076085","14.57433401110372","17.78685709822788","14.870460764250979","12.658537728477619","15.46883820758055","16.985969615488965","20.691568840804006","17.17485595407965","12.834769107936859","17.532276976490092","21.281463934534223","21.652261382426264","19.364101227703145","15.246974667074424","13.173043307466271","11.236624278387614","6.739469607768343","9.605884815782199","15.588130034549181","15.419977972871333","14.784695145851384","13.951748796226063","11.800447303234423","12.16808619618887","12.01772107237989","10.04600987904028","3.0275989267629075","1.7374096623715132","10.219178374212829","15.288595418965617","11.156894148799642","9.143851401322936","12.93626481772359","11.7696047191972","14.959332639021557","15.924012699542484","13.643480680033814","11.826664889662574","11.30325835739311","13.764994408694932","16.043315745600754","18.481373770546192","19.461124102195484","17.98096745687398","18.187229078523664","19.170699221295617","16.28307344798292","17.538293166476237","19.20882317225207","15.723206791695574","8.9596871894976"
"7.254411557828255","8.361510645510206","10.192676962778908","11.760872486950502","9.520378683094929","5.639532926609725","7.5255486817064945","8.608910558843627","8.936437954614204","10.579009589944064","7.2228494615480985","8.161679917293858","8.683897044147534","4.255826555712786","4.717712315348593","6.162006745797214","5.493278618861764","9.078993964245802","9.363017626134623","4.531810271995501","4.298649265203259","9.567404395430135","11.982432411004346","9.319022160596232","8.779005931942569","10.891177869307006","7.835455166120944","4.033869216855727","6.023484280048787","9.618074343662839","13.107569887402088","8.465802470399527","5.566968117814133","7.832042143255155","10.248492146191445","12.204270032292932","9.592809196987076","8.573520308595242","7.488271539031062","5.581723912369898","5.3214603745698446","6.273577922020438","8.05372523390708","6.969160622843044","8.328507704026348","9.843500837924646","7.925582036212295","7.629444035987489","7.159060504079722","5.3459172119141245","0.35518979631419645","1.1403218788255838","5.255031298564738","7.344925794499725","5.744271782228245","5.558493363065951","9.69709909245225","8.456337346001487","12.541373809592178","11.53053900373511","4.80094446944612","4.471922092944175","6.837631567923723","6.600659403291545","5.9639288908106725","11.285526389025057","12.291697087848846","10.187999535489775","9.75548953149194","9.310678785208431","8.834843313933769","10.572324861190134","10.025921661224364","3.8700921736255838","2.750873076912496"
"0.16121884311556248","-1.2793705935937474","-0.00944122885107759","0.9008331312638727","-0.7343913628917726","-1.0665778526556624","0.6490852384138681","-0.264993668162687","0.6732943663564744","3.189762918722559","3.3648851682107686","1.262464251627343","2.372948057946934","1.9363891253932086","0.10177236251334584","2.0166812382701043","3.1431266034342062","2.071127744177255","0.657835115285937","-1.8555007105509476","-1.143029140509083","1.0323595730407877","1.625636549714119","2.0336359971597044","-1.512635443113731","-1.2169703711829714","0.6464105815311143","-0.6061074294390524","-0.0805555020399947","0.5223731265582985","2.710642162373706","3.421302480026766","0.9172126615905924","1.1252825493049237","1.8412764087913782","1.1582699324989496","0.7880340361493599","-0.61603414249189","-3.1468905749108154","-1.1263330630200399","1.7881682042856633","0.08451645729157976","-0.6445754506566067","0.4257108123608069","1.3619338452529781","1.051953380418687","-0.9003819483006494","-1.9209093415491532","-1.223045130891567","0.7569417791896943","-0.5597794892121921","-1.9821193291697046","0.26406026892778206","1.1661746727264073","-0.9001141363607483","-2.80650854110956","-2.2016399311248676","-3.640346968325499","-5.1247383932226365","-5.0341494491300685","-3.6091031711151014","-3.2348940233053782","-1.8234276545161887","-0.7643953341760171","-0.6899058556056528","1.9371920021010431","2.075827211068818","3.9070701017212235","3.8403090264537854","0.13355369842736012","0.6468016576723171","2.0449426385472655","1.9845705451015758","0.09189636289010553","1.101923823395955"
"-4.223945827915166","-5.181927742703795","-2.8538261067338113","-3.711500869163528","-4.101648782147144","-3.212261119635485","-2.977002409837865","-2.2259542013738125","-2.869040109234409","-2.9761900288128715","-2.3724094913181917","-4.08217079013337","-4.041997752581803","-3.157498493364388","-3.914216027357162","-3.6860232286171164","-2.9296772036860776","-4.074120025640974","-2.6462160961392205","-2.3570882519261693","-3.459955701964635","-3.594826866024484","-4.589294127842493","-4.240006474940168","-4.662594342884436","-2.6193195386142283","-1.817022773357142","-3.2408523889627254","-4.213253137790885","-3.305773383220505","-1.5661554511777984","-1.1409287982928538","-3.258527734169914","-2.796463692399253","-1.3198310462115024","-3.04187997326408","-2.9754019853603006","-5.519442714312336","-7.668607598432763","-4.938728560769997","-2.804725224543122","-3.4918858846408862","-4.75717602837958","-3.6160515428424973","-2.9952745847250086","-5.567632345915313","-7.554958429901916","-7.503861822505396","-6.095881949816618","-1.0960237880432073","1.5183723899752175","-2.419206578812076","-3.69907456786446","-3.821344301729531","-5.385686157653954","-4.376602720251393","-4.299829790075211","-4.97194087182109","-6.713628066901513","-9.672185150860992","-7.29049190950397","-5.599991381452094","-5.863942264461164","-4.8112311311721925","-3.285408399270227","-1.9814468803464995","-1.699458378803256","0.7589685143118265","-0.35222542739884316","-3.7295580522793914","-2.2108199662221413","-1.640589491727691","-0.9776019643760948","-0.6923602214124607","0.4855684868360971"
"-1.4766668924959518","-3.5604263154979816","-2.8907355417766674","-2.498400760134853","-1.725587538740813","-2.9882818335653285","-3.601210093735036","-2.9026757488580257","-4.588722533448348","-5.43066446954519","-3.9304025204694413","-3.256267215720075","-3.6446724187005244","-3.7749517841927567","-4.325422312142362","-4.766034774397313","-3.527677222050444","-3.2666567765411343","-2.317864959187146","-1.3700804247380234","-3.196794390880163","-3.6036550057055465","-2.449255884098919","-1.6164721058203897","-2.090449298627788","-1.8186752657919374","-1.8586904174975405","-3.874895678526048","-5.595636811105819","-6.433709740989546","-4.146534608554109","-1.865572995820039","-2.944285007685993","-2.739787077140579","-1.6102289328196124","-2.5403762878755196","-3.6010034535944424","-5.566383866058188","-6.455649467214468","-5.132549224981144","-2.7769067832735237","-2.066766421724826","-3.1251288801749793","-2.60012278777035","-3.3471854076446284","-4.241289869791382","-4.020183196704682","-3.7669599721971934","-3.4936520898751393","-3.5734141604420127","-1.4620050034896024","-1.8425023922261738","-3.662708782524685","-3.237564377702041","-3.442910814373837","-3.3092440464326045","-3.2095355752553383","-1.9554491329119585","-1.296397637553763","-3.52818047375872","-4.386406011859768","-2.810654339415135","-3.206410635806453","-3.2501450351746772","-1.1035274391027612","0.03906792553153881","0.5383885358440965","1.9848217123348837","0.14925571676645685","-2.02818163974148","-0.5462541500336692","-0.03762769125574866","0.20231391790176798","-0.5913793257227322","0.1828239427392092"
"-0.5828621232583536","-2.8793976390522444","-2.580539436005056","-0.7398192114382833","-0.7692037559145004","-2.009646194318443","-2.29589309589095","-2.768363203429083","-1.8416075815746598","-0.6802568328839","-0.7491761714812942","-1.7164973699573303","-0.9102863184733981","0.03856383308117043","-0.14612157052537664","-0.428732570373652","-0.7556714434325759","-0.5294539279674906","-0.9995071527648706","0.31372760192972554","0.7589653111295557","-0.20539731125400437","0.22022103035516147","0.8073115755722479","-0.46725494666860184","-2.6521271799992623","-1.7253023161815213","-2.1627948026971944","-3.409140517469765","-2.4753409895152427","-1.686645779893776","-0.5703370484273578","-0.5137402122964474","-1.4230933902794933","-2.3069728970785546","-2.8703063824969077","-2.2517919705944713","-2.087365271383547","-0.8384227598173228","-0.780486163172729","-0.30633863609618645","0.5512181761736633","-1.0928730072571375","-1.5893481725710736","-2.6987156659702003","-3.537207452671366","-3.3957808263857787","-1.7856317568639102","-1.0432566656730184","-4.028073142954847","-2.9974799018939744","-0.34584083702601304","-0.7504517957219319","-0.893692997778993","-0.8207372607356868","-1.7367717082747356","-1.7916974501154157","-2.007879023640936","-3.6299700981126586","-2.8559154991094413","-1.6533423914140655","-0.38965692365524535","-0.2019093610667867","-0.7949594655816173","0.2575447541624032","0.6508698072251806","0.6199292361514394","1.5851140233117493","0.8786493499965536","0.05115873828901246","1.2284466290554652","0.6219571888863942","0.33418046808148283","0.6757222714608885","0.8250492895581568"
"-1.4684434366363588","-3.1184276723955238","-1.2896790185614204","0.49287960295143185","0.4797021254361649","-0.5126153960488922","-1.0872109778991865","-0.14185461147106002","1.1226640360680167","0.9152429276347795","0.18120555427684504","-1.001238358688558","-0.15648851667253935","1.4344556787161553","1.2026806772089056","0.7814369594959971","-0.33682335914968176","-1.3990150125846466","-1.1929177699179518","0.19083183065788067","0.8922940887555947","0.4151185720404318","0.904897993394187","0.24018084740140538","-1.4642151942624062","-0.7273109436606557","0.2976702399074614","-0.4325210060977144","-0.3641953288583742","0.14002912754536997","-0.0520291144392925","1.014022295326327","0.27295723445884035","-0.8439829337890294","-0.9524053365562688","-0.9624867569065501","0.19409028924124946","-0.04173657947449519","-0.07471139989734633","0.5637272144188192","-0.34211550208466107","0.09752927520834874","0.7306928978068643","-1.8663965120678816","-3.7074813891833225","-2.93766619212448","-2.921519919146103","-2.472079971544627","-1.328233690786694","-3.5354650594197308","-4.733031585321607","-3.006811608166268","-1.72178045282627","-1.059446768838277","-1.762765114354853","-1.5438425260190451","-1.3210758722573883","-1.9575383529425554","-2.111188718587787","-1.9121783054316064","-0.3256641193140012","-0.05146586317275471","-1.3955031170781154","-1.3904460076747243","-0.5615870438284024","-0.2864678311888834","-0.24839668010406504","0.9966105029515547","0.8100669869351304","-0.34044423123112727","0.46942727965666864","0.0020577518569585163","-0.2990529018380921","1.5663188326029927","2.216834717350815"
"-0.8401908995308238","-1.0850082117972015","0.37247119947635504","-0.13778449628679976","-0.15088846940063036","-0.9700396830342817","-1.7904547829339064","-0.7395734079428586","-1.5079728581328007","-2.072455433417695","-0.5618467058944902","-1.4537832347047681","-2.2169135406536786","-1.5863890613678535","-2.6560119099306467","-2.455035154405907","-2.2510475438531814","-2.5303668948123694","-1.4442803366504027","-1.9081611568964398","-2.9476833637239133","-1.981908254797654","-0.14124726094313844","-0.1416503860395917","-1.7642537131351748","-1.29144977065794","-0.70674546536004","-0.3808080562208847","-0.3194817113518157","-1.9284884906393573","-1.0589452221877151","0.6615056753103542","-0.7046782236547726","-1.2566569705360546","-0.5706555860686008","-0.9655730988795068","-0.2370293007518192","-1.3988991002094453","-3.266901691813532","-2.0678716392119547","-2.777236522062844","-2.3491241503373415","-0.12539439644591938","-0.8704501226863874","-2.5294225143962557","-1.8068168079217737","-1.542721892490699","-3.290649084948565","-3.1407311256083967","-2.3571711354045295","-2.900004745082379","-3.2945251648755858","-2.3116996419060127","-1.5555609004212851","-2.446779684068584","-1.562016820486089","-1.392354774116417","-1.502679098731033","-0.21199117889924682","-0.7352042393361273","-0.7044394582946377","-0.8578508111693409","-2.1476928740164416","-1.1424448421412032","-0.1346636786007746","-0.5117236837937092","-0.5274001534173596","-0.0532931519850081","0.18624014134988734","-0.2747540948940243","-0.7988844647535918","-1.441653666880609","-0.00787241239986938","0.9496214927271924","1.3360962208554241"
"-1.7059229178831645","-2.972071248368272","-1.8195865841936136","-1.2591190325854082","-1.8117010749549645","-2.9367427335258003","-3.1714882041648287","-2.170177230604051","-2.076007584018706","-2.4378021096295672","-2.123247431782052","-1.7051912502411712","-1.8389110743253065","-2.108027282635928","-2.5012889082314143","-2.217869304562387","-1.8715008313528156","-2.5448554079392864","-2.6530740257921748","-3.2194429791542576","-3.249042243008183","-2.0091127184345168","-0.7375189222208679","-1.2802002446573204","-3.68101681283165","-2.9434386615255734","-1.3177964559043804","-1.2820878411625916","-1.6674640262147584","-1.5045087964043402","-0.36055960958983635","-0.22602805688753638","-0.889201467772298","-1.5077405074268415","-1.6215070569002359","-1.7187425960127185","-1.1605113527484734","-0.9905338192057808","-2.1306355588281263","-2.6905377561544435","-3.078378818920535","-2.915227709673071","-2.2755528528136186","-2.2127569955264956","-2.896535851469668","-1.869667146836611","-2.483229946333742","-4.591461782592188","-3.659247961556785","-0.9299422320306632","-0.5757940954641537","-2.4850689766398073","-3.0379154837160116","-3.03965666752784","-2.921744480345387","-2.2710267617123336","-2.2156898524930737","-3.1517844271797673","-3.0240753785582153","-2.1854290401379797","-1.278036343909401","-1.6167503740152578","-2.0333827314803337","-0.6661539446793651","0.0015126912322351927","-0.48704316008837995","-1.140113649818088","-1.2029330341840256","-0.7768502054158091","-1.2043918652761822","-1.6262302572820235","-1.3966177423490358","-0.4532750834040445","-1.1591436434286824","-0.6296632661630371"
"-1.3134101580200255","-0.8060717230466682","0.1334255008410051","-0.09469993632763565","-0.7127231816608877","-1.8554711221819944","-1.2567168584042145","-0.5920821444638087","-0.12629567297506017","0.9810898334990432","-0.4156501001004618","-0.7768794472839156","0.4290324922945231","-0.11196337502597853","-0.019652443602457076","0.6269298521382535","0.8511369980049728","0.8241011116927411","-0.3978717271856789","-0.8922830995903088","0.032852348831232565","0.6185175780025789","1.1748260459910618","0.2908932166712809","-1.1146485454110784","-0.20727778257965487","0.26195970405211","-0.28565032191430995","0.1968839630549286","0.5380325158766793","0.12776044408148754","-0.5811129581353934","-0.8655767363520713","-1.2814359311823136","-1.0052854359275185","-0.32285737456206254","-0.16537417131674162","-0.12196978672044936","0.18289705601832842","0.48886072415797566","-0.028606938615427194","-0.3377607527676825","-0.8565752823678409","-0.41071410177733136","0.8099150248553402","1.3390810625246468","-0.05546729578600665","-1.0080713090746314","-0.6444142695286931","0.2409202398750536","0.24161601294556917","-0.5676524546882733","-0.7190315414184996","-1.0417183856674788","-1.1967784159962926","-0.3380994833508679","0.9311993858883174","0.20317721345466924","-0.6512156048980756","-0.4564230792384544","0.403001568198245","-0.18318212490025637","-0.4663478376802537","0.07152205545093308","-0.3027848821981349","0.0767396220584831","-0.008982879993412926","0.15961837934092332","0.025130844731728365","-0.4831403785429221","0.4576257993198257","1.1006586909460159","0.4180986016610482","-1.1007122786045334","-0.6721041175242565"
"-2.2493573014204955","-3.0633866989939174","-1.7676817684331327","-1.8923444571126131","-2.675271997756816","-3.3353831910053633","-2.7141643514694582","-2.2386764722944874","-1.868136318960482","-1.4367132260797155","-1.3939727866521159","-2.203090553557416","-2.4455067622003206","-2.4895493893955267","-3.002847583294005","-2.5169464023117967","-1.570540938394318","-0.8098366299386852","-0.9677674356939275","-1.568538871427284","-1.9113531562632864","-2.044173352156745","-1.349199938641763","-1.7548379687457245","-3.09297285373047","-1.871120607552894","-1.4606626377745124","-1.5247263995015845","-2.131147255699448","-2.711806752167586","-1.1180909535644807","-1.1488271453360148","-3.0680857165323636","-3.3913401785731296","-2.0697185257949617","-2.3540537637567236","-1.7862692997936613","-2.3534460198945313","-3.0180332770751543","-0.40535689026063004","-0.39237325369360493","-1.7928118356754013","-1.610110465429071","-1.1465133821568236","-0.7351143873576267","-0.3490031349619918","-1.621841212124042","-2.5432334636679594","-1.4268831709981111","0.11262090418533832","0.14517114884868237","-1.4504689320487403","-1.9194004990187066","-1.1632849978735307","-1.3053281627144","-0.951317480817877","-0.6229791524540856","-0.970825572753162","-1.5098499750417156","-1.1351793692674","-0.42824623021253494","-1.479622577320171","-1.6818561279852582","-1.4819063040220108","-1.600157736339502","-1.1736449938469964","-0.9226139593167286","-0.09710702711707224","-0.4088106761566948","-1.5982229911087777","-1.1553647943290541","-0.8753652647088738","-0.8554279626245017","-1.0463652453662682","-0.7557935692665897"
"53.78514257819757","43.528516590531666","45.980961715420456","44.55047077598721","46.29514982494092","49.98239140405414","49.495663864922236","43.035114622777236","42.26110182974585","42.399150829098296","47.25298612175558","52.869415850757846","45.093021082110795","42.18641711524564","40.47182275439833","41.698181577848295","41.3058092978856","42.65918520701071","46.45364512297659","48.41170148468587","50.116804460157425","48.76845154470962","41.35400676985245","46.18252651068809","51.64360325231276","47.489551672061424","45.589348836245236","47.33314875845556","43.1522643491218","43.61819112901776","39.181414832043615","41.010562959951784","53.52705244091459","48.020527241543064","39.935776181381186","40.81991562216672","42.53159635464816","50.67673051941373","52.4966815852577","51.785183400895185","50.317754542379824","47.31074300324314","39.60029916331495","33.75572923111502","34.89409410330878","41.482703403775474","48.58335839939905","41.89597035441882","43.65426951787661","40.28115985559987","39.39433828553405","41.886373016083674","37.21759866376592","35.718330702100886","33.946907972778966","46.58252520195071","53.24282391656359","53.170112956439795","49.70910257159386","44.69747304048025","44.256048825666234","51.67940991032598","53.11354673558306","43.8458979381019","41.78522055927259","39.093107485691704","39.88712149025044","42.42037369935643","41.79168146715412","42.89247149987501","48.194551190490984","45.27861897497446","39.73751051078305","46.8763213336823","48.66436544895655"
"35.854351866984594","22.05931071898028","25.35490184748136","26.06702439252835","25.23088621359287","28.175171029263947","28.12575127033114","27.036314962022193","28.643628692504684","26.407516496638735","30.54923764344921","30.793191826492713","24.20875085661796","24.638636724892883","24.021638913336048","26.489945380272925","26.948741993182676","29.01913138649522","31.766976758920357","30.885722503885468","29.30186455640423","29.918777765822863","28.537457196431223","28.954466061028636","29.069670524454917","27.359649073874447","31.803216122544168","32.20879718124985","28.85397862219714","30.637516581926228","29.39234090566852","31.329586935194857","32.95890890574475","29.709858550514372","27.435758225344273","25.065056006700694","30.1068836178023","32.57840345077023","33.01446972924212","36.30505312131643","34.72925298710334","30.666432458967904","26.97453550247709","25.541093514963823","24.276009537565127","26.63793029704992","28.855651227466375","23.53809402139192","26.763798894161532","26.31769798517064","24.15337851479171","25.738683026809145","25.926221545433325","24.56898024428901","24.504190550986674","28.374207208048137","29.337170709769175","32.47703912979134","32.391400010974415","26.12283354125131","30.124647939349426","34.921431201618354","34.11394430785729","32.51322352379589","32.293089832083936","27.898507927626618","25.74268008370798","26.33534325771425","26.644950856736738","27.439578815857416","30.700723661133765","29.591785106945956","30.5772886635506","35.732435151844264","37.37253645785278"
"11.709007489427448","13.407370038176838","12.918810924100072","10.820646083062543","10.194059676113602","12.156798810353557","12.90082694182399","10.809672133379664","12.120518124917245","13.277757521229614","15.18948999800788","14.852643214419363","12.955124181201217","13.02820901310444","16.221931087713216","16.4063215686719","15.811574202984175","13.674841720033687","13.480857510255207","15.110127130731398","15.462499019484392","14.536654940434708","10.309734702486882","10.65150513120142","13.432458231475433","13.334217659708035","13.127098381681098","13.923603959977157","14.036702768933045","13.021040571757059","11.779024277658436","12.465188618248805","12.558863970867822","12.737147149697218","10.605443063353547","11.036592581005152","13.630036796324953","13.500297035775333","13.173560291569487","14.447876062418151","13.252051722460054","12.610352076580922","12.869253722229699","13.39251546539338","11.817921679328155","11.24693176617426","13.052403608610568","13.979075447547597","12.287548556459024","14.042014566121038","16.264725350644238","14.758942658711646","14.0633703362444","11.511067299334236","13.171430176985446","13.57034261125315","13.678075403585304","14.431892238587663","11.742290077122371","8.422447303219831","9.516123105813296","13.236126337883325","13.542076563060869","11.877395914990005","12.003793383338955","10.70241797155825","10.647930089855565","13.49817733336589","13.45409862758318","11.053854575265897","11.635317782524819","12.392823863396314","12.120124791401443","12.079787551171885","10.262488016779958"
"7.3024379973463605","9.214676242066881","9.083202957373718","7.013506076219378","9.742946135834845","11.372850889017386","9.691115299231736","9.862441291792008","9.851204028776706","7.409175487089056","8.42236210877155","8.756774111720658","9.093305028364012","11.077802366991612","11.038688196919743","10.81622195736031","10.926845173733021","9.703570150341733","9.9953225284644","10.310379334850076","10.579981271517202","9.921353766794747","6.9568427425091794","6.939756120912312","9.797871978883668","10.25996889747227","9.411938687498623","9.345639018597304","9.68910889359887","8.874699901788219","7.918392445102168","9.892748920058201","8.917500384224583","10.875340517125329","11.459108352016536","8.905259075449909","8.374650424472735","8.05945156501792","8.520079071787213","10.84433527022202","10.885283352623562","8.2243197790118","9.383769068200582","10.443023591188918","9.313405908898288","9.774265529635176","10.32101906869921","8.465434937226663","8.53003665886668","11.223145202004995","13.578098428632657","13.528205622057559","10.820715100440413","9.581758466353154","11.032955629069695","11.228435838105383","9.372570610062596","10.376152893667905","11.583254386047477","10.97456057777819","8.398027411065929","8.376039316237778","8.572562784773746","9.792606394712816","9.8518837400693","8.878319801357058","8.407200108309361","7.662335730271258","7.949148652733676","9.015582556664365","9.39378297304081","8.357551297292368","9.351362240999103","10.552867683557425","8.002787671621595"
"6.717698747559869","7.900003779235054","8.839381121023925","8.822830302178104","9.404647207510434","8.792339468896287","8.368642245172278","8.261897017968934","7.093729025012819","7.218116591270114","6.6730812453310016","6.657923777041837","7.594250234862667","7.9032444395375805","8.270668049217278","8.04098870584658","7.3738124808820515","8.405637969459395","8.794673232959534","8.399424151987803","8.260035599548699","8.628023615782109","8.53465833248908","8.00656110871958","9.050116643248613","8.511864297227525","6.710161591744272","5.578344870340235","6.233007599065131","6.453258657068482","7.237979084920129","6.9245286010001035","7.125707499366012","7.882220486412709","7.09196171470686","6.9365359732872145","5.810057391895561","5.836335489074906","7.048279980308023","7.70593932470172","6.601926768634938","7.033248324643692","7.668417396548761","7.9649822708779725","7.813038175968202","7.81267986829053","8.770098424081429","8.714875724884157","7.909160003083816","7.116572816235662","7.799582164899795","7.837584662901197","7.147205648989582","7.145378766169625","7.629955273381961","8.80397609759743","8.43078881748816","7.9531880334255485","9.29993703713897","8.36114787106617","7.598814149592307","7.915577434343147","7.631179552615722","6.931174674962996","6.814452160232189","6.48019067176622","7.1787810764274225","8.384639294400408","7.708399288482343","7.539983361714248","8.727204519541246","8.531236101131713","7.855168828888995","7.30485361377467","6.218441375578386"
"6.572925527328155","6.804346443117402","5.32274935063114","7.008413111852922","8.065870032709054","7.717007948300712","7.49288920912002","7.176559001524618","7.620244727938235","7.949808496320373","7.349508097175494","6.101724308919485","7.342521810011269","8.08884612213018","7.738054480309778","7.27949837114615","6.778641109257214","6.24691189406322","6.404035138350339","7.729138848548316","8.177956642888072","8.740862751302553","8.81075746150927","8.872357360003708","8.421899601626325","7.030289104211064","6.172161803108429","6.204520237382883","6.390815683182423","7.38295066037755","7.7462744679050415","6.960469587328268","7.12137359247634","7.611099825537325","7.021313842989296","7.057347789202578","6.0598647742636285","6.608650751921908","7.5125517324836215","7.716880118777196","6.363193948445421","6.830191549569692","6.9507284529141895","7.488125588798498","6.921130159870176","6.784404163902428","7.055549127314316","6.210382035043005","6.687435117350829","9.908959669183032","10.869173047969351","9.749574550064692","7.627061091602484","6.582168518361791","6.694331472633878","7.472743189881528","7.586118342316957","7.481285906748845","7.268101007970057","6.4128132136851725","7.146016995369886","7.13528350216773","7.024208609695622","7.128037190143881","6.815086838087197","7.362068639781397","7.5215391393849345","7.0989027056931375","7.676169700513846","7.370826581060393","8.117108955212798","8.567362699205793","8.623269187143595","6.981994839263958","5.580401483491878"
"4.8221440886601625","3.8110693064803156","4.551520315247468","5.281574314133431","4.926912932042624","5.767154648726068","5.851260795490727","5.25286240127843","5.930614607113899","5.3447610719454905","5.346912761892464","5.376171388492219","5.226167628515482","5.280303404138107","5.149966416033864","5.359392087182962","5.375281056920268","5.7160915447791805","6.030441881975091","6.002334122373109","6.170256627756047","5.984917635296679","6.047911988915584","5.791604387278985","5.606280755264909","5.499864730876132","5.783072710597064","5.5087404593288465","5.237154617511393","5.116528499345495","6.061699200602642","5.438061956817572","4.759195981825225","5.1030929674894665","4.816393243637979","4.7934442113526865","4.575244718507296","5.261062940664078","5.956539376206436","6.268174821910447","5.638437571697007","5.110191966650931","5.270015903087257","5.3130491930089265","5.620674810104574","5.799531607274834","5.973941374421976","5.542334524090151","5.506939236787903","5.909469554803746","6.653896130288743","6.555445686743326","6.1516983756323205","5.600854195681367","5.553812915194471","5.72561645705432","4.951525874761621","4.955198553882468","5.523878983592049","5.909235710766202","4.942744044976563","4.391446612720121","4.7618935336675525","5.093878645721008","4.857199201239571","5.277179304150932","5.280161054822922","4.8549849948794845","5.660241340747006","4.99709534916479","5.009153140987544","5.6587045090848545","5.969530824762049","5.6010237336338475","4.7293740836214315"
"4.175247148529786","5.142685532319981","5.737478652118624","4.906211797574014","4.61866049271658","4.653468176335421","5.27479630749105","5.2825192614432055","5.223480304670774","5.424101739510118","5.2293824293793625","5.111321211418482","4.676760285670244","4.620607522948729","5.312699304391657","5.677076638773544","5.592545537120477","5.800443634223347","5.761744808038252","5.144218907726143","5.282039487586928","5.420047853045799","5.03168968608258","5.811391589789246","6.358980372080505","6.560429301396325","6.351245659632926","4.971316844174288","5.077754045128053","5.392445184121202","5.906743223677798","5.339605212491815","4.563099007775509","4.836736821749278","5.372639331929484","5.667624225671944","4.828906632228089","4.609033681680885","4.870392421968825","4.984675188112857","4.85676219889402","4.184625847400969","4.857392085134547","4.991186451960576","4.7196371669862085","5.616854359766188","6.454572949178971","6.273540697293361","5.637260339123272","5.961974769682302","6.495700898507577","5.180684061910389","4.881150091406178","5.501484615547159","5.429001006238784","5.923501671886227","7.558567593955782","7.258234503288812","5.791612383601742","5.526200539339886","4.89390013434806","4.6948844444756865","4.503159889457339","4.603837104756617","5.377491696969275","5.70535417309641","5.578002559627949","5.098288143482483","4.776030300985951","5.148645473288016","5.629741845402935","5.717471047222123","4.915548163535321","3.7163166380315165","3.1453118076230804"
"4.16780831838842","4.503190666371621","4.755396133270207","3.973714316853525","4.23931643335671","5.053440313526321","4.687776454283891","4.1091185779896975","4.7689863661840555","5.0646993259062","4.208022269258674","4.183395025816105","4.328742137878111","3.9357797461246875","4.334171170914427","4.057616745717752","4.131058436793099","4.532476562838846","4.830030578652033","4.511466768083409","4.537617658238599","4.634131709510665","4.189878722160136","4.855449886343248","4.608184539849786","4.299407022234547","4.4951215613563384","4.616428597669848","4.51225671348419","4.311688385073822","4.446086918879966","4.439344446268981","4.236871036021106","4.059878130869573","4.340248831661034","4.261244966059846","4.243151526991939","4.706688209950902","4.569749833684237","4.012098829077551","4.137181401972468","5.463153959206561","5.4855237330788995","6.0083340039342366","5.651701730995917","5.255744662514543","5.228398458707126","4.972474088038926","4.742908051959657","4.981967121269951","4.904887873583512","4.624426751193637","5.282292570780887","5.471269088102871","4.642746579831267","4.278848127249963","4.505974522343441","4.355309532846532","3.8373011396330376","3.986980162594435","4.206382065117803","3.7227790272553585","3.44618402259763","3.673489450777749","3.9553423890932335","4.730629938960252","4.668250277904015","4.026413593637475","4.439520827379647","4.5448754729632","4.40453721407393","4.419525516013237","4.002694046577248","3.492721650957137","3.294722720261997"
"4.2956247688684535","4.133980283671275","3.475946604620603","4.42963891396721","4.54328947205324","4.204764920274083","3.8958512097979243","3.3407097352203614","3.475486697879167","4.2017112606831075","5.152442137390063","5.299587863297359","4.657805085132044","4.1553218462611925","3.6656325686810978","3.780594599012426","4.256297066526515","4.373157249888694","4.136205248310005","4.5736255801678976","4.867915408203837","4.340697713989402","4.170178091839521","4.519639251834475","5.134511441843528","4.891486316982443","4.366123760841958","4.781088111238523","4.684491660385829","4.5859272219754565","4.236245867391811","3.696619599044993","5.205645125006329","5.061704862493974","3.4851862290348667","3.5786241798419924","3.5124911318666268","4.510736157308418","4.398652087924185","3.781364028031907","4.306408936125807","4.912519148971548","4.36457304625302","4.423802480475415","4.592018001315628","4.6460881207379305","4.893601824870507","4.914425748460463","4.014831001691159","3.509435723455607","3.5089902527465116","4.228016862069505","4.5905058697020715","4.343897414801906","5.390766851328359","5.419162789791371","4.747924540068024","4.665115387131541","4.421294426528867","4.5782495087991295","4.265310518913706","4.093254060929996","3.9468077501142043","4.154674658010008","3.737990948243268","4.263127127697219","4.259656615933536","3.9690437186362892","4.675692168720811","5.1562824649487204","4.935392795077213","4.632457378062751","4.063553487685962","3.1284669193299224","3.7455327989476235"
"3.915958120915322","3.996170101975452","4.123977779641078","3.903568520304851","3.6498156793161507","3.9761173595044874","3.7752611075739786","2.9213326091496663","3.6213024261262254","4.227222860902513","4.331602467354331","3.7588705594999055","3.5858999934267985","3.926119696445194","4.207484378737003","4.038840126567085","3.8002895811562416","4.509875180651272","4.278740098213649","4.241900492500558","4.411422625029151","3.770285072737053","3.5925729646143245","4.46199754053451","4.430475144847653","4.228898631215553","4.797798717706468","5.006067599557495","4.843473686815963","4.9715638686945045","4.55436701451429","4.708237865264313","5.000212386257211","4.392846016188175","3.7818871119660336","4.323035869866835","4.383756593195999","3.9874055794094607","4.398555720140518","4.357719380717017","4.278177999541315","4.778102677255675","4.551664714764708","3.9103540547076743","3.7386064241221786","4.315128034092502","5.14586381919303","5.046316054997409","4.643460883031658","4.277582656335662","4.153773182079274","4.02010273074119","4.610553654276203","4.699743344558588","4.16020111787024","4.607689842923035","4.9193875507722","4.85514156218982","4.750300440489429","4.308408206873602","4.231531185139409","4.720389690782577","4.473724531721764","3.8264893640409996","4.091527007903034","4.476360147952823","3.724506027182447","3.8200074365277246","4.360969118886994","4.203410513846764","4.438622698273202","4.2863761745114","3.4039164038154386","3.859069487247048","4.419336488651008"
"3.4334926870746867","3.9447607284057056","3.2894812264194173","2.9529958329967916","3.32604196295637","3.4562071687204905","3.454425520401197","3.0342102593562994","3.405524170548331","3.7538288247967118","3.923202590962193","3.8723354542099884","3.9875233336872977","3.99062129447577","4.148985142106712","3.614757147276494","3.7437678834203014","4.107533463087797","3.463584632959364","3.9317891493648993","4.415780176543168","3.853469103691729","3.967926745112074","4.171155653900703","3.754676759145739","3.765128759758206","4.143284090793171","4.262016950048174","4.3176059229517065","4.470536444903262","3.8084949016440763","3.685083257221066","4.110076293725285","3.800359736098417","3.5011545628530825","3.7063888105531744","3.6249699979061565","3.716077829739062","4.171082732600671","4.492801157368636","4.640038983926928","4.625342040192541","4.216122211628428","3.6854533514847483","3.711517926336495","4.420958585243822","5.0415145491080935","5.072166103849247","4.699096868972738","3.932519887115974","3.981381065807036","4.343551410291012","4.352197440403389","3.765928894887747","3.85802250398127","4.3798045835791335","4.104650019888486","3.524065892364952","3.3937480848565795","4.032866822911527","4.040918654742815","3.9571367579846584","3.9080726064492857","3.71008107454444","3.926720173748018","4.366790890189439","3.850652231887828","3.2133223523816543","3.759444694420722","3.779553018476754","3.5709641774857186","3.813115170183605","3.857896656167193","3.528061288800827","3.5383015338259636"
"4.063548234589333","4.269455930617161","3.620085763099387","3.134832395369502","3.6597391949340716","3.555971051586812","3.4708650724488597","3.386719599926575","3.1820297580501404","3.6325733658502677","4.061268559055956","4.009508377521846","3.453630170035331","3.6641988456251444","4.108459166227527","3.5248127744872573","3.7740157307200706","4.384897490101045","3.614373350907824","3.788593351665129","4.3926176864163455","4.496449046025336","4.460222130189282","4.468555067648022","4.660664158017684","4.020006469409006","3.4271923326198506","3.699594833672584","3.964599801553133","4.4131834523911335","4.205968340375528","3.497351752901357","3.9701521045309067","3.790241611102364","3.3897084934317734","3.6055404380355185","3.6268124336862546","4.72809645210931","4.888284947029086","4.356525317903577","4.0499384487915515","3.904770970656153","3.9441276308369306","3.53741459391861","3.7313856413049447","4.114089720921171","4.260604339276921","3.923459475188821","4.269404765854552","4.238772460700151","4.013227426873198","3.8256760491611685","3.4895394154195514","3.853124535224789","4.033037672377845","4.121753530179563","4.607098259844568","4.14397025405355","3.367523639486087","5.071357800779504","5.480631737735915","4.56067563151301","4.13011622799557","4.057611695247645","4.072051965252155","4.272483145745973","3.8682547950362487","3.4241850708921056","3.6193666611409787","3.5881737570786854","3.47724234774732","3.899730847138196","3.892052672588621","3.2004714649062724","2.9888144133682126"
"0.08389306598484828","0.13580653435418064","0.09636624173339625","0.08964952661612376","0.11709989249161425","0.11518640383427556","0.10084145476722624","0.11046700647624975","0.10675701833811793","0.09404433732565778","0.07365751316204963","0.09154574052281399","0.10592293612060141","0.10003197731198617","0.09972075170927777","0.07650455096585819","0.06450805096964152","0.08860614679603182","0.09231293658307443","0.09197698676752093","0.11893863601318522","0.09934577957683899","0.06263756252857319","0.06858989339799171","0.11809014255562113","0.11424236706107355","0.08218701831548969","0.09576598829630135","0.1065036721167513","0.09103513861876031","0.06449423293323228","0.06003605231403921","0.10012618606482493","0.1133175701642859","0.09615810045952342","0.09775310963423264","0.07206157789038184","0.09148626453491866","0.1244665297146856","0.0995688424060478","0.07814049422976015","0.07492333500029996","0.07872906299914002","0.06314830639596553","0.06513686288542087","0.07560419900108284","0.10479594053143343","0.12431554356027716","0.0988448879600951","0.07662817620681991","0.0726557487440306","0.08761466934215331","0.08719846831527775","0.07109664075197059","0.07348547242540195","0.0900882985670689","0.10710112271885139","0.08980536490667877","0.09954958772439758","0.11468868946421926","0.0751096055565382","0.08747563605559927","0.08366495750432079","0.06249114845403231","0.06269851781298452","0.06722941959510752","0.08866304664909679","0.08078870206337774","0.07863810565001979","0.0949910446115555","0.09259180107001351","0.08049001624368729","0.06571988762506756","0.08144702465354774","0.05422331903022374"
"21.36","11.04","14.875","16.74","14.78","16.315","15.47","11.455","14.37","15.375","19.555","21.885","17.695","16.235","15.665","17.515","19.33","19.595","18.86","17.755","18.205","21.47","24.8","32.295","23.99","12.655","15.7","15.355","16.885","21.73","21.16","16.79","15.865","15.345","12.6","11.635","15.985","16.45","16.37","20.635","19.135","15.075","14.04","17.755","19.085","20.61","18.735","11.62","16.24","19.48","19.44","20.71","16.255","17.015","18.72","20.79","20.96","19.1","14.19","10.135","13.735","17.675","22.76","27.045","23.63","15.305","11.38","8.455","7.305","11.875","14.0","12.4","12.62","11.92","15.53"
"13.871088892302607","7.210717764956065","9.575997940567676","10.399226454959962","8.980638872147047","10.309691544222007","9.799391626972305","7.280564639342565","9.547115370538286","10.037133526569349","12.720850978899527","14.349140746907054","10.915175587907893","10.280014010001773","10.574529963415568","11.525540102120555","12.881105140734691","13.4979280296501","12.75129423005224","11.372593761372212","12.024563208231847","14.600288072891448","16.501714156167484","21.755940921482303","16.48033934888706","8.309037366761423","10.084924639942585","10.077727076626763","11.59613379299668","15.301515612392889","14.616358172091884","11.34334669161543","10.594772681329962","10.38881603261308","8.678028934970612","7.57843582746706","9.98584436315979","10.190911252379628","10.920313369411955","14.244747862422166","12.803889416635345","9.926975716045183","9.534498474809817","12.13514709020756","12.454573420020626","13.213230869434797","12.350931172275743","7.694675517789338","10.752789984849187","13.353728802770508","13.483718173106258","14.32506399720016","11.151678758921994","11.16120938931383","12.534897444803319","14.272384560706644","14.266338295340777","12.340209180863393","9.162727074066414","6.688259504720079","8.696647142663155","11.308868105810285","14.699492608031976","18.001282705206933","16.06201437690237","10.075888223732036","7.4690243090516155","5.7215453218895265","4.780420393335184","8.031512997417472","9.391592740115925","8.194555783234739","8.311053999137219","7.755726077261821","9.180815522866776"
"1.891157735348208","2.202524666318492","0.4245728618633217","0.7912751280627678","1.6316018455407655","2.092749506333041","1.6114018201365645","1.0844943464689734","0.8171893928612327","0.5079271629290405","1.4321029135242997","1.7963242357012499","1.4755054544042339","1.4405821996784542","1.0611713504336828","0.7729182677633165","0.6908517136975837","1.111217105683221","1.0066849914014961","0.5428768045428487","1.0046031995923907","1.0265714313332965","0.6469600725192555","2.3654205527349323","3.0617150906795856","1.2306397288045832","0.6901921411631726","1.502680976215581","1.3674765637100277","0.4990596949988999","0.2354873003843252","0.4430389416953506","1.384261711113358","1.4201948554073873","0.9566195924290725","0.9692724813480926","0.6368870308875075","2.089465890489367","2.772761127854959","1.6446201597232093","1.0097572305317404","0.39556355602544113","0.4205389343456403","0.4523950738865667","0.3105765948813968","0.6331487439761596","1.0502993489112642","0.8062202477327912","0.949294828263974","0.9226671805048077","1.2591358246279085","1.4086677047012721","0.8513685836138696","0.6267355349693665","0.6550373649164954","0.9998319139033391","1.612832646464894","1.3821348385819805","0.3818716630432742","0.27458381813561994","0.30111100113117767","0.8852557040347295","0.8706763209326398","0.44754684097979036","0.5339190485884446","0.5326006327449668","0.610150832833329","0.7289342821567358","0.975167055563298","0.8906362852527738","1.223058165948935","1.0288719876267938","0.3804788391307598","0.6896671144606918","0.45170960671659904"
"0.24140625","0.1469140625","0.226015625","0.2606640625","0.2252734375","0.27421875","0.2559765625","0.1570703125","0.187734375","0.206015625","0.2474609375","0.265859375","0.2476171875","0.2428515625","0.2228125","0.266484375","0.296484375","0.2516015625","0.2408984375","0.245078125","0.2359375","0.2640234375","0.3405078125","0.4535546875","0.308046875","0.1797265625","0.2363671875","0.205546875","0.206875","0.2598828125","0.2611328125","0.2321875","0.2246875","0.1982421875","0.165390625","0.1618359375","0.2044921875","0.21234375","0.203515625","0.2596484375","0.2663671875","0.2148828125","0.211171875","0.255078125","0.26421875","0.2809375","0.24109375","0.14796875","0.235","0.278671875","0.246328125","0.269921875","0.2253125","0.235625","0.277734375","0.31109375","0.29","0.24796875","0.181796875","0.129921875","0.1621484375","0.2126171875","0.31859375","0.3710546875","0.32328125","0.238125","0.1755078125","0.1273046875","0.1000390625","0.1545703125","0.1913671875","0.1839453125","0.17953125","0.1572265625","0.2216796875"
"828533.7306366089","27299.158002423257","63924.187917453164","63267.79667281156","33328.30700406211","40405.544617590735","63095.67959665381","53350.03712243828","44454.085107782565","40591.848139826514","85776.96950220542","84460.03975889694","26505.41269338158","22817.75708150807","18299.99474980279","298654.79344809847","310132.60834520095","32108.673075953797","106873.1471878299","140792.28737548031","60259.76828785298","37656.87424273737","60548.9444668108","99824.40524299286","78473.51321973494","233391.1084189154","325168.70557100046","134634.06823980735","35178.81462801693","24706.36487065202","32531.003550173198","109723.67561828792","138369.8084463596","65393.592370146594","45273.36832647547","54156.977030044145","278076.472289221","336423.5578157185","106556.38888904467","76319.26840931165","293757.2137448746","258652.61918320277","35279.74883149148","27332.73700791834","22421.780799138574","47937.59822402888","49682.115685984325","14392.806362257446","21954.404088820167","26084.81437522175","17050.168336143095","17972.93077948009","21369.585278391292","21127.271436263563","13969.000736763679","48747.3771747171","62625.91814609041","720734.8325419665","709003.3546213056","39837.39062280225","100374.05360176062","317972.54201617057","357699.4339172857","208103.32331972907","216654.55599231436","128724.03466502967","27406.89730921075","68181.2744484938","87397.00653173823","55873.04409476595","52683.93308424157","57478.09409991323","167049.33505242865","570425.3843986979","826656.390341028"
"0.02034480875393902","0.01855202412542005","0.0643703833226465","0.07654823955695994","0.03987148740530212","0.03898061019736707","0.03475980847805035","0.01659752859083127","0.04460262160235791","0.050825311022376835","0.032318063753957425","0.10357539458990152","0.10569164584635361","0.030672650209888342","0.030686800812161116","0.050667405779879625","0.05415872771131947","0.056193190561026035","0.0467268149735917","0.027295864888201994","0.10371073320749544","0.16999453277997703","0.21984537978689814","0.38299415695399447","0.24455733245032016","0.02264235734476163","0.04149832442138813","0.041188282217504375","0.22655718835210883","0.25919157893231465","0.800015015919335","0.7600434175508378","0.07202637899506766","0.11110152957558177","0.07449064523656838","0.04734169148482827","0.06368160807189208","0.050280088354054724","0.06397907876325584","0.09053264899344575","0.047540467772213865","0.020247870414275324","0.03159137668423413","0.10537884208255564","0.10461657984617412","0.1459575544982624","0.1323147246548524","0.011073946520131635","0.06260743991068099","0.08277322082418653","0.04179096323130672","0.06621120152208956","0.06112252994588993","0.1334358148297714","0.13806597967636164","0.09818033355269072","0.12806597424457966","0.10345444019211779","0.05727009471945863","0.010493252430230682","0.013177426223483937","0.026938598574812768","0.0814141035690851","0.23636573511720316","0.24340218442179096","0.07908314243604359","0.023343762268650304","0.014142115108645058","0.007853781062043123","0.0702866963718982","0.077383616517312","0.02675636872381821","0.0306754036545329","0.022001377841287292","0.02398249424370046"
"0.0987722607383267","0.08591441041918368","0.08205975703486891","0.08470626430084761","0.09630916117914538","0.09880250736871181","0.10004166642380932","0.09093906384232553","0.07712915412356289","0.07986745937676618","0.0879228973527272","0.10108728359868607","0.09084574509064056","0.08233489954831405","0.07634942919927962","0.06571532069064033","0.06295057178660048","0.07563833861645435","0.08298975884675491","0.09722585371227792","0.10354029955731235","0.09188305562472156","0.06548250560689893","0.0913507625663749","0.10690426103732528","0.09424785176180984","0.0824531640154994","0.08015564443493335","0.08139943224456483","0.0795900369177645","0.06290819627275165","0.059039915611797805","0.10055891556601719","0.09553549988801899","0.07138360470533162","0.07396519828565726","0.06502482602816485","0.09890613858743852","0.11024906296182697","0.09674529255057912","0.0883748277501268","0.08067802882485293","0.061867027679238046","0.05036830178662757","0.06110209321010237","0.07263744692654268","0.10576490424784755","0.09822218859655558","0.08281679407867724","0.07817163831410633","0.08846967392360972","0.0914956151456002","0.06939673944474872","0.0622175728896525","0.06809707297441245","0.10191750462009368","0.11279675588791786","0.10389249664610854","0.10053005305288994","0.0912999465162514","0.07590643899434506","0.0985500946278321","0.10218462649809967","0.0772618394556067","0.07270416725145627","0.06819678492565807","0.06789975813754903","0.06375661426678661","0.06921895788196038","0.07478006533245785","0.07945350801837076","0.07401980647255828","0.058041634889942226","0.07221978821684379","0.07376404619105084"
"15.884596312150961","9.355126936605398","14.76920360073623","16.340208077010516","13.101206051352667","12.309580618363892","12.195454071087314","10.512752969607911","15.868619977805254","15.966038174825965","15.171584459113028","18.4927492547755","17.334127465782636","12.598800538146476","13.277528949318846","15.48191767837564","15.952463759557647","17.418983179278854","16.111188658817206","13.194505485238926","16.436330947020988","20.807909553821112","24.929099462274994","30.07753272793499","26.898511111212095","11.448841644463428","14.674808346278315","14.042755249594006","18.506533305835536","24.073161404352355","25.101681218595704","19.670177935138256","16.147655402565412","19.389068440747735","16.959363195591994","14.226446323660724","17.07058215176039","14.973226105285388","17.026541046260686","19.19405572045679","14.216074528504688","11.212911084994836","12.490332261393212","18.030113005746802","18.18372280365051","19.280765026315734","18.197383740527098","8.487967954699167","16.158663311053918","16.95433867775444","12.98100150219543","16.317349662246013","15.64193002797288","18.89906809871851","19.14501501696983","18.816373189326367","20.988768425041062","18.498108011361595","15.195851407538854","7.242704950500194","11.387922330258498","14.726145965594657","17.149122426526674","23.380824942674717","24.40108809049302","16.41316468570275","11.191764829552131","8.840699915730648","5.75951169805219","15.641591191435737","16.192282112166893","11.154371340420754","13.473143656919868","12.314771617857934","12.977253176231095"
"10.994860479208878","5.680654180092068","10.148711073627084","10.91241792707719","7.329861708682916","7.334882086342865","7.608978264447656","5.872563569160984","10.745514634709734","10.766012086135156","9.730011199953543","12.710323064301015","11.302968483877407","7.098912772657689","8.193247992526059","9.918376014682416","10.363327082031072","12.09354792155955","11.656151019403756","8.615273168382364","12.058975675154302","15.668117875749706","18.25812842614631","22.078272857087537","19.23110559157384","7.732550758852856","10.064366354694712","9.649319522441035","14.15129520697051","18.245862351063792","18.82283004647054","14.309130531184389","10.918564757424182","14.494000558247846","12.850613142352548","9.342565119621876","11.444572994793297","10.136206507432298","12.688437813511952","14.30642751771021","10.002391719883642","8.005550858742696","8.738042203468627","12.462245901346472","12.220617681756519","13.77113034179947","13.301152729562665","5.292697724955123","11.679305107468375","12.668300668976068","9.699445459645588","11.650680875363607","10.96910140512828","13.477379044929961","13.662522004815237","13.606901537381859","15.458900657479772","13.722562000877518","10.760304869885202","4.207727459504739","7.788991000631811","10.131995365209608","12.1176959051443","16.713312701090462","17.964512394117726","12.747447034522347","8.02344982641639","6.2356395983621935","3.545112611395228","10.527775765987947","10.87258710661943","7.184265119843728","8.908578177479844","8.224692107733093","8.213705267240625"
"4.31666539978193","4.235169947188306","0.6879531401905391","2.0342625606786453","2.9638022029593687","3.5413073413899694","3.113080806889767","1.5502329958959824","1.0866732389292257","0.8358157528685242","4.325671793050246","4.472029860379596","2.6265302895012637","2.5786817115997556","1.7965829460706824","1.5837107577498029","1.364974209396502","1.746466844503016","1.652213669765097","1.2601747572405109","2.317631651350441","2.339502993433245","1.4769539972785857","7.208082226324725","7.320500715714136","2.2949680011643254","1.2074556838059156","2.3096748293245173","2.210297640330633","0.8541269518761946","0.5434537332050497","0.9259917112387063","2.509163089628769","2.5680480911538845","1.5098297683090687","2.06327245720268","1.8306014040192609","5.0528757747804995","5.611537992548398","3.419519352396187","2.1609022711171773","0.9275349339521716","0.7836544742344178","0.8113960547915802","0.4339598188393167","1.4274241519354067","1.8325507788584856","1.373888692987255","2.5283295391737832","2.5042536790144987","3.3173940197744742","3.498825230570356","2.164341866075811","1.7962233830424619","1.1466618478248172","1.6569959075936542","3.1760292258171363","3.0726149445199007","0.8737898824589413","0.44235132326991294","0.5844888973036508","2.3971440788144953","2.3995563688977644","1.1191629299499142","1.101651195130913","0.9768684662626614","1.078493968372431","1.240865866976963","2.260786837578346","2.1388349116446035","2.4443208367642133","2.405917158950314","0.7649616158250379","1.156579951008664","0.9873019741518618"
"0.18314939577261793","0.17077184597135686","0.2422586966922898","0.2672276759587971","0.2482209373280734","0.28281789532146384","0.27477349680844326","0.19283648918204926","0.22580275362564095","0.22282793545325366","0.21813660861279074","0.24645176091678556","0.26284528711486566","0.23452570350182797","0.21931005315320706","0.27211262738509917","0.25966750966605723","0.2134332927328287","0.22012095160934214","0.22054551894730112","0.2329697455545462","0.26251662138132287","0.3125012475561035","0.35162863744216516","0.3283235169571463","0.21031519532424972","0.2540996829292513","0.22140325895562563","0.2209942907916401","0.2669103523084738","0.282318324182887","0.24169703360754657","0.22454413454680802","0.25763540022808123","0.2441591992934312","0.22559109842581299","0.2264054378813505","0.20409288632874983","0.19930107061440194","0.23228886359423775","0.22317592520544993","0.1872230987578619","0.21984090427706893","0.25607576727207965","0.24403248855172957","0.2551171127363619","0.23862429200392593","0.14726850544265224","0.26098235954214893","0.262722085647761","0.17951742970630843","0.21073739061384994","0.21093958332304547","0.2373141748360704","0.2666578609284226","0.27832655968865966","0.2665099688127302","0.2243837045665305","0.1910658804033229","0.12869374055260763","0.15102897699478027","0.18747864054771965","0.2592633890135907","0.3082553499597509","0.327067268382018","0.28661012077057746","0.22299984111694698","0.17051807672427605","0.11443831895486245","0.18937518934989497","0.20617600101853775","0.19581310454517864","0.2049154265331189","0.173463781616552","0.1952522367967166"
"2278921.4073300534","98294.44633514296","173312.39075216302","158405.39640257027","76785.43810638985","75722.10091914042","139207.82340339356","144606.64171976427","107868.71689724004","94029.36668394161","138764.66499932736","140686.2746907838","59880.45749186029","52311.70024422007","49882.140557377235","1576354.9513002706","1574786.858525616","67753.7000258583","328726.73792596586","367572.4426378451","190243.58115551487","75316.40875177029","116385.1563711936","187577.28134895116","202414.3818333165","1126713.538330464","1321045.6988428","733997.5497045942","123895.35897053579","48822.272609650936","81448.90697128218","397469.3764727837","439231.3089985709","231704.62535304073","168391.8702656697","197165.4921563132","1039282.4462548792","1098554.7031572945","422963.3694025815","163300.54701720417","1177611.7887116976","1176552.3320045078","76802.59653580919","60102.80264689582","47663.3944205713","190185.92989310742","192503.416906704","48283.8526768984","59836.46997434929","61312.18593109412","24612.024130816004","56679.84489185056","73399.86571735416","52088.79041223776","22976.34277505727","137219.02418975436","149549.4837832182","2052470.1033999901","2056003.15484308","129305.28376529434","351741.46282091114","1027865.8831363033","1002804.4103302307","362756.0939557238","494419.2432639354","443586.5427397479","91577.47547067082","320585.6672019859","383210.8565616986","240932.89602407132","131628.9502200247","149120.22818674348","731822.5531723544","2397447.3469953616","2499887.8703669272"
"0.0427090277175713","0.07052226368126657","0.20070761897244713","0.20790429018073828","0.10095706166196035","0.07557061174081486","0.07142657215621322","0.049381167569620056","0.17578427507201885","0.1793719280331151","0.07403578903362427","0.4697947559083341","0.46970372230333746","0.061255928728840794","0.07168644221404165","0.10080271542712269","0.12777182809037174","0.18285994768942046","0.15444634800707244","0.04611622351744063","0.6257443937588729","0.7145694745392067","0.7897105062144183","0.9578580073727326","0.6865343802007693","0.05965413264379126","0.08550628823023279","0.11737698318847882","1.3548626036279867","1.3539796061008869","5.865000748052244","5.868400102287218","0.2967738373926369","0.4118108809392285","0.36251999704348115","0.24326230260015508","0.19230609559068534","0.16005789181406843","0.2469051139955804","0.2657647382428879","0.11852732066302057","0.04579597932587979","0.08337680505592976","0.27999652080322984","0.2767926267392936","0.473557923054045","0.47334564507824783","0.02712994013843928","0.22613394521417907","0.25538422634945435","0.14044839814186452","0.18860160478843319","0.19138746366538567","0.6675792514823147","0.6661671031521869","0.2654049502109913","0.3669597129497309","0.34512638699577114","0.22693244434968626","0.03791857250908204","0.038736594882096215","0.06696771165912717","0.19575148832291325","0.8389881409711171","0.8580000183998395","0.2671413478451726","0.0663941352949472","0.05395350557125257","0.02470452748643117","0.3790002851796651","0.3802801908574198","0.08934276597910626","0.09870948725204164","0.07307634831357553","0.05686289642008926"
"350.0","224.43649962962968","189.66553367346944","192.2028134482759","186.1128728125","186.6345021794872","192.45993757575755","193.36087052631584","179.6688861458333","191.7501807894737","176.89602770270275","267.1744078947369","200.37829076923077","182.3914575862069","185.13039117647057","205.51367060606063","185.20521633333337","180.21818222222223","184.5593535714286","194.03323458333332","199.34164205882348","195.57540421052633","184.79908533333335","268.54364391304347","350.0","201.5293190384615","187.04535392857142","214.75146242424242","178.02725307692307","202.6059836585366","197.94062714285712","186.50921096774192","180.50680241379305","212.12346605263153","185.81468804347824","187.24837399999996","203.7222592857143","171.75029827586212","226.57679885714285","189.23659322580647","281.11178068965523","221.1389059259259","191.77259368421053","217.36512024999996","186.65497645161292","194.29359225806454","180.22555636363634","209.65836093023256","208.1284916326531","196.3757573076923","220.61392657894737","219.36478428571428","202.47902447368423","193.66750249999996","193.60004606060605","254.38577200000003","205.21209499999995","201.05931289473685","253.3994365217391","201.53389021276598","246.9357944186046","285.8488627027027","209.94068833333338","209.3547310526316","189.72075279999999","191.149385","199.31139900000002","190.99031747058825","178.62283578947367","208.12937297297302","189.32266230769235","192.2718188571429","263.7846403124999","187.98526586206896","258.67864902439027"
"200.0","25.54028781377164","8.937145794919523","7.13002035394893","8.738657395143443","14.19553117589362","34.69460592835059","18.324903868709434","17.762357131937527","7.424509699339846","20.597792475633472","200.0","20.42337325459985","9.663555246540604","16.155915417752748","79.28868604045509","10.880940960338705","17.97524890514368","25.420051062556407","26.08760196262808","6.7461248813970665","9.92844061426875","9.854277542130875","200.0","200.0","24.910084860580312","27.196268310762704","17.0150451845429","10.494859297543325","13.497124104674091","21.667364615809724","25.03681696356843","10.004588693922903","13.871015764160806","23.660537145411702","26.71134519075463","12.407278003903384","23.773392053835877","14.882797839452628","16.71129929743932","200.0","69.52354281080274","12.211533314734718","97.07368266249834","51.65781384520826","23.267466274253568","44.34825314968188","43.621007289238136","73.31623935881002","12.682408786684855","73.32009127512129","53.64869313838092","43.790338364966196","11.605114523195361","37.094045273878386","136.63661378300517","31.23297728755162","32.487221023435055","44.54892654283013","6.25690011415805","79.10009941101902","200.0","7.886005911827222","10.175609007844455","13.308403842895517","27.891211337788945","33.631072417723104","23.18399519741835","12.571346869944204","16.42899726225996","11.298215975323435","14.58804695918306","200.0","7.418463766801152","200.0"
