"87.89292363528466","76.95660152523406","90.5916758042475","104.5580324230312","99.9497474282809","94.15900175825941","96.20644168264869","105.50156540076856","100.70072530606663","93.06100580564825","86.79968719612287","91.36485281395355","79.50856892525077","78.51660890295626","91.19080560510294","102.69273883561266","111.40552208611084","110.8029037907799","112.52614835144115","107.2555190420274","81.19899523640738","80.74596402914919","91.50579630082066","91.97163426065808","104.33529840664194","88.76109319893709","85.21588694043292","99.38864953807558","83.3395790101138","83.8436309758323","108.90541018699714","122.24131265655978","115.58827126304071","96.66752310103739","86.392424085153","94.5405715198456","105.42480118772302","93.02943905518454","92.34729891040517","92.4834512578587","76.80686211746414","98.74089756634959","122.69929422810532","106.66612531729386","92.5019238553932","97.72622228552545","99.86693415998214","88.62925907209737","85.3706637119659","94.8159890369805","96.55741853878875","107.22823995113879","96.41076065529167","80.54424165254554","89.41303843915028","92.96089599687248","87.7214836371762","86.6897061886097","80.3729360676118","90.01465960559875","106.15938946559106","108.838976939872","101.3926946349059","96.05711926596275","108.30452791197699","100.61851736238854","94.16015340689923","79.71838756144449","76.83080442909963","89.84339940489006","94.30464513237584","81.67419102340455","81.65661987547715","97.87047702090689","93.29411985235174","95.75703943215909","93.76634348757025","87.15049240047429","88.47156928676304"
"55.627519483314174","50.10281076378326","52.637041582679764","56.092321118478566","55.845645816609284","55.826067509347986","52.28417283444541","59.643557794721794","63.50445883624671","61.46227933941695","56.608604971947244","57.740670330908735","53.01683421061526","46.961364762646966","51.76596496700973","55.03911824721118","57.56802149591769","58.75446280357031","59.41154300011895","60.610580945190264","54.74841069370006","53.888311303502626","55.39510035505492","58.87889501104386","64.44330384732973","53.62547419865724","54.47276287541863","58.87032089042347","50.481559090521","51.39437757813613","65.79612453986188","66.47249466646252","54.82984120006242","53.50352948929474","52.39199652435862","54.93693798006707","58.59892866121315","50.77416051640203","50.8214102997101","55.008983832339446","47.0384678105822","55.87324130269221","72.04362671108967","66.62522589608068","55.444807331752784","55.35868566000872","62.79236688670831","58.887114742345204","51.96080652751946","54.56014757033234","59.98589349615249","65.8770587027357","48.80397309659166","43.228705065379344","59.029909434616336","58.41585936067857","53.417233003007105","52.28493142219544","49.33878564084701","57.11910028452061","61.2235741617419","58.54793731684483","54.1374765287887","53.22193806736726","59.949605198948014","54.94765559478183","54.12362187093841","47.32470308774853","47.452461151522726","55.26062508846364","55.850196567442346","48.415466126795536","46.70505127820181","57.24019708469802","56.901998392742655","54.3721118473497","55.08113090292633","55.19681339386315","54.51986511631035"
"18.53938998204309","16.16703022174274","13.862722859355067","8.80544281526016","8.715645707284581","10.307313796286854","9.100715107701104","13.361737370194735","13.694043584083865","14.47529306662899","15.17427095839394","14.313971020618299","14.144491769853419","14.544407080339585","14.984546757882914","12.781195278126047","7.773507595176544","4.406831843726399","5.18060449103891","9.458829539361295","15.64613408149057","19.36339807008517","16.984751860991192","14.566333433569827","12.456125816851092","12.271353257295898","14.329608520107502","11.61994574212016","13.867138854730003","17.58409600219118","16.009164735306836","9.01427404130848","5.942152092156352","9.095894849563871","15.513840343561796","20.736389344076105","19.179248049517682","15.199724379385678","13.568351989468365","16.037547628592378","14.091224737858443","10.139962752107285","10.607453286018442","12.551625156965834","17.245059899948526","16.213623426378682","13.07992928786944","16.362544184895032","19.73786872920709","14.399965330460546","7.669307159148343","11.586928477797429","7.3178835473279245","6.5768518856476055","16.568549059302264","20.32075571135501","14.213361650157252","9.35081116630636","7.580587066245532","9.121854825809713","9.47221085686665","8.114037932683624","8.728314408335574","9.408725707767077","13.332720067494318","12.980008473177982","11.446188832677803","11.752769168531843","15.610273520359375","16.21722186391487","10.502298690498368","8.069590883470804","5.342473686498472","7.291879483818669","11.072484658672856","12.628294400907082","17.886631270865248","17.0997402296468","13.723679033176648"
"11.07706687832221","10.61369474280802","7.632290349901348","4.346511066309782","5.531993909476704","7.226808497798187","7.628272155277578","7.512096372142217","6.6021053458057875","7.350935338739341","11.677754907920148","13.017830166147537","9.378488657573625","10.7284035909551","13.820825579749817","13.789321600698171","6.802833768986215","0.4728546801630643","2.2986207114830064","8.555103134589444","10.773463981518582","7.892227791389724","9.958485741264145","8.204626673581355","5.527031125726289","8.660923536083327","7.568406738273401","5.897975305459352","9.144631670196146","12.8246274371446","6.087254444557344","0.5866206881293652","6.00153807515727","8.098696905388492","9.255855454439743","11.684664663614962","9.548711491266427","9.141583721140318","10.135659365010962","11.713427590928022","11.831265395489337","4.0570278766235015","0.5890566580923889","3.8828263294488297","7.929077129522471","8.030776571087863","4.082175190901313","6.3540811354698965","11.511660606360577","8.337434002011925","2.551536925525621","3.4222112567779233","10.718124565219844","12.018792828444209","8.423247902879563","8.684809784464877","7.174255719116535","4.042540499348761","2.338890070055073","3.930100669194445","7.157944856464013","8.500657949198592","8.941925346968794","7.836101037112555","10.24333185411629","10.55926320764035","5.695915688831252","8.228540040902965","10.744316911759848","8.063531927122627","7.643373106816224","8.743083309352352","6.552813099414035","8.23834515696086","9.652665155523119","6.609601836028392","6.9425243827266945","10.933853795770977","13.548380821488825"
"0.7749848969139638","3.6250694017306433","3.0534398757126655","0.29116786594231303","0.6246814900481875","1.60066790713547","2.0922426089023514","0.37362739588758637","-1.0939000777919716","0.07553444285598424","-2.5096691855234106","-2.356512518179474","0.2336237648124558","0.1633812156619822","1.928635722246702","-1.9921086822690477","-5.770668120038548","-2.207384274018959","-2.6338692578633176","-2.7670659761483103","1.5024970818967083","0.33952447496331994","-0.2530344940644114","-2.547697380485799","-4.74069248943176","1.6066399379966734","2.0378048518634877","-0.17158098688012235","2.220041991843","2.0082700281912587","-5.629944442276371","-8.32035154396512","0.06372833029578132","3.33770794511183","2.503965449704597","-1.3793948174290358","-5.368707231493187","-2.460259475966992","-0.41377673433338885","0.4069183002790309","1.0617698038683157","-3.9029182938198494","-7.183344219341812","-4.035470126148101","-1.037359320343889","-4.427534878193128","-6.348396844447435","-1.6293654657048964","0.16029066375768047","-1.1582872456921205","-1.448438366766804","-2.571396455463971","-0.45017142358471207","0.6255993966699226","-0.9870605290897916","-0.6462066850794745","-0.10499539179544459","-1.5354864556104169","-0.07539670670738656","0.7058475894465842","-2.592075543827279","-2.7367659555414643","-2.215867572695387","-4.528454786746412","-5.517514508453381","-0.9367696055448086","0.6916602619735529","1.8200568624956575","1.073687260520201","-2.762866437308278","-3.999180231743474","2.0843210217032233","0.28911049712047104","-5.880796588404374","-1.2643568492708332","-0.4521438355167911","-0.9863027558322596","-0.7138974849114678","-1.355260204856425"
"-3.0947378104027545","-1.6603419700130662","-3.3271726025083304","-3.3682976372204987","-4.392404865256272","-3.8863740060599707","-2.6762387458526478","-2.779955823665374","-2.534958434244699","-2.5152950966448833","-4.907865550435169","-7.4090059029815585","-5.445829738988299","-4.958764943455948","-4.521946508332135","-6.78283182035256","-4.693373041775641","-0.5427939694637426","-2.620184935273831","-4.587897075466568","-4.807638519683114","-6.144327178221446","-3.2959451786374854","-0.45587296265803073","-2.2345241913998786","1.5985478144323673","0.7351164675797743","-2.3352607515540855","-0.43245947546624514","-1.407581325776329","-5.204144375048178","-5.848486813408691","-4.424899862704487","-2.3002530999227013","-0.7305351287040122","-4.329222878954577","-5.674049948541901","-3.753380097190952","-4.047072680025959","-3.3148809344021277","-1.1114447674526968","-3.4927729051690095","-5.577318690981592","-4.342375623194981","-5.499228482885924","-6.538659031292485","-5.657950301522958","-5.154274920870865","-4.188712453009163","-1.8596610483333746","-1.3962463228094069","-1.9188178460236598","-2.7340452471207475","-3.814113106292431","-5.1401226899673365","-5.517862868757276","-3.046716681175985","-1.427429284618602","0.9956818333449641","-0.3476973138279835","-5.586454395454418","-5.169957511567762","-1.58984223015884","-3.580750205400033","-7.245044381394699","-5.676432263247145","-3.3731353301150806","-2.1865185084449603","-3.2702803442852404","-3.7982509416782704","-3.639292680182905","-2.782666588962093","-3.7714120736206174","-6.988249561846338","-3.528743657957562","-2.453565747273334","-3.6767519752540663","-4.746775004193815","-7.104833452871744"
"-5.56868478040582","-3.6569477458879946","-2.9584450625449517","-3.3914737077045713","-3.5477766193925784","-3.3000812131397743","-3.5076405232124044","-4.423740539446528","-2.781431908188348","-2.5376691282464994","-3.9578075456371637","-4.575915247733661","-2.880002808320575","-1.6109217483492098","-2.6063741558816536","-4.136320661283227","-5.4502232345379875","-4.8903547670736405","-3.82694075324892","-3.600869317617617","-2.4777522206361016","-2.5132709379037372","-0.9630638518270116","-1.8175083283800446","-5.528045293815572","-4.352904004226913","-4.705131110988039","-6.073040158089828","-3.5444288904805576","-2.1891320684169786","-3.877993977856365","-4.007253214992661","-4.966117944191369","-5.173041721414855","-3.7386660937203224","-4.949146911260054","-5.707722886837504","-4.6850530201692315","-4.377692821077687","-2.3652987443475344","-0.8611712212574895","-4.38834670242156","-6.429723991357328","-6.062583524857205","-5.202107695907022","-5.021955218803591","-6.2233455301710645","-4.273727816516171","-2.5311156831116226","-2.639207601199685","-2.4283699026825136","-2.4729131733611807","-2.4371452219425733","-2.779429196743804","-5.541453577119799","-6.684829710432715","-3.0772636875400923","-3.7192831799859323","-4.489556622621158","-2.7327234057260394","-4.28647014483302","-5.717766850733498","-4.10858121511923","-4.899997163258254","-5.837467612861115","-3.7756606915173005","-3.9809592888159258","-2.9478486287422925","-2.9349402454539915","-4.701968468016349","-4.091596993650842","-3.4855974101596616","-4.368762950659073","-5.024592865534787","-3.186634907978718","-2.9029743893531252","-4.484290697896115","-3.1000414406978236","-1.5571920552981748"
"-0.032689189421208915","0.5743527053587091","-0.08278929915724957","-0.5755125119511206","-1.0893696384636962","-1.2762148509422548","0.8263874409847731","0.078884158196316","-1.9981520815776699","-0.9848935557993087","1.3932602287560203","0.986208774713236","-0.4436545731382614","-0.8749064749920932","-0.9394769534443813","-0.8164081049200352","-2.259485879527672","-2.185227763302946","0.0018752987031120938","-0.007794882784628085","0.13869223295270083","-0.0031423418002583404","1.467444063728395","1.410422205826858","-1.0709626173043616","-0.07498636736662273","0.0018985913457121363","0.9645222443499252","2.271410562357585","0.5381800766075522","-1.443491705192443","-1.645313976380021","-0.9261190620741481","1.051967571174801","1.7455661863565768","0.9505059151260459","0.04378352943948582","0.8932316223732734","1.7412812094721521","1.2876124490457341","2.578573571264099","-0.04640210583742032","-2.835910206829025","-1.6116398432362453","-0.8976947534655123","-0.258363854239381","-0.695218606897123","-0.6539234197054797","-0.2802766675747577","-1.4639385270936984","-1.442388559661764","-2.209667250600708","0.19608535708013075","0.9253213784523119","-2.625454269121758","-2.289593723697316","0.5078789353305911","1.773914209835692","1.761318490391246","-0.5136508719289344","-1.0035305943120099","0.28406416655348893","-0.25823361120579114","-0.46279305553757566","-1.3654097962921474","-1.5032841505851438","-1.6408549934261307","-0.8559524062184201","-0.541595386570867","-1.767737452746981","-0.38178211972646847","1.4523316086732263","1.6729379771252995","0.10350786067785606","-2.1028268896745748","-2.614319344659393","-2.663117832725914","-1.1842479856025139","0.6255904578554058"
"-1.3088289434858473","-0.04487744869020883","1.072714595999765","0.44947202786556884","-0.8529590445815869","-0.8027177377020953","0.3038377345686606","-1.2026465101471646","-1.8001164976770772","-1.081423312032102","-0.7035024788140731","-0.4169588691530256","0.18179739248049337","-2.8451341042538156","-4.45775987187747","-3.201660226313836","-3.0099006111051967","-1.6068101466228877","-0.9517841134274136","-0.8210193461198207","-0.5396050699517851","-2.2956594252213667","-0.014848239733010613","1.7938973886140455","-0.5052762306021333","0.9844965324338443","2.3447407501152213","1.072583337977899","-0.33977994068983797","-1.8119707102258973","-2.6462616886029027","-1.7299503746936196","0.22535639847782163","2.514027443580265","1.5370204227898256","-1.3248870726673063","-1.474997426820927","0.9996848328935178","0.41140526461154864","-1.9252338561412576","0.20711946868551073","0.07863673145675533","-1.7104068382119442","-0.980991469915742","-1.9968106000576151","-3.276316068265084","-3.0248024437941647","-2.4514679290532295","-2.2928703857398616","-2.1798675685144953","-1.9427838025331143","-3.5009609649213247","-0.39569890716259914","0.5500321409592921","-1.9196443963161927","-1.4524343381054627","-1.3574060213097976","0.307043749466264","3.3537200437134693","0.9364544497718035","-2.997242821836046","-2.2767450331310863","-0.8163497551723858","-0.22446612008591937","-2.9058740405492056","-3.133787507427113","-1.8650732862786106","-0.9878745829425644","-1.9718457001383747","-2.4296638483095636","-1.9109069919566053","0.8664707392931263","2.878183888932927","-0.5708506401649295","-1.8974333231838336","-2.0070441198042164","-1.0909243767587462","-1.6914418468554389","-3.2787525067017156"
"0.4470265783411334","-0.2593325449266361","-1.6724521321097137","-2.0921379092547396","-1.8431233948110002","-1.5596862037252932","-1.0569978341413508","-1.4103012654281186","-1.5252992684044306","-0.9500360792740418","0.5210233748693912","-1.0318523137011106","-1.6085350092556312","-0.3870258213142555","-1.67304399011052","-0.9819136380970821","-0.5528544131023674","-2.298314754603746","-3.6756264723386516","-2.4839501680273828","-1.0309979765079946","-1.4790945412245704","-0.03044706336501987","2.038390171829515","1.3217769611727266","0.7823721960170402","0.7186968047867149","0.4963615197208275","0.21709706962697317","0.10689518440201048","-1.6197371316197475","-2.0930018071735335","-0.10283588261052846","-0.16821408268702653","-0.6859016113729051","-0.2701595954308192","-0.10532493646651128","0.0701973427510682","-0.4181918238807767","-1.2281774075381109","-0.5481303216678315","-1.5872098460986834","-1.6717050625896877","-0.29920578517445096","-0.3309753901901081","-1.7130107215715389","-2.9689688264120138","-2.714727093346422","-2.424160518459458","-2.1619408941006184","-1.8190218514908394","-3.082666445819744","-2.8630600937367983","-1.5162485514103878","-1.4693098028173495","-1.6482289772852854","-0.5672739126907794","0.5521085308507836","1.6395709997514751","0.20010770258943475","-3.2965918393478346","-2.8237015910502463","-1.1476233133152018","-0.7406374359678034","-2.099075017893584","-2.5595494859003955","-2.3243808811618663","-1.5684260728401755","-0.7902372361520272","-0.6607900059320941","-1.3969334473206352","-0.45959253926583865","0.7519270718767261","-1.3722039596017135","-2.0799310028175935","-1.6304001118170988","-1.1188427320480168","-1.9966934776117575","-3.4528861220585862"
"-3.779599780147099","-3.0707452039030967","-3.3917657647435413","-3.7926781114615524","-2.837520324582442","-2.480174630285531","-1.935130437744","-2.4670912749190816","-3.455303261536599","-2.7613542612118005","-1.8432621504959201","-3.217909137392783","-2.5722714184992266","-1.3919239142136524","-3.2956044651797587","-4.129528923642236","-1.9637574852465531","-1.5118138684453424","-2.961530738093635","-2.547025657890845","-1.1111160591789755","-1.7937781274508773","-2.780537715850104","-2.2293211857508184","-2.146421941419468","-2.366464529259533","-2.152401939094965","-2.877601921440938","-2.956693104302028","-1.6406268933040502","-1.3136486368244578","-1.0213323308740365","-2.5603513449352193","-2.865913869101232","-1.9236641953917168","-0.7998764479524385","-0.24587490232336087","-0.5101389955732202","-1.631427576801588","-1.5970552179301296","-1.2059004200481023","-3.7596838790150553","-4.881016908890642","-5.0680560293700525","-4.6264996882757385","-4.392971729312638","-5.12093132838508","-3.617988355513837","-3.3759793177976656","-4.306655180797561","-3.468625432314226","-4.663413983794192","-2.9721508986843617","-1.1484882220217536","-2.947024949940775","-2.5283030240669055","-1.478986238031514","-2.4951303631929544","-4.449375107778838","-4.796688770663294","-4.848477276526889","-5.171389145941803","-5.205839635073534","-5.108698300013783","-4.981365340153767","-3.9154293532691065","-3.7275420454261443","-2.470897765570709","-1.8876281619067061","-1.2551768641286973","-0.9953173053525407","-2.129866164404585","-0.8024369814798409","-2.773013527483634","-4.0232713584383255","-3.063492884761037","-3.3555695079366155","-3.1996463657753735","-3.1065784030695385"
"-1.2322365194691727","-1.31927515919235","-1.2564842496788757","-2.1802726631585507","-2.1349702358624536","-1.7573998983466126","-1.8951457729344332","-3.0626298773539737","-3.117236834879696","-2.82426334549714","-1.790324618972169","-1.8302296185823552","-0.9357653837665159","-1.1849738664533858","-2.973497410206254","-2.332820368637554","-1.2614956959053734","-1.3495407251685276","-2.1897781990938667","-1.933426296540111","-0.9281603821857297","-1.3267906196598347","-2.108136964789359","-1.7794028340518786","-2.6901593004326747","-3.169977951751207","-3.139354467848101","-2.0264768608664063","-1.0481434020949765","-1.9380047781687615","-0.2191861024299981","1.4253045214932314E-4","-2.6819047931222455","-2.6445575534817767","-1.4860582426759177","-0.679285211569661","-0.4806828326344245","0.7060648117435677","-0.4662299813516036","-1.67062326617402","-0.953234260472626","-1.7320706888251067","-2.3881337291094327","-3.5287220576041887","-3.609016182274278","-2.5955552756009483","-2.2970024401041056","-2.7127689518162232","-2.183344486443718","-2.482317727414141","-3.470430716702344","-3.169892671039076","-2.9090993820500346","-3.3471950367031797","-2.1560943177591154","-1.7223206244216354","-3.782372225521471","-2.657228643133866","-3.304154524927191","-5.446451082773788","-3.316550320463959","-3.4153075961188986","-2.346491679488473","-1.0625865899605922","-3.459428541279313","-3.6242828133638194","-3.495710197214073","-2.428216846141769","-1.1596648751881056","-0.017712719265127894","-0.7365330754114013","-2.419284262410308","-1.2024641031204777","-1.6164552806098762","-2.7636821239570666","-3.106542643048799","-2.607866348798294","-2.9300851760338453","-4.150757710640956"
"-1.567979417317203","-1.1108953964306765","-1.709493302466103","-1.754467287442167","-1.8446212403849573","-2.042196261978065","-1.640897471731554","-2.7919313948613995","-3.1889381775284495","-1.7631852395948429","-0.1570379384152376","-1.3512791386153438","-0.9867943107191008","-0.8510409657937834","-2.1206347911503207","-2.2662145264355202","-1.5424173222535205","-0.6880930714865069","-1.837104968937295","-1.6091449741299586","-0.8798249063054583","-0.9304724963798077","0.0289386115642652","-0.013046439287121342","-1.4136500025695868","-0.577206899799365","-0.9193656000856173","-1.4546853845974754","-0.49656099490422795","-0.5503218398461295","0.45048016850802464","0.45169593083948334","0.18172711696285218","-1.1800886664811663","-2.712418892211734","-1.4355591434644341","-1.2300770378008352","-1.7206717764172388","-1.5095895081783757","-0.9844981446297689","-1.1832220371522972","-1.2111598395726766","-0.3843016694183175","-1.63720273153461","-3.6348642439377783","-3.1358977304819216","-1.3265782375676292","-1.6153987629058555","-2.324327228534258","-1.1822443103377156","-1.0539786819286079","-1.9084266943046646","-1.0657543271680756","-1.6921463600218334","-2.353210771782888","-1.7239181012347797","-1.4315305398036446","-0.8863874798191732","-0.7005140855026135","-2.0209572258324857","-2.7445459310936466","-1.9657269548739682","-2.081307382393743","-2.334698761803134","-3.4744896163451653","-3.2488998811505327","-1.636604475296825","-0.5988425119782201","-0.6996339952716627","-1.036924161003234","-1.7355560655590616","-2.032856327426238","-1.7775990650216433","-2.823793347581749","-3.410349050906671","-2.808391757523756","-3.2082753030884543","-3.008999026653531","-1.9786775997028436"
"41.51599614554781","37.974663437733994","39.79789382063035","34.971299867849204","38.76527450184402","38.77767046996203","38.76777062962281","34.645916413392406","33.95857523918952","41.92471553983541","46.06324373202296","40.000063564231745","35.03151977176176","33.844111473067706","31.50638549848475","30.224096461908786","24.715607668404107","23.225698753195807","27.19173040923693","29.2759678026705","31.056211523148807","32.52924462464899","36.186138671100196","36.100173797921734","32.78457875572942","44.16683801948996","41.34921190251907","39.763827089268716","48.27480833377804","44.53708405032865","33.969875368485255","32.77237848240852","38.07182764594392","35.855853093834796","38.38559351960351","37.97480237750568","33.004265231302476","43.78567515804725","41.818576329575585","41.9668652433321","48.58778843925872","49.5446403599838","30.90895055138595","39.555009604439306","40.029551209240005","33.0321026926726","34.48983826777568","38.137097384899555","35.10162667347908","43.678260045570454","46.24022199604937","38.37938166323788","42.429270553902505","41.84984808170932","39.01925308355119","35.84473295589255","41.60061816245581","44.59503539266446","47.10062713381623","46.420137372226364","35.66866640265699","32.59689907515561","45.388976763847225","47.350364891490976","36.64396777999119","36.05914367688047","34.342075904142646","41.517710507690154","41.372469019727895","39.15320408524904","42.89790408368519","45.356393285771304","42.261576567806536","39.4417382711315","49.69375480744952","50.94549908216778","40.51852075772943","38.37464304120029","41.11836081695893"
"18.970386481774984","19.859211912542943","19.299913628702676","21.983378684081558","22.032421881323568","19.83922307559213","20.466580769335074","18.62617132828473","18.261082604185294","19.51986107734607","18.54424779001849","17.692250854349258","19.750992966115287","17.382119972977456","16.227027837299058","14.757425639115317","14.426927776749253","16.18208705036529","17.235372582662492","15.808882273998128","17.343824764849487","19.423362818744287","19.16902989500842","17.426579620329036","13.136957763096254","19.404869559691672","21.449952901827718","19.515741268003755","21.24609655793809","22.673019282356318","21.42026440797689","17.044071104882757","16.183727466380976","18.534732637716107","19.23116339612156","20.026890187341536","20.28381760125248","20.429792512909714","20.352185714955564","23.438292012460618","25.375525079413134","23.74808360261749","11.535097083029655","16.332471653297915","20.42671291620844","19.35560361434147","15.292048722586905","20.16436995253653","22.885996961156117","23.360883263276296","22.281453349372374","17.12611076042309","23.724150439479928","22.793482144311255","17.90555906471794","19.788040580180844","23.18752930063998","22.24031107804806","22.61426923467745","22.42203469551045","16.089202525377356","14.962759002652195","20.460160299575954","19.928862523280966","14.808465681831054","20.54134886504343","21.860286866084774","21.0953437290115","21.12045882750196","20.68077492850279","22.4228194097597","23.63689869897867","20.46374201317463","17.41378029468994","22.971123016788397","23.6588684057332","21.231557511380725","20.102159528119522","17.793038978067376"
"12.95043527243898","13.114424513699076","11.980669523047482","14.23310245597377","13.771455772890649","13.178890367604039","13.68388301404279","12.887774710540485","12.391101617075575","14.246132004235823","11.831369734655954","6.980031403197389","9.282055083574848","10.189046085164241","9.114821596375933","10.224304153667685","11.414028716688348","10.443126673952856","11.703422733391234","11.668481050763123","8.773321200863016","8.7789332938558","12.02428161110548","13.161799639410244","14.93362205810525","15.252104017121201","13.389673400633125","15.854357921829946","17.23081623267577","15.043856921394726","11.501279910507517","11.206847922306462","11.532442656504285","10.178377326744119","12.561054524338758","10.784160286041697","10.499492390035693","10.451400102900342","12.457747349380128","12.375260099513596","9.921725407576163","11.578962200283634","11.57594053834354","13.445998570464923","14.70569843865888","14.944601922193769","14.255812773872634","11.218499882944462","9.789823115679933","16.703574991064915","17.903354689028983","16.5614315612106","15.127797236523985","12.143675784918797","10.60875448939333","10.907594995059036","14.368628708809842","15.41321336965173","13.325556478358761","13.492117569981776","14.657341339456124","11.705059365504965","11.158063370482198","12.28296514802443","12.027812075218892","12.092553468020604","13.78316246105343","12.597855056613874","11.46916005995542","11.340286651742861","13.543519480892268","12.81321250632325","10.6674405248093","11.780368959410767","13.58620777176765","16.2092452098913","13.45396711877532","10.76911095761422","10.519973205740055"
"7.399618939847138","7.949879498333258","7.144243942812616","8.178345053721856","8.901867039999171","8.303255012283516","7.898001391404633","9.194260659236017","10.84781066461268","10.505406788696103","9.357855800375015","8.003425376634237","7.8936838232717665","7.693730599512423","7.340038102005161","7.808583176678773","10.056790985786385","8.529589150193358","8.44725607980664","8.417219178716392","7.164983130038785","7.805881872342614","8.373739010802963","11.466577309849004","12.657905473985402","10.327366722118116","9.390424163081812","9.269547669100387","8.700411145999574","8.636364485842659","10.834696508441814","8.59442588320403","9.963420278920973","8.632893601639335","9.091547382641307","7.765665068464178","8.810000471384802","8.821570047106922","9.334976704037851","10.623815597815312","11.395750266691751","11.250723608289354","7.542692858831087","10.86077451711981","11.934267496598482","11.645443176764328","10.532916476778361","8.428948517918892","7.159771272798775","8.632137642472163","7.803338843974622","7.908605941264314","9.014685139610924","9.684829823071645","8.57926439939753","6.9448091791547215","8.316191114582661","9.468596742072169","9.853300249392607","10.85571984020647","10.087449303195278","7.8222838112251525","8.495644822709265","10.429242497524704","10.667204301974557","9.851697695507553","9.14526889666916","8.029276342455338","8.504734363908947","10.877787039278914","10.591308895796773","8.216014826164333","8.136149601411807","8.402955258586932","7.348897966630547","9.371856185214249","9.83256697010491","8.325637699053399","6.065122850042268"
"9.4439973487965","8.414572939692372","9.268029303088062","8.97828155136975","7.842188814415118","8.07492226522847","9.098230418330761","9.317318584516256","10.032935646327832","10.463457658183755","11.002420190162171","11.73471720824671","9.848156994230171","8.578334025830696","8.16578838071544","8.955447733723174","7.787516126208628","8.968711258669563","9.201017463979415","8.938370324072903","7.6251774461280135","8.77880551342926","9.378700339819794","9.81867701810971","9.251171635981827","10.075512148397044","10.609744230342644","10.394274210607481","8.958247514941279","8.634428774241938","10.55736122623518","9.224321210556441","10.555177449370499","9.399846149596113","9.418682834060666","9.792196060548473","10.624190867888885","14.061983276472578","12.854217665343278","10.896265854398669","11.164742851610733","10.399805363217599","7.2137893411181295","8.297968372624606","10.675116727094377","11.147594268571181","8.677364267292166","9.141772584761858","8.824852678268627","9.69883643831114","9.966755185576506","8.007371439135257","10.326015114740466","12.179950566629216","11.224743906943322","10.56325107072312","9.506964023022915","9.34122405003886","11.813491271157169","12.044219620009946","10.292245551773581","9.59824699887773","10.215491344354","11.153285242105666","10.299721580471939","10.020359289913722","9.286004210367064","9.109010745068549","11.091737977097372","11.764507133610435","11.587523986498487","12.732392710022397","13.628944111891707","11.445440075551534","9.92447416068446","9.317950895720708","10.157284721926834","10.566658121826665","11.207763993703214"
"7.8962817829643","7.148978699518898","6.156018015266451","5.494668336321219","6.758367711411986","7.4107640438810956","7.712094485502019","7.519531649285487","6.740899178215198","7.361099609679335","9.042090501131892","8.539756637171921","7.314259085005572","7.670318939130479","7.950690017828477","7.853668787711392","9.992582209740373","8.555382760312181","6.619969736776628","6.758512651457289","7.662323417606067","7.5935449371042765","8.613718664177513","7.081281896926297","6.9291211993731965","7.930742357711091","8.794230646812194","8.366660980235725","7.313532908581436","7.31615110500488","6.561921129746061","6.616625061052513","8.424530489040388","8.129559781688718","6.8606127481648445","8.892944417094053","9.307013968034873","8.437391217305104","8.910053534493711","8.468308760684467","7.015011176319655","6.9854591012133005","5.582389098542182","6.811809424094213","7.630137797078134","8.043924571897042","8.209776953287768","7.866584294684405","8.465740368339967","8.471969468412535","7.7632954272800365","6.41294676613062","6.1565037409546175","7.636260571857718","8.030748795297718","7.158408506281438","6.577835839120211","5.617053486367646","5.994140477094195","7.152742826304004","7.260646393037569","8.747586615907087","8.426118676770352","8.927244494089763","8.999846946431743","8.0247158628349","7.065590194828013","7.77339294185357","8.050963335701223","7.562816557489792","6.710089432482604","7.0376222749976485","9.789635917858162","10.01876727078853","8.769365170157423","7.5780131627837175","8.333569350899683","8.558934054003746","7.8291892917693735"
"7.225870097233087","6.681400458711464","6.849674126458745","6.156991979806951","5.66518482266324","6.128769520915631","6.541013852711342","6.372490486553938","5.94768084108831","6.314989616468618","7.163352316135147","6.946480587052369","5.991728743796622","6.158975148729333","6.887265250760955","5.982597620156962","6.220450234037502","7.314142018059353","6.86995056460266","6.810385510516241","6.330286757904132","5.5862706789694645","6.120131489976233","6.914541442724462","7.020707981197033","7.184747125124149","6.472554661956472","6.477826500197731","6.408863958714307","5.595561057383755","4.922176218635158","4.853340780139602","6.9130819083827895","6.661216588146134","5.810013540906029","6.369250184487999","6.5797819671720825","6.616991934214682","6.371665598180559","7.342791559431871","7.6684853386487974","8.004822156402636","7.650952391039897","7.53021196251185","7.110693707966658","6.34114352679758","6.247345849220549","6.3773234022426735","7.256314347277438","7.788619269057752","6.044939088338938","5.1640581250461155","6.015859633421905","5.943219131445303","6.947541009703786","7.564768941575709","8.283523522375456","9.024517387814287","7.518121364864389","6.238163934225605","6.089861570475932","5.965818458747968","7.276301851869312","7.212983143311293","5.462295072408087","5.1856344998277795","5.601162137874669","6.424134783492883","6.436170413949142","5.738254657244791","6.401701361975794","6.192981603527466","5.680705351595191","6.521094982482991","6.694808599910821","5.90846230936199","6.370150636923904","7.653687658510407","8.12461076835725"
"6.044531402400114","5.450594056785601","5.505849128813488","6.01335395183163","5.422816654784376","5.120417835531137","5.250126534517114","5.732512481908156","5.816338386918675","5.558020344203632","4.867066742400741","5.80534434941617","6.5571444313838025","6.557854273314158","5.803752467888756","5.770534667762674","5.813027169625879","5.6411532590714115","5.8416056110279015","6.157796031374031","6.110242382718515","5.913448792068178","6.387995727726198","6.191461991790128","5.834373814313729","6.025163254583253","6.278257922375287","6.627006818290362","5.753930269124045","5.702945758634601","4.813258246064076","3.9150612471955832","5.681954230290513","6.908143868903771","6.207003162304768","6.2650113922155946","6.470359212150396","6.566548422044389","6.021119003851718","5.7692466698267415","6.2504550975715905","6.178674427855068","4.745789361771781","5.988038703816411","7.00720881664544","7.161360787591074","6.888867127015923","6.588762694914067","5.912515728183066","5.273615586423956","5.151587293959324","5.371905623841576","6.308707379332166","6.074815794988822","5.196045021889061","5.12638505657662","5.559814081439525","6.127514409547058","5.7728060768247635","5.647819600569627","6.851223167803647","6.332604020018943","5.005849270185075","5.591380129580753","6.273709792264284","5.922832901063624","5.470387502346222","5.371565500842212","5.4302608840256825","5.72148624287101","6.090762531967223","5.731982925005776","5.085839234636893","5.40191132807981","6.787484911025815","6.5583168644330625","5.8872492275950785","6.398830416698579","5.774533880672119"
"5.544191498126018","5.161166569886119","4.7993563193475355","5.343879292257381","5.404517158226536","5.135529829241619","5.547613534174718","5.837944666880418","5.535212712677957","5.099373536445898","5.374741542762228","5.536781303090734","5.735039741830151","7.417661615313794","6.373536574408988","5.490765002087426","5.206996926571175","5.427048873559141","5.427962517953323","4.418205342374308","4.6163129976804","5.174458624499639","6.325358970909152","5.994721287625723","5.5154309081097255","5.994551256811709","6.414628632993707","5.55157608833834","5.112556990151363","5.548369752541884","4.5655693234632055","4.532535020024609","5.595893553567451","5.676193109620977","6.123832053938355","5.825246349202825","5.323743998498325","5.988132413042035","6.3171500955030435","5.729136287420049","6.252241771288892","6.356679803352202","5.946539340979473","5.931118377238211","6.519694726715274","6.080383334325624","4.899325827145045","5.30027053598368","6.275883535807675","6.480745239341308","5.608922667490433","5.446270933241689","7.804991778772307","8.069279565341759","6.179099605568147","4.663706523909634","5.039675238926373","5.226720800756378","5.60629654277596","7.033451154309894","5.731171216849782","5.160825031332926","5.248257004534396","6.174498329110252","6.3596034731006545","5.481369330114422","5.798227084310065","6.19921793763925","6.512347496299889","6.421021455894267","5.807777908834674","6.846265003522657","5.891181071962585","5.758791434613795","6.67402892790942","6.639762081607078","5.219652504218389","5.026823964781039","4.969332091926283"
"3.979197403214882","4.133423139779001","3.944244989421246","4.1333569016694645","4.0598496324042275","4.530260209965664","4.747225117954981","4.797787892004113","4.9616938371433355","4.235294690650274","4.181766113840805","5.210844039986069","4.87434258896499","4.882479606020685","4.618803007212516","4.135776494918741","4.791256279196887","4.679171921554793","4.194291321798299","4.641613767622589","3.873903240798664","3.778272833246146","5.116371945607965","5.207853365688298","4.877700289026976","4.654079863959511","5.181251468214661","5.719856495735674","5.195336490966735","4.504027330980904","5.244979102539883","4.957630402061843","4.36946746280574","4.838476999923656","4.73352003918169","5.116577311475021","5.350101001772482","4.516005782496372","4.134496523459617","4.603650211868499","5.018247723140872","5.19034433527914","5.62891767220815","4.96841507379863","4.694412349912987","5.74994006370909","5.106556922945785","4.6034285923150176","4.912803258223291","5.270967076449525","5.206073568986987","5.17270048141485","5.262388914349841","4.897515049846773","4.462774763567552","3.827639028649829","4.902364836714447","4.916664651326445","4.495022894923498","5.410780907607701","4.825841081156329","4.802111149358382","4.661859957129349","4.362214435326692","4.22228100928948","4.226127020682946","4.580399820448685","4.344350444038477","4.186585427206075","4.524783683478642","5.151989621722202","5.63794858833399","4.471709244119885","4.446340840539359","4.716817460373643","4.381587783231","4.2510533339783585","4.89053091497153","4.9520658077097295"
"4.706958238195307","4.661985759634934","4.565062743721919","5.279412043582564","5.336971818924175","5.812616935556585","5.931854718689143","5.061670342762001","4.648146683493575","4.853466194998605","5.335053045666186","5.337593685935233","5.235199318150318","4.868789247189461","4.868551516653549","5.012593324853056","5.004997456375801","4.238613501555078","4.386421904414169","4.820001174570679","4.931952862543343","4.677171330675288","4.31545470639582","4.756972625844878","4.4911592326851935","4.313987090443627","4.853051932810048","6.4996987132221875","6.211007016598839","4.967006320240761","4.72589489684345","4.084911507980698","4.768185497016384","4.588703645329399","4.407887182950177","4.480449067345865","4.2624177008274025","4.2111054689494605","5.00274543076707","5.244359227834211","5.1889695338392645","6.563996856452863","6.530586451688204","5.772404379192714","5.430263216384774","5.457582700637344","5.205816877015111","4.713131685184531","4.68176049932161","5.439568920114017","5.588565693540756","5.103769098943202","6.200386821305682","5.179802712544693","4.02494790282303","3.768872115178061","4.717843600405153","6.542882745595571","6.507764763298634","5.332645200551485","4.8900112390713275","5.035595773380535","5.535033608643866","6.008422552710341","5.555279862013153","5.077477980811218","4.822045813344087","5.079474617526916","5.368023305064295","5.304062367110562","4.747141924278831","5.1582022598378705","5.732294911790056","5.9529194766012825","4.394688060499093","3.721547028740555","4.264415126704428","4.941798791607985","5.207731162479789"
"3.859218990084005","3.832675081605191","3.693638481487569","4.125657074266643","4.429191237526628","4.388169290440297","4.814907892841036","4.644705332664657","4.699845756939734","5.106806563187293","4.655699157372275","4.316304336289483","4.883730072356654","5.196825935973172","4.871707135633952","4.2083886995163615","4.099316176671287","4.147532608180204","4.198283216064595","4.246824762693644","4.265830123776257","4.601686140317074","4.392723222158021","4.507752474623617","5.627126449341804","5.471679977710458","4.159403120699998","4.723659354193311","4.911321270482331","4.691237746860961","4.617127929385062","4.622424913573283","4.78137968749865","5.07899898508896","5.070335020677677","4.933165559477553","4.9600373099693496","4.915743560783723","5.273618865837467","4.415209244140021","5.481974879954348","6.224390487312275","5.0640886689892","4.298061199742184","4.560247349035316","5.535922951938091","5.7950090256431155","5.427368376719958","5.320348946209254","5.279731326808402","5.336143772436715","4.645506349304144","4.62905911750608","5.166615446972687","4.716582379483057","4.425599820172775","5.304496748867418","5.742455578989925","5.531200539638115","4.690292011642276","5.552264222757537","5.684214829194501","5.144623430030139","4.6104632772846","4.491886742792859","4.002574979069441","4.569642790747596","5.154297815431593","4.994696598290685","4.893585267302535","4.887815110872376","4.695781055539286","6.147899351843241","6.0481280109940645","4.586470419898064","4.638691433476434","4.255694640150806","4.963429843945464","5.5746682741785785"
"3.9485959875762573","3.9702970019946746","3.9403536732261317","4.0941839836941245","3.595641927158955","3.404653395302976","3.927954740679737","4.311319568095031","4.246314099132746","3.735234032640817","3.2043713593197363","4.896758881312724","5.482724097324254","4.364680526577079","3.5106803983038963","3.877755920284213","4.349633063320398","4.017510990161062","3.6950166168102885","3.466569644879723","3.861026704622013","5.4660315286359635","5.500477785992686","4.470475328603746","4.057395689475341","4.195014298346481","4.531471110950791","4.21743952786972","3.819231600696768","3.5238882236739495","3.557826682347323","3.74977379687604","3.846490677780523","4.780113018959636","4.896790657219314","4.4320279904617905","4.002119953099545","4.123952240819881","4.313965737196622","4.570915394821138","4.6468181900387995","4.955555475128753","4.233039780780499","4.280837358749819","4.759912304901353","5.398849415521221","5.565953892955124","4.7090465393735474","4.409247310121661","4.41717416377154","3.7598851692932915","3.6890543251266448","3.935265730435667","4.209610394311453","4.017253075792113","4.127154276124174","4.214772392845124","3.8995478152315193","4.1582910612281525","4.2800268773007355","4.01164412212271","4.414365744766275","4.2406095311225","4.48584943053657","4.74264503776865","4.64066730139087","5.047258565975091","4.853365460400773","4.533916404692172","4.255862891616132","3.6402726185155037","3.816946079938334","4.343812884877032","4.597480142521545","4.515538973842338","4.443420482698531","4.416482460138092","4.524400804909186","4.568181868230176"
"0.11605597531191644","0.08512496065492291","0.10168348830145384","0.12178794551441108","0.11595277368723712","0.11382330682450265","0.11514147505377124","0.14004660545065645","0.13724437432635525","0.1273200345869638","0.11186018343709517","0.12370574499780819","0.10071924783553789","0.08141321824276879","0.10051113909327664","0.11790329319435637","0.12736691452296817","0.11337049233359242","0.11312686966792693","0.1211032085339771","0.08540819571089049","0.09640653706035394","0.11431396631355954","0.1053070363229029","0.12732749920392658","0.10792441260928015","0.10635680973859676","0.12643929249587138","0.10424908484085776","0.10924485046400406","0.16317905180915138","0.16346082409785084","0.1306754006230704","0.10701878728576814","0.10302000898757348","0.12940130283037646","0.14695451827593936","0.12688864377614487","0.11743799138316367","0.13102739561897972","0.11333655018151298","0.15123458035728693","0.1947729336092284","0.1598491951985839","0.13274772629949122","0.12301933846469243","0.1257064420058974","0.11998049939420886","0.11553848871473611","0.14252244827346533","0.14147838943558372","0.16492367570949396","0.12636268934446707","0.09082945527930947","0.12899338811860112","0.12720879799886378","0.10608885389593131","0.09526694693603396","0.08777130545346504","0.12894505454154723","0.14577809399196243","0.1299014742676987","0.12942701292268377","0.12721329088437","0.1580906957259552","0.13156901255111858","0.10745870888269056","0.09055096924518731","0.09822263574623274","0.1261231480584736","0.13250831715004113","0.10285265890569381","0.07969325271257335","0.1226472474864807","0.1535563024415172","0.14604781387507815","0.1298504379235478","0.12264633413668655","0.12081715557626813"
"11.22","14.785","16.075","17.325","15.94","13.465","16.14","12.405","11.415","13.285","12.755","11.745","15.585","19.095","15.265","12.87","14.02","16.57","17.065","13.55","13.07","15.25","14.315","11.5","10.31","11.275","11.755","13.14","15.435","14.64","11.49","13.285","16.395","15.25","13.66","13.33","14.58","17.0","17.42","13.92","15.84","16.14","10.555","9.85","13.975","15.44","12.04","13.87","17.205","16.47","13.9","10.37","18.945","20.83","11.135","13.28","16.63","17.245","17.34","13.52","11.695","12.425","13.75","13.315","10.83","14.125","15.095","15.85","15.96","14.015","14.05","17.59","18.335","12.15","11.55","14.835","14.78","13.98","15.16"
"7.130832166621279","8.28703266950456","8.874701958659738","10.451870237550146","9.873017614662576","8.210632573135449","9.562265150346919","7.6611329810164275","6.914353523629473","7.8620251954523654","7.468059029249309","6.931669509973488","9.499561793869725","11.199005365474937","8.826580799263079","8.150374288652","9.386510238579435","11.266324753397027","10.961074171078048","8.146270067816515","7.709322821481331","8.816185557272757","7.897924662313543","6.5757088716485805","6.60077403683925","6.8818796402829925","6.9803986480043285","8.251427446203078","9.47973275384824","8.61414766132372","7.374787087814042","8.680589436140654","10.298800156844973","9.039953375477968","7.374961988510925","7.497852120875232","8.317109106513804","9.42410098926154","10.436644122996148","8.465234289097179","9.236197320194588","10.1248162615329","7.288878572002753","6.552281899127438","8.762748234330905","9.92768191691422","7.809069468552293","8.231190927843587","9.97693102005428","10.078853011315916","8.801143789907414","6.907250730797529","12.420613544763194","12.801383233029139","6.783267744396299","8.912211591875193","10.540287097958908","10.783637469719817","10.360454187422214","7.914208302159165","7.511983411796587","7.949901280793455","8.439051877581013","8.190998860814531","7.122586803178682","9.125659005248624","9.7377583976224","10.0345380592768","10.03296235050341","8.741841814376896","8.923355417662334","10.54804279964317","10.909032768847291","7.8280960499862235","7.204129455927546","9.648556065752253","9.538411391685573","8.36316934202169","9.040232443181115"
"3.1205666671281693","1.7382345296793167","2.240572289773246","2.724748138279084","2.3481951563720123","2.408042381123627","3.122231390157134","4.631019327036302","4.619742433983472","3.654182164588779","2.206343695022714","4.026447388833685","3.4004613639733456","1.6373943474637276","2.2747288628364535","2.104245297018016","2.803253618745731","2.278642043350753","1.676813473142714","2.022743595787732","1.2176674572568331","2.734695123415964","3.169667445660092","1.8470351377746246","3.043787453484343","2.8763054245892836","3.0585718718171826","4.545848770905051","3.3775686104108678","2.802071965123628","2.776631855730845","3.0785742580244437","3.920113669376164","2.3998827261669473","3.086144749947607","3.889435888888533","5.182582690986219","6.605966844676662","5.370180812739945","4.9202272991103975","4.227598219379363","6.912410552727959","8.1071474114","4.973403887086069","4.702661208624331","4.43516529618021","4.286875813325105","4.867986508491832","3.843628963290276","5.871770904222859","6.208044944240372","5.448460807566378","4.140215529600152","3.4844355918699237","4.567592375449505","3.9145388691448435","3.10384389648653","2.7648311745050567","2.877713828251534","5.083026707771202","5.549110170709961","3.3672347484790803","4.01569614771599","5.730672990322989","7.324192092228653","5.054071870101336","3.137545606852208","3.114739065603128","4.166622383085607","5.364711893133891","5.656322942178762","4.063545559045231","2.0091539010790767","4.6389503912658085","8.368477980211933","7.569768021959025","5.378516361879425","5.398480384169311","5.825474078973105"
"0.1618359375","0.2154296875","0.2434765625","0.26640625","0.2453515625","0.1995703125","0.2365234375","0.1659765625","0.1562890625","0.1969921875","0.1796484375","0.14953125","0.2495703125","0.3144140625","0.2291796875","0.1919140625","0.1841796875","0.2090234375","0.22375","0.1837890625","0.1941796875","0.2247265625","0.201171875","0.1391015625","0.111640625","0.158125","0.1653125","0.1674609375","0.2221484375","0.2280078125","0.1590625","0.17515625","0.235234375","0.213984375","0.1957421875","0.1881640625","0.19625","0.2453515625","0.246953125","0.1825390625","0.236484375","0.2461328125","0.133125","0.109375","0.177265625","0.210078125","0.156875","0.20609375","0.2647265625","0.23703125","0.1952734375","0.1354296875","0.2663671875","0.2911328125","0.1434375","0.187109375","0.2512109375","0.2516015625","0.2350390625","0.18484375","0.1681640625","0.1677734375","0.192890625","0.185234375","0.135078125","0.198125","0.2175","0.277578125","0.282734375","0.2004296875","0.203125","0.273203125","0.2769140625","0.1601953125","0.162734375","0.22859375","0.2149609375","0.1997265625","0.22671875"
"5276.5738731886095","10105.128434107948","9557.85532598712","5905.972894858368","6530.1938909953205","7660.398287110393","7698.5720959951395","2421.4101598424168","2760.5259864356367","6227.331517096595","7930.085901094754","5408.107723866552","8625.31171537412","9194.252171345694","4822.229414311445","3032.800069141015","1966.7510883426855","1941.0752850565373","2124.2244401744188","2271.360868323235","5712.12278581476","5641.498995384369","3202.4108626619704","2648.6199541605474","1202.1922326032948","5772.7437942929055","5848.527397853421","2707.7815401581656","9792.294565355236","9917.061331663173","2402.117156797315","1693.787122608904","2897.2116191873583","4478.242937629623","7836.565116487584","6129.220583662251","2445.9257362280296","7240.912270570867","6928.869441159322","5515.5405758290235","14160.400336852399","10068.557889216123","658.5330267030891","3420.682799914806","4721.000558993041","2956.6547568891583","2681.407164822156","7691.249192097012","9581.126496455421","9977.614108966221","11126.62260520112","4996.795872000036","10213.14477045294","14428.494957400237","6292.694834528308","3721.659110972853","9377.329502880413","10671.621512580372","13335.533495839343","10595.91544289984","3422.4467653623055","3088.705064455363","8709.986701328513","9392.304733043939","2946.0236945007655","4944.418110614113","4971.993117782686","12717.254823808436","14506.529705459818","7857.93422569017","9782.349159018915","15455.190673140041","13348.86488601519","6117.556082214808","12151.281694360716","15197.405712419457","9396.062534554712","6796.609058946572","6596.423531299859"
"0.027037209934957153","0.034701221554449144","0.0343024038059325","0.037276278255461655","0.033550265497144544","0.020352996555422866","0.048803254356129894","0.039354089082074974","0.014745392727039987","0.026832751673737987","0.02224759799741441","0.014387346814051835","0.05581674634956617","0.08597073824743223","0.048292503721669065","0.02000138419033409","0.015410452682495716","0.06414946225685733","0.07267613822993302","0.021452670867571508","0.036134876762528835","0.05514131516463912","0.035278093110203315","0.01158968172250707","0.004946880766415294","0.012822757057946292","0.014987713179963644","0.045860994770799496","0.0649798859372697","0.043767695869400054","0.021638681750779404","0.013296158361937602","0.03329907461003337","0.03179286629771712","0.01979899585371581","0.025307821896903213","0.030019213693175416","0.038888602042390724","0.0531893586864013","0.0345507770120649","0.03463916373612831","0.038622671286998665","0.011043971318095758","0.006202029900912307","0.06840236528614993","0.07314218343386147","0.01305336612324235","0.028047873581112836","0.05343255773861033","0.05823794881319402","0.03459923146253439","0.008129433438962745","0.042248662333867794","0.04623702670807763","0.013517590960573327","0.06845081320161908","0.08018499100949628","0.0633545055589872","0.053401883847603075","0.015412870403675975","0.012878359011531861","0.017379880545731557","0.025911843109214298","0.018602347411230628","0.00899441531261092","0.0390411750878318","0.04707561478177567","0.0422573483300384","0.04631383864732342","0.030152712621462848","0.02064693158922022","0.04817923361221127","0.0456477981227817","0.008142500014781937","0.011870005536652777","0.0552382517065076","0.06653351197560169","0.039689558426636136","0.039754810432723685"
"0.08226769333809184","0.07494363724081972","0.08466482545872395","0.07969229374594165","0.07540586340260687","0.08065650585575726","0.09462859571666331","0.08807249949917775","0.08028346361071037","0.08689300029749406","0.08244655222364236","0.09150732636376153","0.09445093174294811","0.07081495039667322","0.07079977152311269","0.07424692274687093","0.07661525865831575","0.06793446179774153","0.057453586352446004","0.06107970921830528","0.06083860383428202","0.09149598495521852","0.08944397036899886","0.058604300931326445","0.05913735307748688","0.07590194275737394","0.07893021481795577","0.08971357630346623","0.09445428794394617","0.09066649506734337","0.08824683105113469","0.08340155946539664","0.0994450509180953","0.09201195917343166","0.08396220936880001","0.09571961252743777","0.09956456667448509","0.11618845322687994","0.10428415329189819","0.10122133928944031","0.11279834169050126","0.115704914666662","0.08284804146244913","0.08712690003785985","0.10114083317610792","0.08293408207703877","0.0750363311923183","0.09607109872143825","0.09302826557791692","0.11764370717440881","0.12040380654492429","0.10701394534346001","0.11406155087039112","0.09409014618171482","0.09457723391671431","0.08300832972138511","0.08289866053488547","0.07661346071740734","0.07885093345578915","0.10223447862729573","0.09090045892855401","0.0730284455068516","0.08409297648024429","0.09992597857101394","0.0979354045305656","0.08934877773778695","0.08080457592837517","0.09066514279547513","0.09523796099002094","0.10362450469338748","0.11008525206610276","0.10164823806166429","0.07317425686685476","0.08415197780278892","0.11680722106115878","0.11866162049191983","0.09873700688729475","0.1017322437306291","0.10632812741485616"
"9.014521617922941","10.837378603703021","10.180833708493621","12.81246951215885","12.613342142350689","8.869541983665226","11.892451387329698","10.731308168159174","7.389369052902964","8.979074284134194","7.820803986803399","6.947659677905937","11.71037040404786","14.342104971028487","12.520174719228159","8.705348930399058","8.245580634497493","13.567796431255887","14.419804957072069","9.149726771876859","11.398907842420696","13.130403649545585","10.730599936629826","6.93685807840985","3.996736168425435","6.76530671884136","7.95707075499521","10.700953228568002","12.980977428529789","12.250730590458682","8.259533885153575","7.023088707968879","10.457484162072634","10.963918095279626","8.690477547292787","9.959974899566758","11.279787232035888","11.453383779477575","14.367797325964753","13.265127213864169","11.963878969631882","11.50392976334608","6.028015842713086","5.197836088219792","14.690962357857972","14.797175406137484","6.899159369082569","10.338911935015211","15.20371582870451","15.606380105585027","10.996363035113012","6.292304824148303","14.945633977854536","14.341586383660635","6.89033925144474","13.207255581686908","14.25282778960021","13.262540292115986","12.469739371775175","8.059131466851746","6.442978736578293","7.899643979319573","9.380165243747042","7.655440875612581","5.5750426007341","12.448669607632777","12.777948779049003","10.456935497553754","11.492101635471206","11.110570417399817","9.51196614796332","12.951521146182017","12.298080134720212","5.846152580971528","7.608383533970929","12.364779617930926","12.785210205546095","11.194623709620615","12.123299880808032"
"5.601376288907862","6.746766609045813","6.002788623893104","7.592863465257622","7.377356367929048","4.797726260275095","7.65998756407098","6.984885341848335","3.714241103464241","5.266075372415277","5.063033203694002","4.186569987944325","8.425863701838903","10.371534327671897","8.297688405401153","5.643387693611183","5.470737376842989","10.148853529002054","10.432880931484442","5.130141664419933","6.592154204095116","7.977605049644693","6.604520018799381","4.142309799119756","2.59365061959362","4.525156920430008","4.645517380875961","7.16161956302408","9.068647063124493","7.700993855349724","4.704885799219501","3.8792300743889148","6.945721517860839","7.098157714758387","4.307087236614763","5.458906167163568","6.2341173496685","7.163123282617065","9.854708006253883","8.851538539628114","7.6582498980749","7.0268185525972005","3.0905465654420965","2.948450815788043","9.842602160040009","9.865520721769798","3.775016475340353","6.036906229794713","9.139489595334974","9.655483305816634","7.1104876492003335","3.5030438812812568","9.804379249272825","9.719394894001171","3.37035517850363","10.194298488284781","10.778300713835444","9.206905692288688","8.683059786488569","4.162968090523185","3.381382744899547","5.178809368133381","6.6046798907548885","5.1187533597992925","3.2021408405919725","7.962593387510125","8.476493612791213","7.388049631558498","7.616404700622211","7.208130392972133","6.659125452110503","8.655223770726705","8.076121907597662","3.624076394384781","4.513636434607241","8.97272199919095","9.60169469939148","7.419616549818891","7.636511838822024"
"4.578321922853575","3.064991945300645","3.4305799882822803","3.428549204301894","3.3011550495296236","3.2982395080586326","4.978108396887514","5.679483621312755","4.715074268214059","4.251920724530621","3.0369275466093044","6.122522011652466","6.230232564109284","2.7941009860129284","3.163474925146264","3.0319682800233787","3.8139957037580525","3.3055323916853308","1.787698242536415","2.1830967359013362","1.9704989212579467","5.058412797252056","4.956913832182465","2.153131748088918","3.1402288086122745","3.549336232756197","4.329090402515515","6.589669359540658","6.279224791696301","4.975693564328547","4.545059234409823","4.184055991303677","5.772509079502181","4.763497716616081","5.521629477993549","6.705280355233088","8.281112614113415","9.75885341522847","8.592337919376863","6.989469251994077","6.324747958917009","7.9489007406697025","6.956670492878385","4.576503772133157","6.087133360516937","5.2939532932728035","4.561729029536366","6.709903307600199","6.300644480783748","10.626260968599707","10.874253159114476","10.052740905733513","9.645439974257648","6.781272142857889","6.87419256268218","4.867697057447649","4.527851603475221","4.2303554270032055","4.372860730568073","6.680673896613371","6.542929473153168","4.12549660685191","4.986377749121042","7.829181439094652","8.196721166767725","6.013654403943823","4.710331362470465","5.797424083918712","6.948193660571855","7.75128604112422","7.7744361096563255","6.577529368866531","4.114330543511827","7.015485472721015","10.936017118654181","10.694086525658193","7.360972191261264","7.594432751177261","8.246191155037708"
"0.18812295196533668","0.21693363859080525","0.2249983418721454","0.25711672211091696","0.2501111782817091","0.18024505464539403","0.20265260197540613","0.17593482440655345","0.16020482780811368","0.22278899209242498","0.20959133165794894","0.15319481826664375","0.25489973602820015","0.286849103436092","0.24081171416118052","0.18973051133424054","0.15852337859148283","0.1833866809330829","0.1970485965797841","0.1688439001986076","0.20617215253746957","0.24528136931751915","0.22067339401516411","0.13430389084168348","0.06650998331723873","0.14257596316854224","0.16152509540412757","0.17706920085686792","0.22648783454476604","0.2341119324417726","0.1706169154449156","0.1570008521573211","0.2007170830101649","0.19001533847934982","0.17638991409497756","0.1973499626335531","0.2087145015662844","0.2070417118524122","0.22564846603646427","0.20202251512802313","0.23505073162095638","0.251279680766887","0.14848444981188264","0.08804933586844935","0.21071659439706422","0.2251705489691023","0.15123668265234952","0.2223703756896926","0.27083829090765094","0.2466912884495011","0.18578397269214958","0.11454115508626625","0.2192065513300095","0.22325642452415248","0.1600800885982543","0.2372644159501628","0.23377279078712812","0.21755294330826652","0.21679761753814278","0.17513673508593944","0.15633188772177087","0.1562733136903975","0.19572829179498902","0.172710310399696","0.12511857169270227","0.22162871454162938","0.22949933831944377","0.24840913507492418","0.26607887463926355","0.21366380169277285","0.18235620137436376","0.2156008110300072","0.1974178674590774","0.12249192191756395","0.15643565142610358","0.2259788279110734","0.2410646570617045","0.2299073903598792","0.24744539525481685"
"11445.36048463883","16827.422816698607","16861.72535938967","13974.959179089388","14353.106252782201","14530.775299786632","14237.350337947302","4543.368866515561","5345.529436098669","15173.431725322884","16445.056239639198","9789.726132937249","13624.781976114551","13928.543927183784","7799.8431961718015","5143.554152263665","3068.786426492564","2715.4603374979015","3649.799442391539","4159.024150083865","10553.882397012922","10371.54919794388","6124.298041807349","5969.105329537154","2210.6518150928227","11931.64361062721","11885.926197750587","5296.032842895732","19760.746008373968","21144.725989235565","9256.09062743045","3826.578710404866","4763.186985833405","7416.317559705699","14358.74648700535","13948.229841139373","5881.876685821031","11793.07842141597","11550.087446880785","11710.472845900336","21521.08085561443","20103.74269237016","1680.2874577682817","13531.535455066423","13717.180763104912","6178.0367396183365","6357.1252668693205","18419.55132334468","20128.560483579844","24115.225362238503","27908.233015133676","17931.902555399007","18608.9549728679","21538.73133547699","14743.11771831399","9670.715201507748","16447.043335084018","16552.654323444047","22381.489827403246","22212.178477058456","9034.465046130821","7194.386410488053","20280.1845659482","20586.068793049326","7447.611891061443","11180.681623159302","11738.343905850184","21795.410492394192","23107.853099314198","15336.520551552498","20111.330975596542","22712.350143431384","21392.909288841773","17246.79106493007","25082.008412068448","32492.07104930329","25965.232672277685","13462.631507094933","9983.171494887909"
"0.08641225200563264","0.08898526584355988","0.06022249496553915","0.0685716060714886","0.06800198576978884","0.03901052999053051","0.2416584156307817","0.24170547971608888","0.04563722773903524","0.0719871818545629","0.062370958947242316","0.044528328357361764","0.22529954983317896","0.278352072343169","0.1763982109073703","0.04174524049214499","0.03486570177702725","0.2711954998041","0.2773050106116184","0.06875982674866044","0.12169656876612443","0.14572856697871056","0.09089816228838564","0.028761333760390962","0.006652197058438112","0.029798712385080264","0.032332589462478856","0.2869259732931039","0.29414818695782424","0.11311797828899732","0.08771766441993598","0.028803253063512304","0.09194671983881487","0.09224555006041395","0.0363785446765375","0.062474621103988756","0.07552938824031724","0.10132340575509523","0.14138100758975589","0.1138393422041999","0.07094112511753028","0.07720347898034376","0.0371090139661166","0.018743660458812237","0.29238798905180857","0.29297015780492563","0.03708167571629156","0.07436983386717344","0.11772268538167258","0.17448694700191097","0.14942427963649269","0.01545929795380416","0.11566479308074466","0.1155200582928195","0.03248305891596324","0.2981697460213557","0.3077061075296469","0.19763818114755521","0.17949303781290507","0.031774153013650226","0.03110222325915181","0.059068841531313275","0.0694483842983741","0.04200170711642938","0.01600158363015333","0.1214476211400993","0.134736134700557","0.08408939730151868","0.0870299175437138","0.08027447517959277","0.05164496162955896","0.15750557119607775","0.15633988080092565","0.01775205412096344","0.022952049085515326","0.20187818366610497","0.2145160867909425","0.11036690003277595","0.10737605046440565"
"226.91110906250003","221.84084534090914","216.3725333333333","223.30142268292676","226.52938041666667","223.65500352941172","236.4328544","229.7108941176471","243.16977230769226","234.73157205128211","212.03757708333333","208.1041227297297","261.7065696875","314.635230952381","250.27114515151516","219.61098805882358","226.06376418604648","250.72082652777786","216.53054923076917","222.87745128205125","220.29527909090905","209.5713410526316","250.33001558823537","171.214569","220.6445894594594","231.25591375","241.00565224999997","236.95342164705886","233.62724680000002","209.1303060714286","221.4218687058823","208.94141895833332","224.65840866666667","213.30280266666668","217.51690346153848","242.82204291666667","211.51852296874998","235.90429666666674","250.2100635294118","240.52828473684215","237.9234591304348","285.0302959090909","299.111012173913","237.18288594444448","272.3944635135136","263.0991059375","257.21643108695656","255.7634994871795","263.1198239130435","238.99554333333327","260.2739123529412","235.8563361538462","234.48869102564103","235.84732725000003","245.26435761904764","223.88838027999995","237.7335030555555","220.77389379310344","244.37422441176477","232.62003888888887","254.3611580000001","250.94424833333338","229.09590333333335","245.22437689655172","275.3820994736841","235.49530499999997","247.30850722222218","245.81316159090912","259.27229714285716","265.9838962162163","254.1372126923077","244.17624263157896","246.09105266666666","228.02394675675674","259.96032565217394","250.20891242424247","256.0135603225806","233.8050482857143","259.0926265625001"
"32.43928675230972","37.73082017127241","8.682586074858238","27.254295015753524","12.745904929342169","10.738820181065977","14.369799898633822","23.704711907024027","16.39924245217622","27.555956140840383","27.88917591999698","54.78800410749433","14.902903725366636","159.62276794787687","18.095365050344384","52.142303037100184","35.20305992963285","65.88377624509032","17.64720867965597","12.911068726210438","6.8965333598165675","54.98220926046945","31.80993847573078","58.036292883170475","7.76369424501198","14.298593704513339","36.85549573568318","24.747184887684497","24.121384170463806","36.67520578784988","24.560967922806277","6.626631064036626","81.65718382443339","27.705127015195448","18.320567169383693","43.68880645212727","54.05812953450669","9.387525082807361","10.981845103872946","12.14374913255088","14.572512613046495","50.744334245647984","67.02299337546086","68.88539365852078","39.05414115042847","16.06127757014325","24.419087269922343","48.62881914092507","11.895024294233187","29.400013887814247","14.83617041161151","15.038181370189376","17.039627564105373","32.58709631677117","26.81967413078493","39.4962451848095","12.920070030095255","24.763477314291794","31.68596826375742","11.268983353013653","22.552361328530804","10.403382511904882","25.96580345647884","32.26184177810407","42.83349737561959","55.49049074561551","18.842541234619222","53.422986810245284","15.33758138367298","52.23207667696554","79.31190702033011","23.559712804885876","24.565033633440702","46.207844889025836","10.29325935456299","39.45268015848415","30.196814432843045","52.965392249465225","14.378080887998758"
