"58.46209421555786","109.34290573083159","149.33784979472995","135.99079743363592","139.72564385724428","135.91704154470398","133.02193638794742","118.26037230135728","114.16432994945748","120.06686960895719","125.45707965743492","116.13691222383855","128.73571920236512","152.9991763201292","96.85260272394127","68.96796070780128","50.81839360805375","86.75717072188209","159.75733611711337","161.93646948738697","136.11079375500677","120.2112298279809","141.5930850280003","154.48842123296393","129.89983470476997","113.39630827425381","103.92801334988337","104.50516632825396","126.75224081303071","141.56905579776176","125.27483439910968","132.74936895132248","147.38326700078463","126.03773576581293","105.58223692828322","124.34056142882386","137.58358022872915","120.08624736880756","124.55544632400941","120.90358048277528","101.79323467941627","105.36706796216407","105.84969510842139","96.73263108484812","67.01968691338773","106.78631999684417","167.99060351206873","145.35407396175947","134.70464729691219","144.10381523983347","137.17098787597718","129.88308425687765","94.76007955055172","84.47929246608919","139.17480721623824","164.535052254394","151.0809839420567","138.63070745413523","123.00545882195587","97.54115857961364","107.60525910034565","127.07898498042609","99.55637124623428","106.61226809079402","134.46304473942828","138.92261797354587","134.7910508072139","108.99455310227842","133.34285508279865","131.8880555297816","98.27049344309167","119.53705011332704","118.41606820309411","92.47260706190802","116.74915272453767","123.7980502599955","126.31752017481902","136.59997864657643","109.31972255878202","92.41652603055418","98.60157825953716","112.12219651111232","129.69363853446595","122.09131841721255","103.66639612086135","97.99828119442536","115.732124861961","145.12620234028626","138.14464496776435","105.73202493220668","92.9295062651489","84.83807069476846","67.19241807930167","51.498782094940886","34.35430885601758","87.0732948869806","138.28919964983103","70.27583348279505","22.868049431854555","44.211320536948385","82.11371810600153","115.37545983206263","96.5112815117115","126.13196754854371","163.54046891855236","140.49321636998914","117.49293904255184","104.6854497590292","89.00087922133946","71.77138603465654"
"33.29967152864661","53.88488192061021","59.67004635407008","50.550325254040416","53.78213895511371","62.58461188889427","63.90633726403575","53.95942965430688","52.012147699910386","47.72102854244108","49.03275606312501","50.54113148904426","54.15370632990766","61.087183464137205","45.48554494274066","42.06791048362661","28.464911571199764","36.463814064582614","67.80460569483654","64.30503355275145","58.08596312229676","57.74040880626671","60.558843656483326","62.97986402191258","56.62680594151903","49.74710114294231","46.73444781478574","55.97266821832379","66.37863718932391","56.63105950264913","44.44833044748596","45.254935359801536","47.19079201575769","42.370677808275786","41.90409883497084","54.96451007950898","55.3754019017366","49.84095344076926","53.5226521948664","53.487121372715","49.82890419944958","48.785956825114845","55.06470291003357","51.77193138697632","32.1803139918297","42.18434026478479","60.10806514353801","58.131497156393294","56.912554968876044","59.013535971871086","57.8820361187503","61.10421315407524","54.331159743094105","40.70510466404321","52.04132318498453","62.04573578435734","56.8096592412468","55.87098267298717","56.038568232466126","52.400467603053094","56.360508532267886","60.51775330211587","57.171296486177695","59.09995676302732","64.40876532376441","61.068384710602125","56.55924492235985","45.58586890401603","47.059143173667096","50.58336613832631","45.30047484265401","54.61268082765134","50.1114351057788","42.97794625831297","48.68964136643344","49.90429087020932","52.3989591273749","57.38060508761816","53.5073847488999","45.61529700855397","46.78841727704648","50.29637065321701","50.46113837065643","51.91235200128963","49.86867843252468","42.28290822995229","46.939276514743845","56.35809436864249","61.61655431552864","47.84430939281081","35.98988769493214","39.49612446432527","34.249384851472705","25.60663097691736","20.626063016269246","40.00817345873108","57.61556692358531","33.9460288232975","17.372389894123895","29.21340532627249","42.00140234184905","48.841506473179315","48.67866003090976","52.65907797213326","62.18463153260884","64.54805247762272","58.91078146685144","56.738313050307006","52.31368346105166","46.57979085351454"
"9.730443543017437","12.730728722907072","14.171863324219261","15.98447089682995","12.154056812968603","11.930561530573424","18.14926666100129","18.524986242706543","12.901113623823912","16.065780192728408","16.487121699810647","10.967676443304114","12.309399463704517","15.266062260370987","15.458855476579814","14.987361745766831","9.733031708322551","7.784876466202684","12.6917792449425","19.207588881583984","16.42230032514016","7.750243775068571","9.049138580062534","14.708124530363154","16.430005805053778","16.092765134409998","12.94685390918519","14.024673523654284","19.744489466667286","20.871374589997505","15.902525379105064","12.214667647971902","17.689838397225117","20.07830867721708","14.859372089304866","13.504517334011304","16.750501595450725","14.707763117781738","11.798944858936256","12.859017834054777","15.622037314765315","15.729047603543243","15.803074793555878","15.5114547930509","10.961598341655248","5.081332046854909","8.08507900796019","14.516529344909062","13.06688634067221","11.77541104494348","11.486463944140658","15.174468565234783","17.74806813621285","14.133827308755345","10.76780217763855","12.770027148900034","11.26872939950297","12.44792049413736","15.393679504726151","12.54711766157155","17.61007595930514","21.126952292315373","19.861965399343646","17.110863059790578","17.933342668860135","18.844120897646324","17.256519375952323","13.113392193552059","11.636802769412238","14.243368772067358","11.266554004271166","11.850674258983814","13.906973892893621","17.916403513619105","19.769809225705373","16.12819261125247","15.51684344223765","15.589047256797317","16.363712939852917","17.730647131569402","14.163849828125747","13.244924658131126","16.145004015407658","13.412936120060483","16.537973703523917","14.860059573376011","15.899704968056321","20.47524809012007","15.195271584834416","14.184038888478359","14.176677441244765","11.39635798277427","8.292711169836481","7.53569018868181","8.858266292770782","12.826296251384422","13.878421087597651","10.968517058948667","7.821882773576927","11.702004373154196","14.271022035173685","10.681261951924983","13.731951039628937","13.888072925345314","14.294750220328451","15.139944205884776","17.150581615931713","22.313658892549252","22.42165589751924","22.112984972136584"
"7.615911094895925","6.436665946813413","5.9800508950894375","10.783138769039546","9.956085108344178","8.562435648591038","9.468580759025462","7.741012109347132","6.868798810274282","9.577932673438127","11.930597056467636","10.185962537349207","11.988259914166504","16.161843469734414","15.514795715338852","11.092891405848938","6.4846767388823245","4.48607281013792","7.113010361402344","14.341864250633478","13.719706502498509","8.15542862002313","7.6523127734466945","8.606224851023786","8.421601452426682","10.788069169017772","9.61705360227396","5.9387753523811675","7.126740804801042","11.227205863296435","12.183332861722699","10.408477866989656","12.273887212957746","15.717746434457672","14.631593877841816","10.441819603874078","10.13326558317804","8.334817493433325","6.0102927521438065","8.623491985744208","10.922506893999355","14.380882556567087","15.183546046006533","11.549886909058568","8.92385709488914","4.456905467590412","5.738180150204463","11.546583383021616","10.62270152828988","10.39645164156176","11.002546605243934","10.563324517374895","10.920897006807046","8.205735860908515","7.807050527607121","11.136704257593877","10.628611202002638","9.961752400738742","12.302696627922092","11.933713334962327","12.651063852731118","14.004169948508848","13.846299412050195","13.480647746939827","12.994051792816851","15.314302186408726","15.42503597034418","11.540940495666337","13.20519418692268","13.187625256179265","10.503925599648204","10.419795541064422","7.9681910373767835","12.242472694614102","15.953873045810676","10.390256516355619","10.4719709728243","13.613163804620969","12.372709109447484","8.803289422665454","6.981931569642006","9.500535673480147","11.23437552341979","7.431563784111262","7.769742417174972","9.389975507698432","10.686499412929361","16.28462435315736","15.312174736826359","9.397621927561445","10.5453398060407","10.781175352378485","5.68852808456445","5.443140228834402","8.312907118184821","10.852510503254976","11.436773384802068","9.04854781320106","5.5895927347803305","7.773253135501867","11.978618431524456","11.085762539061964","9.179521638198286","9.447973241527352","12.37563750775798","12.13676143282295","14.874206023256656","14.470331725027098","11.635758303376868","14.351195976247942"
"-0.32602541246895206","-1.379664017094665","-4.028567713012512","-4.115810430929256","-2.9249942000823217","-0.6794029070141289","0.8503779849995508","1.3080234294980793","-0.48943162553234987","-0.958561469514845","1.1228749321697071","1.4324765797618952","-2.0862717668742987","-2.373176921849786","2.8651325387380258","3.5727016146573147","1.7655320847633513","-1.3303335522568538","-5.080409660389401","-4.698774922098847","-2.107396219594855","-0.09244032803542643","-2.041754715580448","-4.3951013536910395","-2.068512035360473","-1.0943463922768581","-1.5920338745394396","-2.1508822861066528","-2.0069817263754257","-2.2663427710104345","-3.2995482328814245","-3.130187662464439","-2.5122520173390264","-2.8264603724782105","-1.946816026276253","-1.096125493190489","-2.428691778883661","-0.48406968300640374","1.1664396381161346","-0.20443245560926254","-1.5244909758935712","-1.8223775101455348","-1.5200301158683738","-1.304879780645619","1.1752869784504747","-0.751619745693701","-4.675738593551149","-2.817648830414112","-1.7363185189630301","-4.078379677301867","-3.7031610009674534","-1.8560365812078083","0.3669867837949557","2.085622257073935","-2.0093974357748645","-4.008485395768728","-2.1259634395529665","-0.9333901074293357","-0.1940396642634299","1.1389226174873408","0.4671059326469961","-2.522849790070713","-1.0234629167853344","-0.2595310086174164","-0.553652392926477","-3.2291574087255324","-3.2865590064266352","0.8930162591431108","-1.0271547914212598","-1.8198425551576727","1.092067321119181","1.5792879967455615","-0.3574358044040709","-0.007773932785039961","-1.2572105954299124","-1.6381696172919356","-2.3480533206741425","-3.6266466178986967","-2.093708853613785","-0.5487833625171519","-1.3639838947936453","-0.8723079151522185","-0.8834992780558735","-1.4425157657748","0.5198390653652624","-0.6664778302503791","-0.29906364349871206","-1.6004789744173056","-2.682481070349709","-0.3116834662222774","-0.04181307579246303","-0.8145247574788899","-0.6697727990899258","1.6613569805497446","3.285674846837355","0.0016098028196676983","-3.946058615933003","0.21726349564346564","2.5180079897002323","0.6306685818431563","0.8887864436735853","-0.764214389347783","-0.6603297391996215","-2.323917702815744","-4.0487121257570164","-1.8059481542364","-2.0215787105054805","-2.0007352061140624","0.09666192032705317","1.2109340595333713"
"-1.9229376070953632","-1.395626643904244","-2.039062157241676","-0.6201033733569488","0.5706466851713525","-0.5424079270450961","-0.5653859104537595","0.5548615255436908","-0.28942545149282417","0.33400971971103294","1.63016998474415","2.584056996401507","-2.1308192974148823","-5.568993578777804","-0.340815482127698","2.2878344740004994","2.199642607712525","-0.1654131072328326","-2.690608791812061","-1.0571147377727417","0.14712147667213502","-1.56330699690442","-1.9161435755031144","-0.5861280237133404","0.7921301324603627","1.6395597256453234","-0.6403810723664093","-2.6243553610571917","-1.6425245142899747","-0.5204635982969017","0.4877172404278496","0.30266535520575116","0.6415901575867351","1.413941011170325","-0.32586905630725566","-1.6484278446933325","1.8404614492084226","3.113718600506256","1.326983591785707","1.154237881284026","2.266963236806237","0.6027314398160182","-1.2763994701638175","-1.9155353901988987","-0.6070525917185734","-1.4304944718782595","-3.9669275447476373","-1.1372679921658813","0.13431567345960663","-2.8618770487456056","-2.1500893941760846","0.5609341259718046","0.8797317625979432","0.6295074479031618","-2.4721788403179787","-2.3837861578079513","-0.9390717036968705","-0.8529735759533349","-0.5529584056197777","-0.4392129461549774","-0.1909350401303431","-1.2704467814107374","-1.1085575417116027","1.0583222000045274","2.0595963698477737","-0.40699801226727045","-0.7560457974300809","-0.6008783798886295","-1.144445364622108","0.21480957045013097","-0.14311733579932978","-0.326360389836575","-0.23150836500983335","0.1418663222429417","-0.2992295659295582","-1.1237613479889754","-0.5153444402683666","-0.5529072981543939","0.6364379625221475","2.4764799374995885","-0.3705393133588685","-2.810981275024871","0.5825103582636044","1.324353410877894","0.8740563974045186","0.35058806824124866","0.07054017210644538","-0.32543048792492046","-1.5707765480108689","0.29102333965554056","1.0349976282444389","-1.459003240706833","-2.613110154903389","-0.4846071981730347","0.015639735604044726","-2.777368605706693","-4.910605345022603","-0.8115224099073202","2.0293559883925765","0.501324719962385","-1.7036210744331794","-4.0861301805643775","-2.9500389110624776","-2.725494247312338","-3.107887713834218","-1.3263068827496804","-1.0104230640822953","1.702217497491608","3.6125820585560784","2.3027118769223702"
"-2.2270693114118476","-4.761343532654555","-4.919647865808937","-2.5812685792569954","-1.6743041493493758","-1.2260328856346785","-3.3790376983182053","-4.035230176731135","-3.213141046996031","-4.6333804352977355","-4.351671636749362","-1.5763692193251313","-5.174492228832936","-4.912959962669951","-0.6090602746395632","-0.7450252118241347","-0.5893727558239032","-3.4331734158994167","-6.9226801805880305","-6.054505143908646","-3.866535586674827","-2.6777076410421228","-2.7251531260830486","-4.570570360957738","-3.1005780696594134","-2.421951541325179","-4.923892403866297","-4.413656459437479","-3.097824035273602","-2.815513921500543","-4.212744824154762","-4.217411052657524","-2.442065159225061","-1.9702293262739128","-2.5028010878439084","-3.002134228166256","-3.7778535419674197","-4.966750793874938","-4.563507030978319","-3.9527049142121875","-2.757121897990242","-1.9213263964486378","-1.4463626587466145","-2.284523392499381","-2.477552025161029","-3.4204803118146323","-6.145512302530007","-4.8730700366465864","-2.6057765253043135","-3.62607520295002","-2.797849873298166","-1.8815522762995098","-1.8615844896947789","-0.7523276713287409","-4.434072182363893","-5.419439486539686","-3.9531378609384205","-4.979091771480413","-4.964191574828909","-2.747701956916683","-1.5481274659479909","-2.210530844564852","-0.4824583530962914","-0.32596182806601576","-2.1085323065190424","-2.7539982576340116","-4.865042623443981","-5.754945940255579","-3.83030704840933","-1.2780361898883235","-1.1468289335141333","-3.278520769042369","-1.7484776776507949","0.1914997186115926","-3.5504857457481966","-4.186171640092688","-2.107019519604761","-1.584132476241213","-0.25270929970953143","-2.574175707377297","-5.760118028142269","-4.438942557484547","-1.861472282133979","-1.6662211787924628","-3.098880054083026","-3.4117034294028756","-3.6082088439106617","-3.340417074182739","-2.067112369228282","-0.6601875969047629","0.247566778245721","-1.1062526797355334","-1.9764096021501711","-0.49629825445573383","0.9643145922586794","-1.526872397478817","-3.5250601582199463","-0.3832057732140515","1.484122510832969","0.04469725303758382","-0.661130217270051","-0.7949621236014585","-1.7064484869778613","-5.103871516511926","-6.73132259097313","-3.486180454386579","-1.6775612144151943","-3.0415407997615502","-2.83724929481878","-1.6136062188175664"
"0.04813234865375735","-1.9441778788194306","-0.8735413077710317","-1.2929760354927273","0.6768052036366652","0.8250230276314325","-2.819837018867442","-1.4218980803018824","-0.02842843800755178","0.43619142277758977","0.05165482600105628","-0.4035487436074348","-0.45786966625145675","-1.6491595897552045","-0.8090507561611093","-0.15526098773879082","1.06132739950463","1.1265034648780827","-1.4979109522677039","-2.8433046667664343","-3.288260349039105","-0.3165175813784748","-1.2286254760846194","-3.960778169572867","-1.8950552819733324","-1.7439987979819431","-1.956579359820963","-1.9996562940585851","-1.8975574281093472","-0.6090659207181582","-1.1033560368392634","-1.0102427720650158","0.2882320294569148","-1.0545292508092863","-1.2224191962680753","-1.354069764792204","-2.37431368275124","-1.5531588308182867","-0.5872916977122759","-1.3795066007508792","-1.8806744015867622","-0.9448616072406488","-1.362700167091879","-0.5900831452372426","1.6213861384889197","0.3232840445250911","-1.3589740929853102","-0.8948917198984313","0.39563251336007055","0.8963034333065313","1.3846092473719995","-1.4210247224379113","-3.973611697192331","0.5383982715625248","1.45385246093052","-1.9929953672506209","-1.0723010813321303","-0.39479206596947364","-1.3802953812159624","-1.0835528331526767","-2.046725956116411","-1.3690670973414982","-1.6275351723931255","-3.4431789070882037","-1.0417695623110423","1.0504072902741497","-1.5505128445852079","-2.587363624682688","-2.4598312746942774","-2.32401679477959","0.9459376643016479","0.14870042172112563","-0.30175969375348044","-0.8174762250336416","-3.533677247987977","-1.6241324794080128","-0.2903106143596477","-1.2409168009076834","-0.9008981799782508","0.7404828640658278","-1.191058608814959","-2.9541845018585566","-1.2748617474769623","-0.1629265939947722","-0.49742408975671404","-0.05263341790872432","0.820901977684723","0.17984461865170956","0.11198159342304052","1.6198167324394392","2.328269113492948","0.37121421158623347","-0.07955314330925227","1.2686421506436907","1.4520068056595261","-0.4858544832598168","-1.2304861233738489","0.527859981545002","0.1812187241011096","-0.12554154800596012","1.5437952234976167","3.599548068623626","1.6754521642357472","-1.3909806279230315","-2.7090518609930734","-2.0909896232344427","-2.3658991874291484","-1.8616978689893715","0.5125245109986671","0.3976275357557448"
"-0.4327912257379992","-1.0593463784595685","-0.4820075461440259","-1.6996678185353904","-0.08201053261119862","0.45938919707333625","-3.091770179255416","-2.3314801434971266","-1.3721423497553409","-0.34718595483974096","1.125836946263818","1.5686872628527453","-0.7067422285636537","-3.3386407373713416","-1.2488585113267687","-1.306977389632186","-0.22606330628993326","0.08103639929209554","0.9993776014780356","0.3650654634678004","-2.6643468473852345","0.8260640497880462","1.471890298312978","-0.34315456162195224","-0.1312439474611925","0.11870165025878597","2.2297893936355835","-1.404645104885781","-5.786320026281133","-3.6113990289674702","0.17531702087950157","1.1099438153828938","-0.945810786883403","-1.470968462521519","-0.2639470287261785","-2.0496168023303305","-2.620329056955981","0.833284669934719","0.697093172106035","-0.8722959586063834","-1.2775291074856292","-1.3483067971933993","-1.5636591938047113","-2.0415292552746838","0.2878188799154481","1.838792575793314","1.0559990347030526","-1.7116221369307443","-1.7154018036914775","0.18727406559884804","-0.5751765379420578","-1.994667251811271","-2.5181853005193866","-0.5280936928534822","2.6003138244995325","1.086050228977497","0.8496636780825304","2.07623749165356","1.0948865189124113","-1.4654548427623235","-3.7694567369547762","-1.8589617475796214","-1.7766067951075497","-2.0855599894216756","-2.580376481292867","-3.368917100829592","-1.2350026326453447","-0.06214685507742769","0.2631728834108166","1.2437265715335206","1.2318892138184117","-1.1718890039267365","-1.5658444578425497","-1.9783865929399354","-2.1408692914449547","1.0224324172394244","0.04640228788061906","-2.5271155707246398","-2.292359861861462","-0.825202103107949","-0.22265494463483587","-1.006571923433618","-1.6398703979210643","-0.5601755884279425","-1.0315724892647282","-0.5908298424127442","-2.26164082159875","-3.52834568971969","-0.600191562878785","-0.055006352245818776","-0.7966677836828491","-0.23558878491512097","1.8164360227632441","1.4459251625922551","-0.3986606831591928","-2.0268515120261363","-1.886713415661713","0.03755112448022283","-0.012907305827792839","-0.4442267343305537","-0.15207793924034385","1.7310429193087469","1.0011918239147082","0.11731174053448122","-0.3247295030432303","-2.0577891408546383","-3.3434589291743855","-2.501357804376572","-0.07214255199236876","0.28767485661723124"
"0.7366999740064571","1.6855233892821309","3.5661186203103115","2.652262545809518","2.4972244715258416","2.4063139386182812","1.5336649535602462","1.3392290649908645","1.9004400869364895","0.39288869874704946","0.4717912297010223","2.0802217111355876","3.024207943341528","4.255123714785121","2.7823584437641324","1.1357890354178273","-0.10349245565343342","1.0096420533842916","1.5727465575474313","-0.05299909043115438","0.17554781805213268","1.8693527263611953","2.682877894298843","1.7885293245335805","0.7667273565524922","0.8585907926706463","2.3119067779911835","0.5354406457989641","-1.2380175613033555","0.3988788084570983","1.109734110929591","1.2083421964891188","2.032087681186858","1.5479573250521272","0.9035462420506183","0.7054303202166379","-0.5825092330730951","1.705736954753718","3.118980079780095","2.2078444802250257","1.5204551764077465","1.3695349201391434","0.3348607343392482","0.157202227226863","0.6799555183017455","0.7948460799232067","1.4015089877856326","0.07156723983955784","0.9888292916455097","5.003420621775129","5.095437676315","0.7881086007902479","-0.11562758416922325","1.9052198402878122","2.2874079895635764","1.1710965594760427","1.8224193472501318","2.929959678301935","1.6236925851356911","0.4356108790941527","1.0849001209254074","2.5741237863775916","2.10857122967637","1.235133865564632","1.4930222721272104","3.0808403872408974","3.5012190270056247","0.7608602732674044","-0.012652463480507454","1.329808306522103","2.0245043954334614","1.2267365184461847","1.3446811188560985","0.8347759303607836","1.213262725974243","3.2379626388182454","2.3330236512273683","1.639255639925483","1.7454452594139556","0.29279142297774585","0.5904402107314233","2.141709687735738","0.618349726429928","1.4323399538722064","1.723189789837626","0.37307114631855465","0.2633729034671589","1.2428480233494845","3.02052991697189","2.4556406036990897","0.7753891475868001","0.9516504793231743","2.7499735467700996","1.8485884477975845","0.777561649662064","1.153541620801124","0.995058337714733","0.3757552549461808","0.40403154239815675","1.6218655628399736","2.1340206135429547","2.5593097995373686","2.084323105268828","1.622707584228338","1.4873224801907463","1.5163379951198053","2.2752337111413694","2.64294383646869","1.9641889246647524","0.8877484828674406"
"0.40591781643658353","0.9066756764744284","0.1841960133021385","-0.9248666185219915","0.07113460843646086","0.37135370242196275","0.6941103743330094","1.0624461309296778","1.7144379739698723","1.9194171003040228","0.6706121355268625","0.7629948744875905","2.225623023276355","1.846839572900122","0.7312164680588886","0.9421837516132088","1.540357394273534","0.9071955324354118","0.028756806775271312","-2.3064298542889273E-4","0.8432781790259312","0.6053308524013571","-1.7182974463109084","-1.3553258328620077","0.5059274984617194","0.9868744340138923","1.0997199649573242","0.5580080321936126","-0.1565826370428672","0.5503263502263338","2.5624530338402165","1.8395019027028507","0.05522408122469862","-0.22709295069071808","0.48592144120572234","-0.07384061971139602","0.5238798945690524","2.0895961441036808","0.8868693812726507","1.0315725411529804","2.016845135162299","1.2226228462233026","-0.03474042423155871","-0.19103377190337065","0.033293988528578164","-1.2499539364634515","-1.6984206674155058","1.0933501748455416","1.7009872002896496","1.0051140786951467","1.2867898164838056","0.11636647016428998","0.09119236717612207","0.02562994598283998","-1.7972795410384252","-1.8163313432847858","-1.830896407435357","-0.9127306824294764","1.1238683687805453","0.9380631964057321","0.9288247324119423","1.9662825967651272","1.9728423810100104","0.8956247985470785","1.1148396494476445","1.0995718501350298","1.3458854101689417","1.6416606205292337","-0.08153856617395665","-1.4218687167667088","-0.8317325283995917","0.6971953674714209","-0.16241329238887406","-1.9008031910220038","-0.29978771375783325","1.8718557290428908","0.9403546111249514","0.37566024652936764","0.7961863450745905","1.1300210584596517","2.5879968208414112","1.6512205360171381","0.9666374844376727","1.9508274616905128","1.539666088262679","0.21988670514222952","0.05670135898591659","-0.884147740553832","-0.7893116358713496","0.9368612537687393","1.4487743265005348","1.7852249993895026","1.2703202153992579","0.8650900529747214","1.0969835302194664","0.44543216644172245","-1.0378902843357707","-0.850322258378834","0.1174628274549304","0.8614454360083704","1.9013555986282555","1.4106989440758397","0.00852332453795463","-0.9272904604229909","-0.5778668911961607","0.16758286995508775","-1.3725770598175489","-0.9685170400810111","0.6024911324612784","0.4410559468121205"
"-0.002040916879972965","0.2532208489135582","-0.4071827885425509","-1.557974073197704","-1.2356013135741266","-0.23891357331189159","0.37052223954383484","-0.10450709182461577","0.2737836710065282","0.32905562818199174","-1.2006535785620225","-1.1360852294375516","0.19453770432603634","0.31635679438325875","0.5206778443622686","0.10590664427523272","0.40749511413155715","0.2528010672717964","-0.06287151544359575","1.118559347602661","0.5211147951592318","-1.1780790018007763","-2.566246582159752","-1.7671282891940592","-0.7675881988473384","-0.2247016984867796","0.16585429635782986","-0.11313939084789308","-0.4593677803554715","0.10955514570986644","0.9838721444298284","0.6875986928246672","-0.39078773678688355","-0.32365900225824373","1.1637959437828118","1.409247501358893","0.9568784402731467","0.5622282810645444","-0.2702249392260898","-0.31022868500104844","0.06439442537160554","-0.3373625620391414","-1.0490361724689223","-0.6847364480470292","0.8349031740998476","-0.2892387480666436","-0.3871049285682642","0.7005177996220863","-0.12377365111199995","-0.6852916840114033","-1.401873029896811","0.07677192282651812","0.9962482044419063","-0.710647865710799","-0.8221795640056202","-1.05122332047376","-2.0049355883613553","0.7362932116508635","2.1201542780697027","-0.38163038524306164","-0.07298283148020723","0.8078330109070224","0.6099523799652712","0.06557357130122897","-0.24515926391401074","-0.24720591717494741","0.49121813228963085","1.3120880247217417","-0.4626666901772039","-1.2974159400268335","-0.3381903430558612","0.307402148373898","-0.06030524983972002","-1.1615888461118633","-0.3442146466243319","1.090648647606058","0.7374292881648663","-0.30698444645877837","-0.23644070015944874","0.1569846308666921","0.9290153205440366","0.3961509135037373","-1.2432005651159121","-0.7391347372127938","0.050087224483245985","-0.46792013614834405","-1.3569062606832305","-1.0785498934040856","-1.0922545906963044","-1.4156189328708757","-0.4439901179647795","0.8551062324598168","1.1728942607551878","0.7558982995890172","0.7055584285598172","0.5363546119393097","0.12947940820410267","0.035871133394931615","-0.13654535114995967","-0.031364249647219386","-0.10075440345851508","0.006805608379398387","0.10146954438316647","-0.1362199632911697","0.10189845795157694","0.09240843624694149","0.08715537975852251","-0.18848247950156766","-0.4302580288047252","-0.14310701179161295"
"1.2811185197716854","1.8602167591325358","1.3319426891447426","1.2346877828104403","0.5747800516483438","0.5971748460182794","1.1454300391531986","1.3686840845876467","1.5949097963566043","2.042740418083025","2.6534264649298342","1.386368069877808","1.8414252966074351","3.0824874894426686","2.882341080533263","1.7253836910532385","0.5680278377770438","0.1960342426684069","0.005759095049186278","1.1209622488603876","1.3822097177800634","0.1389969341197093","0.44371495943918204","1.1861168744132145","0.6327298519446327","1.351843854945293","1.3856493564843868","2.5545891762334683","3.6288713861966695","2.3293914935724764","1.6612450385413635","1.3302103997272463","1.4723686684200226","1.5116670966735517","1.9722941492936794","1.7885806997350562","2.012603960891645","2.289258264540813","1.7066021604950783","1.3566951763089747","1.166231052723508","2.189080245242055","3.89173324628003","3.6861400305662455","2.0341883617480705","-0.4624709734419025","-1.0543717872640421","1.0717204474583055","2.2228479958560636","1.9262577939618495","1.2259274775711326","2.1287712709546476","2.3788808084791806","1.56932137553553","0.6568737230517044","0.1350594572659498","0.2990397030793868","1.4041522946695295","1.8495026950286007","1.21479066891091","2.4785128628550144","2.5743133236181794","0.5267036012870911","-0.448974329658958","1.4619811859361231","2.7024942703965427","2.388291333224684","2.3756309180629525","1.3971652078022567","0.865649963163769","1.0137248819383027","1.8322121945298333","1.9826835460412888","1.2356792345772707","1.9834024492237403","1.664472271167368","1.359745450260099","2.094226534168418","2.4022732975757197","2.274388474709329","1.6326120116747997","1.1019646557609364","1.0332386868968553","0.8436569662647796","1.6780095961444443","2.504677524174861","2.752319062599307","3.0046442619404616","1.8592262100172166","1.1821747567156249","0.8854006109504412","0.5235381837171963","0.7499054340681676","0.5673015904111142","0.8661509958422106","0.7361155998867147","0.7889243902690966","0.8303882078416008","-0.10069314992121446","0.685970467820785","1.9877493680766793","0.7758949116864143","0.2439234778738278","1.6286973801804965","1.4598916700841347","0.7119866704001329","2.2400549492247","3.46784432699204","2.721440397373598","2.5500326793711223"
"71.31879975818778","77.00561535432674","59.98856591081704","60.35713358224203","68.81280415926639","72.27343896976095","59.041667860251685","62.95862234870129","73.14285074864847","61.94344257137348","55.7870155526359","74.35555783414188","73.53373525806228","55.39516566778292","72.13703428211471","65.17094229967049","57.676035311316625","85.01696392568164","60.60343816414912","47.006282449489525","64.90843505339632","78.41844147341536","71.0583686159915","47.54772082196165","62.68005112890217","67.30601512308097","76.44889342632179","77.52034793408333","59.05413070348062","48.562876071559415","66.92946979084081","72.41556671857869","61.38111727164223","61.16884143657596","69.10388017578754","78.06210734313147","57.4197507828909","58.68124874736765","67.52142506850039","66.30062991544963","66.32470685877418","68.11815873846186","66.55015408797038","68.56734060410064","68.3820220058383","87.31470366838931","57.56033651798439","54.845598090999346","60.13986876525427","65.58756952114152","65.76313327497321","65.9437631401099","77.1981212525906","73.0033413405986","71.1692658722877","56.108003857227516","74.34020474014571","78.16619226824164","66.71458748062157","68.23984643881478","61.57581157499611","49.03532178166022","61.14968469150796","66.93791226435894","52.62955564512673","51.536866189816536","56.512239182667784","60.78610160014386","61.876278050061686","70.20278266409089","75.90462805096716","68.38679351936811","75.0104290928041","79.11874638468868","73.88882366623555","78.07539092209103","77.56766193242184","59.84357176881182","62.50029928121947","60.2639842282872","72.55780597107473","79.23200865664644","64.22943827596825","68.63800772557816","71.579363308298","70.65894448495666","62.96417637226397","44.43229957856428","60.68828945875206","76.09696479777638","70.50194765898831","70.63052704510727","82.8568140462052","77.40975565946759","54.13015749130375","76.73399112932343","62.61946289605381","77.16981328393888","46.152419357167595","56.94942128643911","62.40721855959715","74.459989770474","83.7381797932316","78.55170223138028","51.50159057496787","65.55309065089305","67.86498843373586","55.17716754753019","46.5253441007931","36.481689107863076"
"33.17226182215747","31.04109828596358","24.547549235468278","27.15724235539036","26.435720197545187","21.660549420652274","24.37620919763043","28.00364120616156","25.563975697547857","27.728021534959478","29.02486762559916","28.90496876280538","26.554062203545644","21.443411286520757","28.6643015383112","32.41775792104119","32.198227483254904","31.569687042751127","17.926961113449142","23.108484643203827","29.219182890008845","26.735470931194172","21.90987703875872","30.760105662903833","34.74410646832102","30.687370796235133","29.411284620997375","30.101882030128074","27.553800728133783","32.260273111363226","32.146159289969155","29.665332050769827","27.73192703935869","27.56075574713878","28.634708187257417","26.174519781299498","29.437961886980567","31.482960907901955","28.460726343058212","29.96573422808878","33.253653127828095","31.312840074449912","29.525365387329863","31.08232322266905","24.908519280136044","26.353639962000916","21.581924346220383","26.729011101375512","27.70499315057965","22.218211461993906","24.99436932763241","29.97601069563451","35.970423824453206","31.907716914679604","24.6922554551179","21.475778220873668","25.505576829443534","27.873137050514785","28.846143972403183","30.69006542453441","31.884212738968348","31.116387046056996","34.6338501577417","32.841880271532645","25.224777855800447","23.6063865396981","27.870478382779726","29.830834159731275","30.05402625288968","31.800432633688228","26.187990846384672","23.133447821972073","26.66892878573899","24.96083732057072","29.69742309639449","30.119290109259907","27.395584702223868","28.37978769957246","30.454504731190752","32.235846111169444","30.860334345335758","27.870127647921787","31.27449811872748","32.690852566665995","30.51951577887063","29.937441315580852","29.32808643788794","25.151848534117583","21.942145740837674","28.09827871984024","23.413603807674647","24.63478214884769","29.05658345111371","30.126201799499267","23.89372018612599","27.10207887360777","25.26785188339708","31.334610207862607","24.953925531330064","31.334440742568155","29.906177202397597","26.91374948808148","27.569833196747574","29.427092797781988","23.975641407925007","24.385300952092198","27.45197733417782","26.417024499985313","28.984916148079662","30.048764588238637"
"10.17939618589123","12.114506581361738","14.285851509574975","14.20706113326596","13.606325969697192","12.043415200537135","13.335980389895619","13.840102703616434","10.857929200504861","12.88642356827034","14.310612638515908","12.364218726740553","10.128959069838455","8.968437015921142","9.03558010292556","11.347568922913414","12.587004557355689","10.460070073389325","11.539279865432704","13.315376533991056","13.631843975139764","9.807642332179546","13.417682658564829","15.156857949982529","13.774770148665738","13.038470207144455","11.858078605953674","12.915098348395171","12.49629001744924","12.814911709881732","14.507522267073858","13.364390868529945","15.022976676973208","13.342626655994227","10.913210325543842","10.753911269180971","11.813062010995042","12.129255432867753","13.250700395364227","12.714518894599506","9.966631624607853","9.640817922429875","11.756098474670644","12.947389894353293","12.19337942415139","11.39293521580072","14.466229732959608","13.006173771022807","11.178059633492085","11.348538995323516","13.292987066819666","13.62922430795947","10.684540854276618","13.598010341413413","13.618263964856485","13.466783751384783","13.074361209704563","11.585563661715161","11.4072706624239","10.848800764768898","11.69532652683283","11.972226384468966","12.236726249564839","11.97287450029565","12.124059113297381","12.859925993761973","11.590015891872007","13.251070559733076","14.394695047197418","12.56980404559285","10.752696064794803","9.093944910145238","10.034770115749216","12.23599845557298","11.145310450767278","11.021542320168694","12.588455992611815","13.074076558831274","11.15359861717208","11.856965422204983","12.235312853990688","9.52343297017632","11.893347836244844","12.891516973535872","12.78188434515377","14.630105371325966","14.546492875397094","11.748965172329026","12.141564719340108","13.357125653701402","12.26047563431793","9.827099500006623","8.853479369856597","9.71830956708832","9.481130237653655","10.127955277647702","12.67302769503468","11.62202550966385","9.749419586033273","11.914837423213092","10.906578929375424","11.731317740464636","12.166575473512589","12.569762143045443","12.557862905253943","11.386766916902062","12.500863429211645","10.926875146637336","10.471490416821842","9.680728712409122"
"7.734531425638661","10.99075922177261","12.68191557558261","12.49873808299296","10.600816511462636","7.885252657250408","8.851495046292616","9.742774152385747","8.011295958597838","7.774399955980435","8.137254501504446","7.783678077174505","7.641765108894855","8.912629064423975","9.742968102881271","9.03971312945739","6.967331492583084","6.960453077758951","9.099004486670815","10.440835763851046","10.153244538164843","6.992907564377287","9.17693758701351","9.664093700817624","8.76850888707328","8.957160222651318","7.413782748903034","6.36581948243566","8.898820045951322","11.161156109959636","10.230879935902863","9.865949322908659","11.025384235047445","11.210934247393604","10.685072304409507","8.20354246696482","8.324293799590635","8.049202918677722","6.163403836314654","7.8616042767575065","9.2363689052984","10.91863179861567","10.457957828087585","11.023688985472106","9.652379065293719","6.563772877911745","9.258819891972731","9.663560497616086","9.439594476501593","10.939426454210343","11.377710299663137","10.54578434039022","8.926345674276332","7.171281955640397","7.529655894328814","9.117016409282504","8.983908997413362","7.469153334946004","8.903175928847784","11.503902442150851","11.00278064428744","9.468220006118138","9.032625617195766","8.405239799941409","8.153664314835972","10.243658504121429","10.112816187752035","7.240723514869936","8.953823439153943","10.68730509234884","8.988483655872555","8.390893574203911","8.9011302190672","10.920210119260714","9.19946737025149","7.134649906599187","8.402130415058178","10.25233364233739","10.18226495147051","8.610072777490112","6.4283169689821","6.947251835680648","8.763916528717829","10.495101039729613","10.565681312705477","9.179671391356338","10.239413184380913","10.56771107245339","11.244041696015774","10.393468678193983","9.564907620394429","10.287629685033323","7.84184450383472","7.328690846688648","8.45861742315946","9.345824261366744","10.064001854804788","8.151782423106942","6.660604413794942","9.293160714199585","8.93054048330856","7.120091104842473","5.592194456179794","6.683228307973716","8.91724420852721","9.250597525452335","11.27872015009369","12.10342375058328","10.2382789583058","9.327540766133378"
"5.975687856822585","8.007693925767704","8.386404689920168","7.801340330398118","7.791562792647511","7.3046952099221665","5.707519531000906","6.24150297069768","7.600613562541433","7.490607005612021","7.390037405287665","7.92202195056914","8.703455864745466","8.251923970155026","6.630345036092978","6.2536125341125794","5.681723133824768","6.087424310407138","5.966319384677063","6.994097596765201","7.010596290179652","7.078025485727577","7.654794985125731","5.917466361832754","7.353169686864457","7.520092393411829","6.234536955309797","6.532653492178166","6.734835778509107","5.709132391778244","5.641646495237798","6.6268068279618495","7.254331144894256","7.271067835198298","6.793422087798192","6.006958243205891","6.175664140204384","7.036301326064488","8.098320547434934","8.138357298712076","7.801319495568097","7.708946073840552","7.35412186780233","7.244460480710152","6.274360726335857","7.380823216300456","7.041238989594555","6.808990681390132","6.934688557219525","8.599425015047403","8.823573101102602","7.539889580052489","6.494171404667334","6.587339368285735","7.636430432582685","6.145962236344336","7.139547939654773","7.3007674323926315","7.1199573020676965","6.5783181015630205","6.024374220624419","7.3546068615235765","7.828791414207921","6.384426759972982","6.793701437890058","8.451452786145166","7.937724045451292","5.5686101912374","5.24565856913025","6.357023023618355","7.864347171158556","7.083234605743885","6.402423097245867","7.384659581519243","8.13015678457573","8.64386169113926","8.306401322333945","8.426651213553939","8.803250738189226","7.599305871389436","6.594043019777952","5.4390798090860075","5.849622943490213","7.6977790733282605","7.882584983400495","6.709093590192678","6.774427397933191","7.500401792735191","6.949822922697304","7.083084320882501","6.980999162971514","6.410042693777641","5.981332840814422","5.247036797754295","4.331560506794285","7.685988738866232","8.547574680221112","8.046243443162723","4.942270015813317","6.4649026562176095","7.98684013477072","7.704978836763767","6.401402545213381","6.1088645666347725","6.518417279732137","7.201524448021153","8.119043078453169","8.397027187369286","7.11972195982206","6.201866938387466"
"4.909181940301006","6.662647350240608","6.947366187538983","7.202986544035344","6.87844244257885","5.609658377731741","4.620589298530874","5.19242141644115","6.6706766734684155","7.233211369594551","6.210422969823665","5.677045224158695","8.546360371134218","6.484361439774466","5.904125733588652","4.936459137904592","4.958597883563663","5.788966464764959","6.55758096753966","7.497909354377358","5.834651460127368","5.81548113022377","6.744490772468953","7.00621156940682","6.8524324942851385","6.670986363708437","7.488218110718648","5.688195741403213","4.99345353580376","6.636591979484298","6.873106097976961","6.574256997973834","7.191835310028742","6.752829315381616","6.539094558062464","6.052995821674189","6.63332928661585","7.24791903045613","6.868339815276801","6.110859035251621","5.686151290428047","5.897054502224691","5.153453281035643","4.985670413021104","5.420224621861837","6.141231417258564","7.565791275483728","7.572660387544219","5.563443882624146","6.349154964392509","6.763842573375615","5.279806460346216","3.6817578891585105","4.979434266495804","7.716997073894382","7.591522893877743","6.785658348327009","7.7999425011738905","7.089122944258504","5.78542978405591","6.776172808716097","7.62419634287931","6.325115458011137","5.5962641151301264","7.064609129987889","8.401076303962364","6.925339908885907","5.3428828430711865","6.917484661346791","7.368641492019685","6.053844261448618","5.558967341708543","5.586865286321759","5.586060580711797","6.445538909581841","6.552596590718311","7.303825996117379","7.025560806623965","5.607730122477478","5.516091967834301","6.137524360073664","5.707636668079306","7.34062785889743","7.48694218280723","6.209941539004636","5.376607381692707","5.316241075408309","5.924263225858564","5.69624999531288","5.049895528027972","5.294180304134673","6.451699970981874","6.885902934312418","5.512965441475651","4.238096668266343","7.1390791141308805","9.087434120655338","8.473529359330366","3.439521664865294","5.931387645357309","7.809067479373048","6.528085827622875","5.490437824419684","6.936023369768917","7.171784399165761","5.870594885809286","6.190603306366081","7.3364154377732245","7.297987383508101","7.617247468544183"
"4.675149938162979","6.414942180452422","7.471949799102042","7.322292929556077","7.507552421656648","6.811220240559757","5.702657195913058","5.703603125288201","6.318586900996248","6.517231254006162","6.360722388221553","5.63778406644591","5.947024157445802","7.393074182218062","6.78980156892123","5.388955995738779","4.803877240455565","7.536031023903972","7.056087924531661","5.674391852671794","5.170389302741266","6.1463827397163335","7.2800225434684345","6.548217125882656","6.122324452276138","6.176871105906626","6.253275194202038","6.069335319281053","5.657533227382091","5.8651663401507355","6.93596276938869","7.620141410729189","7.149637333234969","5.824683591352108","5.48049565559586","5.771200626170463","6.057418419698633","6.2504521210393955","6.442782931757381","6.661822123067859","5.887283293492895","6.289774227876568","6.856143498263576","5.6016459875513815","5.577230211763473","6.354260228496957","6.707347143387974","6.912299255676831","6.837814834107512","7.0365853966889285","6.2418431525421925","5.424985152089337","4.724521250463537","5.679020850376586","7.187861840139925","6.352183759984664","6.358209847879567","6.710661494639203","6.414082869963233","6.0431940889939835","6.639386603162561","6.866401000249516","5.350680693266414","5.376902316154156","6.451316804976333","6.055162853587109","6.017833124642419","6.253019368276128","6.506433246566106","7.0500374401222645","6.431327233696028","6.093098150216514","6.7311745201274755","4.880595347592697","6.436234633011916","7.281150830934329","7.213772870171531","6.791812308598528","5.6771598337329365","6.468263984609119","6.100663048235631","6.752666834198786","6.71330926091531","6.903825280844959","6.575484859652803","5.681211659310652","5.787698749095117","5.936255348979106","6.60528226519788","6.429221817246295","4.88185779755497","5.4379043721814355","6.483668695060185","5.340874786519455","3.317908960925207","5.904668012908403","6.298523266174831","5.433020454034585","3.161212925006215","4.333352748736013","5.246170989311388","5.370161304282562","5.193655039819314","6.458752067428195","7.075245052321023","7.031109864357225","6.062394097708684","6.490015979584911","6.212989015188212","5.555844485217706"
"4.770961538722785","4.934601228647839","6.0318851817472305","6.403982409601655","6.570491666779567","6.84050888509476","6.281509792558808","5.939850194995675","6.064380750851153","6.456337779772562","6.311245469974438","5.794878018347278","5.04674287353898","4.948900415786905","4.640738909307094","4.751605135249509","4.661632717106567","4.642474550276022","5.5549572295333025","5.663325904562553","6.012539700601916","6.043964986128109","7.093477248179085","6.279591748078196","5.164814749885333","5.549532003363492","4.919252322634262","3.9280209748321404","4.690433198166314","5.480740782993518","5.53179600078088","5.755242571942377","5.982809754453609","6.804132689237542","6.119479415256394","4.813953001549521","5.509158399036808","6.062419297725139","6.158024699205451","6.172038290037059","6.131156445705456","5.459225770686925","4.763980279158754","4.716883344458916","3.4521430766538845","5.8878432540997725","6.304697295756937","5.543170312944089","5.895997222104942","5.357476434827352","5.544238782910691","6.63775686947362","5.321029619920899","6.280632222524973","6.596343872585012","6.962583087875202","6.373581448849701","5.3924124834790055","4.766659005457126","4.894371343421745","5.050171941533768","5.352914321907251","5.645321076636667","5.218201196152376","6.075754319812051","5.515248854350147","6.048730283449704","7.032342875380148","6.82681135173879","6.037540749243607","6.104417907084731","5.900470739871108","5.354452401185649","5.416286607784685","5.641353668473819","6.036963943138543","5.261523916344759","4.831228204365865","4.742135441779446","5.529628332499709","6.132746666476027","5.531365864769634","6.383575018429999","6.40952286128401","5.39217167169192","5.044457319665758","5.070181511681289","5.699129770274341","5.889245092755889","4.895909929220909","5.536171691279741","6.401182407628159","4.587069292308671","3.545856512822649","3.9029678350913253","6.399858190878199","6.9844223939415775","4.3939605667858554","2.8637295368749007","4.487392389418663","5.729939224192296","5.2057784205671265","5.2546262882592325","4.602816005406555","4.7946990442914785","6.165125253379288","6.528294775834835","5.899216039660401","5.606166478539152","5.7804833879671955"
"4.475700236719209","6.27658522187168","7.46837747168582","7.826066282281321","7.016004468835818","5.590077819881623","5.915204021466672","6.060653710074335","6.334896919242432","7.600889387523642","7.962929993042313","7.298258612708892","7.592173649489987","7.202872912278755","6.6711035977620305","5.875103739668728","4.642401342960711","5.450934872315995","6.525228697206016","6.525935432666951","6.635722476377408","6.87413012422691","6.941503430587094","6.8885716706892","6.227646697875279","6.9215539943998","6.537670729839834","7.040431482235907","5.305537437124795","6.854254615962505","6.970268879312673","6.250256139415802","6.822818524510166","7.085319215915159","6.769933347981877","7.369445034644505","6.886629633492737","5.687392376548971","5.98971493735865","6.125336768928637","5.25771837022679","5.821071194872735","6.826499588446517","7.047393598627248","6.205043560538825","5.606831456344474","6.604878379890586","6.739885688193343","6.095000788627358","6.562467800699453","7.018107788801785","5.689602482274612","5.051503043745057","4.984033470262879","6.373763655487264","7.891108974588911","7.664388728884531","6.725768687311","6.006801349928958","6.890814843183757","6.2375680502812285","5.976309016964504","5.178188164088147","5.850584584998733","6.7286505566694945","7.095535763499298","7.343461308495139","6.660934328722879","7.452425057246183","6.84280441668374","6.9531721002023685","7.668436820855483","6.1585181041738535","5.969469191013112","6.116007441350139","5.2052124672863025","5.5685885014370315","6.478766577706711","6.945526478057131","6.377049729623493","5.244679458704897","5.328540902128708","6.369500773306508","6.282997504075175","6.348142822865452","7.463073481374036","7.737100075855751","7.904501390576906","7.838946167656256","5.743722569251697","5.121366390839121","5.299630748803108","4.5005278061957465","3.2747296214869177","3.5401405965501462","6.2912854364840225","7.49602281872323","5.334804774936012","2.4759984845600704","4.437305686529471","6.030353897607959","6.588532959661826","6.335318018857632","6.255883964068016","7.107156069284618","6.302990518233604","6.3222810294595195","6.471267332285645","5.279183570826217","5.027952821970815"
"2.8561652283493912","5.466046521052183","5.6459927809175205","4.75522683403613","4.586346470113597","4.218681122480073","4.585547603900286","4.925216081189417","4.3480197785608565","5.391568978176053","5.811989667961201","4.2182272015161","4.554403600877456","4.628933997129153","3.6209079368449144","3.242991537371866","3.693073893833099","4.360471707671805","4.796601405460144","4.372405684559562","3.8114110980440867","3.693220226153786","4.000186683391924","4.752810449032489","4.317897969737944","4.583547645731319","5.427167548524293","5.799983122051758","4.773755404828885","4.390217261490966","5.486646363408653","5.673603278213656","4.709248529388575","4.580849831894921","4.181686561961891","4.789912400549632","4.888740014939748","5.161139377240861","4.690965000346069","4.150074512450222","3.520694055545662","3.4335683759557556","4.981733200455613","5.479916887870113","4.313388004782412","3.6431074162411936","4.120992779142281","4.816217268956455","5.477220672298582","5.4571624467918625","4.581662475816979","5.729625108210201","5.390074618875581","4.122017536900747","4.232444505600548","4.166783600392726","4.255653828726011","4.115990958281652","5.3840990854691935","5.020598160172268","4.363519972813794","4.7464277301035285","4.199786736024604","3.3922430438312747","4.14867037261931","4.817870894216417","4.870982947346704","4.520512469811533","4.499609107724019","4.975659304614772","4.447608195801881","4.245053508131347","4.255171805301177","3.9560873689170686","4.84150782557957","4.607653305173072","4.042997592673972","4.3249684602390035","4.401770491667689","4.797658958731447","4.67346434149032","3.903631495043859","4.450127486520637","5.294714065052374","4.962931778683595","3.885694972355366","3.8807575437999438","4.5805861990457695","4.872105503590468","4.374055199230411","3.840778551716734","4.149443615405852","3.3133066327233185","2.8393976235374265","3.035208996177213","3.7451806739228584","3.819977343756605","3.225111264250984","2.734855865999693","3.9684020788061645","4.340422005781302","4.059669771558589","3.9531488471869984","5.346594458652594","5.5474036146975605","4.6991628801634615","4.6215603711337065","4.699979517234601","4.641078039782254","3.6467156628790867"
"3.3572619068893546","3.9806146024291156","4.969693375891164","4.699630363249713","4.845012507946503","4.635927168382745","4.181197568749748","4.327206761692625","4.18715386856783","3.780726755398545","4.8921692132622","4.782709564019174","4.335784064151218","4.912847943027728","4.181571778825616","4.277045333744288","3.8012625150354795","3.9339928439672542","4.629534789589095","4.634399787841439","4.644812949601578","4.232908877151215","4.22135071414947","4.391849259944012","4.698169942373465","5.0021257262747145","3.7905355951764053","3.407345156845502","4.03854654357394","4.4240823261466105","4.387699341057593","4.911316573745363","5.309714208382658","5.29075033627948","4.35658693573026","4.778512588353357","5.278701118461549","4.677921568958649","4.882035964359624","4.362046285792341","3.468141131279906","3.565379990341294","3.6879116723374183","3.5400268239697885","3.385741582027824","4.84602902507526","5.042360856095399","4.736812980245568","4.829453745616061","4.744533860402987","4.398101161941395","4.10522371324098","3.8181722356808394","4.475360849143922","4.720437865088984","3.9135161271811243","4.292252782284478","5.14072728092619","4.672312486103497","3.4960585055741826","3.7857556614041727","5.167761795923857","4.180668735223963","3.256005070553787","3.771590992845769","4.365702900087591","5.199356300414532","4.657360512805164","4.272166470332712","4.685592579868941","4.502266470341226","3.957162082940644","4.992851065672518","4.571129698550657","4.180972368617999","3.429211990522117","4.868700854942856","5.312891861105392","4.184362460694834","4.177268753288078","4.293219419438984","4.185298464517455","4.338517184650725","4.093096107212568","3.6181452592016807","4.717156699980546","5.097409426446588","5.410244596175502","5.039204903741206","3.975244756613007","4.523575841317892","4.344607786176675","2.9995595580654664","2.0043280737519513","2.372265382488994","3.2869731017606347","4.921994331951687","4.454300128168931","2.421830067382939","2.899151773757042","3.9487467601173867","4.424404417932847","3.580982695663651","5.0659784626250275","5.624430397603841","4.729941272049014","5.273306397928941","5.06914821601766","3.884756789406866","3.6060818515973474"
"2.9848649066725","4.542809215493588","5.126343048404465","4.868064647109642","5.466642742489517","5.076720119437433","4.315075465374974","4.4457228043371675","4.60585550776738","4.033854382519223","4.1805706158258396","4.938649517955368","4.6929065269792645","4.456907245542832","3.6970763064250023","3.452928529334389","3.5495078377898097","3.598261790135193","4.629073363260542","4.499152052545134","4.220366235001599","4.681628740179728","4.7789837241250845","4.760593961626105","4.190379384373719","4.173535843337143","3.5834773658031662","3.459014854516719","4.4555077672982835","4.782721982956663","4.276772201817366","4.822537649226148","5.454697949178541","4.568702618408026","3.468162309442445","4.163950971404978","4.351183108465699","4.305580737974937","4.858297790508571","4.374558941253662","3.379079295519993","3.9484138455983997","4.169902753442879","4.0286244893053125","3.4497119105228418","3.9992495530850958","5.471741937362283","5.077159420052522","4.482055545694715","5.006255585242791","5.373682782870366","4.9357922550347055","3.3971636503324514","4.439785673370293","4.738042453497772","4.366671389099934","4.6729325845145295","5.039669824136603","3.778825631009651","4.035034118751438","4.395754700861502","4.558585619551063","3.8761434174280063","3.538232403962308","4.219523724364117","5.079871493840026","5.222845201580366","4.214089275380132","5.460778177278778","5.48363804545588","4.544821751720227","4.090563850971435","4.2553281718265135","4.366448729009175","4.437404243851706","3.834707854512514","4.15764825345578","4.875006074050232","4.32649688021276","3.617456793257149","3.720674934134889","4.123609734411432","4.816899623626086","5.522800263803068","4.946236947794084","4.2968641409278","4.120202787296928","4.126199300741725","4.536160984673925","4.8179198874713025","4.334306124530579","3.2771061692429027","2.2816680949809496","1.7860396196830248","2.2291324607308427","3.225520406048198","4.321238019669063","3.640747743879254","2.1469469240591423","3.010200341446209","4.380978433002185","4.239965910879849","3.098784430564117","4.50980514675807","4.625820322681404","3.7781362355863526","3.8856764545642277","3.8430855794784264","3.8147729655778413","3.635228914945153"
"3.0255174198462607","3.5503068344337927","3.9890522644201467","3.809262705812618","4.017051828051321","3.8614271237561746","3.7919818255114843","4.017160747696206","3.778914134015001","3.758683744560822","3.9773229515511868","4.379292066020394","4.479927753093942","4.670103686511446","4.284868030510622","3.9914298136695443","3.575051254993401","3.5418540047907223","3.955491858715288","3.6214545822749487","3.199591639184072","3.3718330179004528","4.005678618050035","4.143635341428821","3.6561250487976813","3.9307742664436507","3.6185744913446802","4.21826683108251","4.196639104005581","3.925111077000364","4.182944818547496","3.9966835825868006","4.1079323771433165","4.116222928475972","3.6151019709286807","3.4787650883976116","3.695389623016675","3.544410610558291","3.8045749304937475","3.965889909324658","3.4549475987387055","3.2560060819037586","3.776894538041923","4.246350444411028","3.285287658484518","3.6379041997238946","4.161983180757614","4.228802717287744","4.125808293146193","4.8529284038636655","4.880983650261105","3.9585734893883155","3.0662695692243354","3.0568850076635403","3.4064303850496205","3.189223126860167","3.5506412648292676","3.602623023504971","3.277102018983916","3.952637591923361","4.1307350520648","3.679779727274199","3.585701644926567","4.02575340709941","4.4783450231729045","4.131969402367605","4.431185034359717","4.451692423271358","4.75818257034002","3.7801877519891955","2.734101477997717","3.505203355969715","3.6163122773581153","3.1426177849817964","3.3962637937098705","3.123973873810241","3.152373583718425","3.8506189168424103","3.6085228243208243","3.492145749743267","3.514746863390399","3.444833246059884","4.103100623039921","4.743634087410798","4.907507576329387","3.8701039159662134","3.544025427471502","3.8621821094334954","5.0621182038269925","4.7341566208173385","3.2273451494466685","2.9886906260736334","2.199643411435234","1.6611471330437828","2.104993357908171","3.030100160155341","3.603200506252093","2.9483146996218736","2.3060471346309144","3.1156667938809477","3.606305231589165","4.471812301084398","4.0247762675882734","3.389151656718773","3.3493007085321813","3.421950313786984","3.859212520928132","4.004225488658295","3.9734051484307877","3.2520409930388916"
"0.1165090268799825","0.2567593593236582","0.36004205256313127","0.2786477390027995","0.30268496362509567","0.3417245704799977","0.31191128784282685","0.24184505280053423","0.26448527549458517","0.23910303343487682","0.21712484195256088","0.24053943956778645","0.29886092960167054","0.36071130800697104","0.19845504964018088","0.12043058086255437","0.0697517701589005","0.1903805016733687","0.3938783960688669","0.39904956130872","0.3265584631313543","0.290607524870959","0.34050308010064845","0.35112562169637246","0.2757640232624315","0.2290908209076389","0.2385442112259322","0.26928624057682443","0.3048392268255686","0.299410355815858","0.27202312290181047","0.3063953580618659","0.31857053120873435","0.24219493353874294","0.20253638909590282","0.3245436136794923","0.31103040329513254","0.22120268115166472","0.2622374634583519","0.24423212636055452","0.1884493762310635","0.19505452947285332","0.2061773172460101","0.18747529520255551","0.11402244526488502","0.25159571933773284","0.42230423066246386","0.32131388044359027","0.27795639399932043","0.32197752565179544","0.2911031931776","0.30335811891257697","0.24836007728844184","0.17002533847844734","0.3229025455270762","0.4128007692300666","0.3800596534151493","0.34347051892201336","0.27074371895739396","0.19593934117085077","0.21041204727535257","0.24420392797833926","0.1864530977935372","0.22099545779470525","0.2746539509838614","0.2704881169467575","0.2663631353134424","0.20103398260104544","0.2669977125345628","0.27890855001895143","0.2008503672432571","0.25517150915698583","0.2630795930131803","0.21797174295307584","0.28338246935420786","0.3126302677485342","0.31478412469829353","0.29412065362483586","0.20072896109274158","0.15571282720944998","0.2205998436218852","0.2747839974805341","0.2643144543820113","0.256700107099249","0.22938630602843685","0.1967434562983674","0.22578629549575116","0.28103507401435623","0.2792402025606785","0.21333303964338676","0.1643926689711005","0.16684241804664116","0.180820150404044","0.1410186782365319","0.06324196055295034","0.18764923355074337","0.3125455342039054","0.14833234937438944","0.03823863332867611","0.06706772051596628","0.12805326330403757","0.24700217583022271","0.23957977732577856","0.2961083476602883","0.39146986134571626","0.3395615754893458","0.2625236345131075","0.181797941789715","0.11838929130643473","0.08281209467461222"
"16.95","10.41","14.765","18.84","15.165","7.615","11.03","16.205","12.11","19.74","21.445","10.955","9.97","11.74","9.415","6.46","12.375","12.8","9.345","12.345","12.835","8.59","9.845","17.825","16.51","13.335","13.415","9.36","10.02","20.045","20.1","18.66","22.83","20.215","13.27","7.265","16.925","19.85","14.74","14.57","13.995","13.525","9.985","11.42","13.485","11.195","12.51","14.915","14.835","11.51","12.37","11.305","5.585","12.25","15.185","12.57","12.375","10.975","12.09","9.495","11.9","17.96","12.825","9.285","10.93","12.425","14.475","17.525","20.64","16.675","9.65","8.87","12.78","9.325","12.105","12.545","10.315","14.53","13.595","17.55","16.565","11.6","18.985","16.44","10.495","16.13","20.35","18.53","11.015","15.46","16.655","9.46","7.195","6.105","9.87","12.05","12.23","8.52","9.345","12.665","14.495","15.14","9.18","13.525","14.18","8.845","8.62","10.65","16.42","18.93"
"10.149599569560172","7.18515250366804","10.05200636329263","12.50193883544852","10.526412447409102","5.461824969930643","7.2500743693467875","10.254157212569266","7.735932761779668","13.065844707882022","13.984651125275242","7.24721404746802","6.959818147484966","7.500802290673892","5.588950539514973","4.065008214330533","7.90550735315655","8.330374143870879","6.3170736746305955","8.68779748336265","8.630035760843567","5.704327734154631","6.993038391753592","12.12786106425617","11.040818607113387","8.899941950730906","8.765903534699936","5.636799310996873","6.297655227831037","13.379450926069834","13.610636271241855","12.50307080440261","15.096981433577175","13.116702960765647","8.59890108711414","5.024014280489918","11.228100661303051","13.267686162162247","10.156189667001996","9.931672127482603","9.60039204326118","9.070500190298667","6.5813288054337615","7.17399941278854","8.455496102430041","7.691927042176645","8.763747113585504","9.636451887558358","9.046984147156756","7.255636794322096","8.3220933422002","7.685547297343126","3.7752467558790914","8.669572625344514","10.836519085768284","8.339108384286932","8.047036664343462","7.1476322377195585","7.5214852042304186","6.02140923592974","7.784366465206388","11.948457681620395","8.472528367641814","5.652609199827346","6.7902505972182325","8.356009252607807","9.651712815079165","10.691322385423529","13.125913062987","11.561333162170603","6.893131269024951","5.704991457028707","8.490657657249209","6.616338405197132","8.873723219969158","9.296282211441365","7.606043905471495","10.354987276979836","9.466534395531943","11.873286499783159","10.812232752298964","7.452516969453587","13.012721829348482","11.57660047372172","7.0064499406965375","10.334878472090141","12.90652899386355","11.691870388452328","7.095388511622112","11.058187306750431","11.805188239657909","6.075965456713235","4.678403193553065","3.635156382121698","5.558693337732522","7.230364414948517","8.152676704231856","5.938107792120902","4.989724086888211","6.875404195503205","8.92613802947331","9.57694164987591","5.924623933090234","9.062044683980453","9.703329789645558","6.00496886177338","5.663386884071507","6.575244580277556","10.087424574530333","11.820081776718048"
"8.123128018290735","24.65639230840374","34.48685356277972","23.48542307262309","28.354305240251122","33.271457660296","29.467224007332696","20.862192019601352","18.025585575080477","14.141839483575895","16.50027973533608","19.456577746230177","26.99157683722209","34.98889925617259","16.0875658444548","5.8521724080434065","3.0743467573542147","19.91036233912222","34.023116824240425","34.3261267119553","32.076410833471456","25.33677405721508","29.040072689168156","29.627699100100436","22.068275133999997","17.20706370831467","20.59379306799732","23.498171830154025","25.77010663756635","25.140012943334877","27.60237873280421","35.31887120582629","29.854396627084352","17.053731281994843","14.634805301954039","35.55369362139143","31.75670934746042","18.10109085367527","23.749358509834856","18.586607348262334","12.17525426467415","12.774326958856545","13.010452404469252","11.547907695737667","7.6237367124157025","17.21119674975518","33.43467630246189","25.977601517019792","21.331263265050946","28.54675709372852","24.00207700545434","24.896452109692618","20.701098773032427","12.260438156449236","24.53421073745005","36.35131737569347","39.18107184489258","32.915163504099475","22.95592905313708","13.584749485752546","13.947204425930977","17.60518970350735","11.163739091283642","14.150607012128457","19.443364874385296","17.266612865929492","16.737795035885647","10.91546709577553","16.558197723980992","21.116838221675717","17.288899663505145","21.90736699128989","23.436755371438338","22.992651111548767","29.862431681286544","30.745330854747444","28.256980027118697","24.499398263157346","14.756035811416805","9.347194276135415","16.689506308557466","20.602737108943984","18.434990251031703","19.315469235558993","17.474157497934065","16.517761421659962","19.716702455398625","21.231578644840045","19.07264032722451","15.42386706133373","10.020969762164167","11.412716187452897","21.065155447507276","17.82862656437792","5.483215488018468","15.854899018551222","27.31964856530074","12.417369688702747","2.0495962902950122","3.079312363821082","7.434294158443809","17.835255845682696","18.86772607676685","25.90728114255704","35.86197942541447","29.509358165874147","20.268631926276722","11.269672949584201","4.2441604811698195","2.2392183610145002"
"0.2420703125","0.13375","0.1984375","0.2473046875","0.205234375","0.1121484375","0.13625","0.2160546875","0.1711328125","0.2438671875","0.2856640625","0.1687890625","0.1253515625","0.1569921875","0.1388671875","0.099765625","0.1951953125","0.189921875","0.11203125","0.1426953125","0.1634375","0.1224609375","0.139921875","0.2103125","0.201875","0.185703125","0.1753125","0.1160546875","0.1278515625","0.2530078125","0.259453125","0.2500390625","0.3015625","0.29578125","0.21421875","0.1132421875","0.2181640625","0.2548828125","0.212421875","0.2066015625","0.1984765625","0.20609375","0.1487890625","0.16","0.196328125","0.174609375","0.1800390625","0.19703125","0.2019921875","0.156015625","0.161171875","0.1412890625","0.0623046875","0.160234375","0.2125","0.179296875","0.1650390625","0.1505859375","0.170390625","0.1355859375","0.161640625","0.224765625","0.1539453125","0.12","0.16078125","0.1837890625","0.2039453125","0.2583984375","0.2833203125","0.2128125","0.1391015625","0.14265625","0.185234375","0.12109375","0.1433984375","0.1491796875","0.125234375","0.19640625","0.1946484375","0.2327734375","0.2098046875","0.1530078125","0.2512890625","0.216875","0.1546875","0.236796875","0.280703125","0.249921875","0.145859375","0.2005859375","0.239921875","0.1412109375","0.09125","0.08703125","0.164140625","0.188046875","0.1559765625","0.1115234375","0.1408984375","0.1801171875","0.1995703125","0.222578125","0.1397265625","0.166171875","0.1733203125","0.12109375","0.1167578125","0.148984375","0.230390625","0.2584375"
"417114.6340119382","125059.22154650469","2140.550301263431","4850.948954797133","4467.760302012938","1846.250804453713","3105.8213509573707","11080.371476690076","25168.28320664093","17776.76591556567","3368.4851985095265","9026.073848134767","6965.289875081573","1478.0172239339238","18718.774726168973","561264.0505752319","1173427.1689928332","633216.2722546548","3645.600546035462","772.4966961811926","30116.700815179007","32111.424425981226","2829.0893471699605","4423.888246234022","7768.728652219973","6420.889498154869","77395.79098661554","132962.55657672335","59347.835822652596","1392.38654980545","10738.05377848181","11544.618586548762","2358.7817515028205","12156.355363662056","24431.334769017507","14596.765168274978","2231.447171409876","4524.766503967095","6416.144539203715","28552.938290148377","53118.57797520249","37612.63197260995","45316.63700908303","134231.00303801388","161774.4100746977","65207.50230031884","2788.0219900321813","1331.5110164349765","5784.297884954493","7053.617656337002","5981.7803916799485","6620.724674994632","174083.86011320434","229208.76206623352","59178.91620600606","1167.263310901936","47712.28977267349","49953.253492132986","26269.782527293195","130220.2546749429","121698.89425475847","16072.67996119327","66518.94697449914","70049.57155756549","4713.549818559258","1990.9642021772204","3295.7606161682806","23747.010630402867","22132.195545822284","13669.066131630081","18686.435094782635","5731.671486333319","133446.4212321049","142727.61068672032","16620.840452088396","9372.369824154826","11322.62459269833","30842.42136834839","27830.135792400957","17529.450080564588","90202.97140421711","79895.5517655973","2046.7229844756907","4788.746564895313","22124.131976198027","166310.22397350366","148980.08069316333","1603.1449011691302","5293.702177697933","42569.96909316376","40050.813921237896","84333.70481255197","308498.7569623732","1754313.6169443575","1772432.6470168578","249745.03903544004","9040.103886689314","614086.2246173933","3923454.352972791","3361620.4226878034","73072.93605100624","35257.62846286702","25084.735558590222","14136.3528048677","6102.514365034539","9513.41554170163","7111.581830428291","5539.9737199966","19092.067821584562","34145.23598323065"
"0.04001040039858336","0.01942462673830148","0.06592306536575","0.08363063709342539","0.03634473542125489","0.006636826631018729","0.0871779689200376","0.11430069267167048","0.03154873517985179","0.08706312126597306","0.09394697933282034","0.017949136274213996","0.01009826806663091","0.015219409369344142","0.015733200340822987","0.008654265035240236","0.03276230058969748","0.029198140351523474","0.004415120856552682","0.04801195741240551","0.049806045067846985","0.004842823086584439","0.01320453538488341","0.05309799929969536","0.052468196593089884","0.034320817720416355","0.025216416541241425","0.004661171790727971","0.030471922964615015","0.10619810884661054","0.08858967451753884","0.07604005193281024","0.13091510995051572","0.09546546347030734","0.033559411178161636","0.006512010350773533","0.06093324175202999","0.14864032651000747","0.12677204048058935","0.06058130996910429","0.07763881088367676","0.06460652792195615","0.013803164378503008","0.03296703004533523","0.0424130257072737","0.016038803772493306","0.027994283965623947","0.043042145991642265","0.029519985582439946","0.011531788888793497","0.06857759848317076","0.06807133419403923","0.0024575233492568635","0.1430206465265912","0.14500792312433655","0.02576613085115162","0.02414630017941705","0.013222573599903163","0.015625206208747452","0.007030296215542338","0.054372356892684215","0.15136678976046355","0.10150357432358124","0.008570921886455887","0.017433410765029515","0.03697563906452554","0.049462865497174484","0.05355752246650164","0.05867991270529313","0.04281869285994813","0.0173163492676357","0.01243818452059843","0.0700659828379959","0.06137800528220883","0.05981424298701267","0.06019897236485892","0.018287766807942144","0.041734773334183684","0.04631405275925489","0.0943188580661716","0.07648995488844829","0.03686508243894453","0.11721960341474456","0.08773141359678478","0.030355000564743","0.04000110978223354","0.11302584359596957","0.10975636091693491","0.011865517332224374","0.14995387792053455","0.16015209096915042","0.01339057093262409","0.003438142201678245","0.006184920719893602","0.01976251388046109","0.023362908247698287","0.02217490387689829","0.016577016666576114","0.01267556651625537","0.03472029410451519","0.050051263623938205","0.04717647912942041","0.025309105623095345","0.031069301942510154","0.029383680194077885","0.013492785154633688","0.015066416331803773","0.02898755249201396","0.07354286826275323","0.09633593398033803"
"0.18355345880490384","0.25110855286769473","0.25721434838389334","0.24447374225022825","0.24749090195987913","0.2524017424930927","0.22140967029621675","0.21496190223492623","0.26295368544730896","0.24399569638742488","0.2015404070999827","0.22653708217196017","0.246130451358612","0.23155128514077764","0.21308101291586506","0.14792187634482243","0.11779448157119138","0.26451991081723847","0.2363616110485678","0.2004508485496523","0.231434282262613","0.2633887833853052","0.2507520070374739","0.20254215589182792","0.21036371766199033","0.21953353353694682","0.2649459623307606","0.2672076912216267","0.21674595891644913","0.2139863370689188","0.2588817230981826","0.2819229315534467","0.2545601177417739","0.21905209874565984","0.21886432241613207","0.28107509378208567","0.25629866824529984","0.21701713114558638","0.24101383435798027","0.2217276496487946","0.18928237151662933","0.18756293102563318","0.18176394856388592","0.18659183173939012","0.18338281542055507","0.28065784128689947","0.23373992235629615","0.21905800776249423","0.21927232530459895","0.22678281326373856","0.21378645261391643","0.22889898849579882","0.23978362295296535","0.21581271567198557","0.28793246967391234","0.2571283171874731","0.2550582533763456","0.2525504108779937","0.2215527923403712","0.1928569168743787","0.1812058799999151","0.18042904526457726","0.1635208174557302","0.18872186014285416","0.18594842951345428","0.1782472831411083","0.19396739861562726","0.21855158925592041","0.2277371062991898","0.2247810136211851","0.233242353833019","0.2264624843816723","0.2474219721374369","0.2543209597635115","0.25503777244605086","0.27320340266559273","0.26514545694727565","0.22232377121419772","0.18846537182596812","0.17357137791583466","0.2573544166128028","0.2700021953740694","0.21309997153773602","0.2220488610383712","0.2297148989926311","0.2251942706688717","0.22033645561948825","0.18583238687389125","0.18938770275947686","0.22449740021617054","0.21151636347037397","0.22130582327488338","0.27376228875112574","0.24538686510394842","0.14063040350639114","0.24022887923621133","0.2368210760533418","0.208790881664959","0.10275830584802213","0.116087382737142","0.15282928444941082","0.25912402593073686","0.2797017222359443","0.2512100826908065","0.2131669668417938","0.21923311338498047","0.20295687018219052","0.1452612289278382","0.10282446115494501","0.07538297224435492"
"15.387901091441922","10.722028725945474","15.470610039684926","19.79607031711091","17.240585111880634","6.521255630628203","16.121076266800554","19.981315647374167","14.594447574334561","23.56761337089523","23.11573003389681","13.159520318005514","12.207337957146915","10.24023437231785","11.456560347678543","7.273128625289124","15.176441447190445","14.315027069481907","4.327351961650449","15.982990177060108","16.675364313861326","6.853604890858536","8.825586382785","19.350048449551746","19.96872304380028","17.231157099858383","16.109400206090864","6.940489896253729","11.470379243948297","23.55595413053778","23.713287414443403","21.541457703693126","23.302383998209287","20.991397642844078","16.16901666768887","4.467076784654589","19.940646303467698","23.865613338022545","19.175046284168413","18.503110549310353","19.95883200490448","17.684721513215877","11.802744384252318","13.236827414452442","15.83508051763553","11.406006093282612","11.994994789494497","16.447728566583287","15.108202242490671","9.52732386349913","14.684791452383639","14.792294446771924","3.4062846328514587","21.417224376655348","20.752849804304002","12.48179073690951","12.560827003028104","10.084362895096545","11.227283732052024","8.128343927270793","14.636597965374335","21.27224482747413","18.315959570822375","9.518601525434292","10.919940476028245","13.217956536469623","15.528341025363915","17.653877052930905","20.036975819718904","20.202707120581643","14.014902782395627","8.96621993930553","15.838611050215235","14.777664734321183","18.721751387089824","18.744011710410323","14.204075999515073","18.02662197972765","17.996971272967016","22.483049170430583","19.916972033921205","12.760485884166007","23.0090150810503","21.6925424973653","13.170800089592127","16.51402737069308","20.57322288801636","20.171492260117994","10.675896917823806","22.281346458416735","23.98324362966777","11.2533728277348","6.482821530784262","6.321706652479215","10.464850691720358","11.13406933694954","13.49989259216532","13.018049008972115","9.024742378594526","12.704439184788917","17.647945347830152","16.218520277756532","9.99387812613302","16.62375935220431","15.954234547605223","8.159716600470876","9.155086018164983","12.370024252199347","19.368365961020043","22.360346598387064"
"10.014384528538239","8.101347765947885","10.86564884206457","14.123414182481051","12.323588608887812","3.991317331684844","11.568972511232404","14.405367882385685","10.00737851182235","16.944630015637923","16.797846569253704","9.378008791684032","8.749754931917995","5.830136218350319","6.5526643251218735","4.605654788262521","10.68505429840896","10.094720379237291","2.726034167981243","12.55014586126541","12.761808380100048","3.7561317565164045","6.173955819874952","14.469585950110012","14.57563652388029","12.010540257779043","11.418262624174355","3.355366843108164","6.8378131781909275","16.694696892760437","17.13395829112817","15.080923059372571","16.982652819992047","15.001509887310965","10.617360671393426","3.236103853530043","14.373034907152896","17.423981959356556","14.184427378082335","13.558608525390827","14.001226201423204","11.828600057828295","7.3483735681482685","8.376372159225532","10.225222698230086","7.214082338697413","7.752417909138596","11.287451830280244","9.754492093514543","4.925330123775068","11.0320311218053","11.091063070474352","2.277054129002279","16.197218371331157","15.631696666065439","7.900538632730513","8.040463772989602","5.670356043595511","6.197142332916591","4.86232100734994","10.47271937049866","15.443347364447643","13.108807117250008","5.596658397966619","6.451058579041572","9.023770829655605","10.349926185859006","11.050258492600012","14.008284806740068","14.870146597052184","10.325234383214042","5.347800016838418","11.276790370796672","10.912834404988027","14.441760367906324","14.438006642098362","10.468265049083145","13.338977908707804","13.073876658347844","16.82634494284548","14.863576188221693","8.60287830992972","17.2316112205692","16.235580637518925","8.548993763652433","11.065516234195481","14.560006331227033","13.843200967977662","6.523355951234042","17.19051246627255","17.98927750472779","7.043204980840032","4.009980475626752","3.4131082334508034","6.493713531082378","6.784129794049718","9.595368366220322","9.641890714874963","4.778472171413357","7.4545081872100765","11.015435955400685","10.293622589374728","6.261872747811308","11.500481122791928","11.048693495072442","4.070956181926125","4.456112400029127","7.1146954217197305","12.41668109933235","14.75400696507615"
"16.0618346461169","35.48638462680203","37.47092339179614","30.92478993908638","33.883724460940414","33.93015132819743","29.581070823059573","26.12762408256346","26.36860900885688","23.276152706166826","25.837893357105653","27.050797149412727","33.658922725328345","37.358658138465344","28.329917759182326","10.35111422453345","7.623557459188197","38.46779962983767","37.92736813965347","34.049855511236274","35.575963134645114","30.391394690928497","31.27356525778378","27.746548521384415","24.052209804168985","24.96590331950857","30.832865106608722","33.63748574528806","30.912536144474416","27.939621672252667","39.652419621384844","45.7720480131756","36.72832443491111","22.57238325114262","23.216683919021566","43.72993663534126","42.198843321380615","30.56015998530806","33.781010213852966","25.30262424141268","18.952577579750287","20.33288205896065","19.63996686441253","18.22342739253018","18.35102843399646","33.75538947460057","40.18376781891689","32.44841095709543","25.515721598820207","31.754135984838857","28.51575711479408","31.872363394522534","32.25710599490386","25.147314171017896","31.76070671972894","33.1217416104684","36.310783887548666","33.6127445127473","27.622277441356314","19.622106698252065","18.991864101810595","22.412131541042452","17.48561091646522","18.409055438197782","20.377740801383045","18.261919139640874","18.729880881730715","22.102496407142862","24.736123134379717","25.128520564220455","28.10557845094763","28.376517558449034","32.5614253667191","36.63991246907005","38.17392881032207","38.79419776258121","34.29341644301709","29.603151932251958","24.447877548319905","17.111107133668416","27.06962634479235","28.398832881040025","21.850439902806965","23.97617427407865","24.259537187020104","26.077663092937023","27.533857423403763","22.843248772856498","19.946640327433744","23.439257862513433","21.880063860782943","28.95580556345324","42.508578621110075","38.49501887078659","19.382381522534637","30.894421703428094","33.31711157612763","23.445438589157526","8.172019900243017","8.607436478424331","13.856527593944504","23.3659535144587","26.776064091586075","31.82203012685513","36.33493498920194","32.59813266023769","21.886098097016696","15.40651210813071","5.61687100787275","3.198804927680199"
"0.2484540549466509","0.17101268056510463","0.22969945759690533","0.26894365014010574","0.2303226629160369","0.12520466033744462","0.1967286782641578","0.25449043073069777","0.20577240735912847","0.27565161336492044","0.28193122522926994","0.19775951091594768","0.14948703283509204","0.18669193959584487","0.19994420226902354","0.14696371572682276","0.22442074620160135","0.19990749508659467","0.08128169453934561","0.17865272275876773","0.1881942874896845","0.09699758341817004","0.14249877929164648","0.24091191295717923","0.2523079986284125","0.22831182151127627","0.19654399257068378","0.11606335166244815","0.1753939787750063","0.2935241376319137","0.28205352881188067","0.2670943933856107","0.3007041297235747","0.2982984378232857","0.2459552685766765","0.10137903350820916","0.2530284556191799","0.27858813867999405","0.2461029140158835","0.24978102898131574","0.2678822946129323","0.2604816377285547","0.17581474941210087","0.1836518525081833","0.22288134181509417","0.18246285674568644","0.1824721349058257","0.24071776823764487","0.23810495207089588","0.16490466513711594","0.17719278748173378","0.1789450993231649","0.05495158058232806","0.2346794767062287","0.22516541228755624","0.19108511006122209","0.18317594997679784","0.15708164905619895","0.18239199434078612","0.1378234333017788","0.21296105486372818","0.26784311695978746","0.21513162176922904","0.14196849548733517","0.17926642238666032","0.20913281454294153","0.2373295511665869","0.2569765537120358","0.2575217080456443","0.2507730236189691","0.18458128274276567","0.17038638019128025","0.2175617700316324","0.1749232532605371","0.23547903705444737","0.23430675764315004","0.17439892239018956","0.23548699746814575","0.24567645361499318","0.2808203070663514","0.25056016040450974","0.20135993561141596","0.30218804281475925","0.27761566775737795","0.2166430338172971","0.23946477337083816","0.262342435505194","0.263162981132742","0.15434999085757786","0.262869366130598","0.292624370510723","0.17184292580697738","0.08401165981204631","0.10267135067778158","0.19155604788787509","0.20679601907643055","0.19200063562287986","0.16822643297491888","0.15070710916033403","0.18385154357710362","0.24431999348458694","0.23639621952861664","0.17242309182709484","0.21512866051777463","0.1987296039984255","0.14215530198628717","0.16073864668032103","0.19371299734864683","0.25574334200995713","0.2771195837032724"
"1126510.909892249","622569.5360050357","9832.911980716506","22798.967062525295","23177.091660985287","10532.072906862457","19996.470310682773","36652.291830160255","89793.74873038924","85624.41085220633","14722.610775384352","25497.570339555452","21641.742045956165","8261.028908809221","89901.41571188737","4072006.1774357078","4807465.289728694","2683339.788825031","22224.575007142947","6171.226633013791","231028.284139161","230965.33329729844","11217.477780228828","39462.99692385661","40638.65713230759","17501.98911434456","500932.6427782021","607080.4649952777","354973.9094203696","3882.416929495725","39478.55418777578","40938.273587889715","12222.074659661797","90858.23882634794","99138.49163284904","44132.148506754806","11148.541977777335","24847.34826855002","26842.580641648507","291658.8451001365","419672.44264105294","306671.85260085575","396605.7065395843","617617.116293339","574982.0399956557","332572.261830682","21388.18512482138","5593.329959136777","49962.38002904277","54238.607323501215","35102.6498113999","29792.295763279722","763547.3742144979","866599.4927823798","432308.78744458914","3558.7168929834684","284060.93213292555","283953.8412148263","214211.38514929297","700641.1472664466","694400.5086977875","187924.74751241","410060.4250147055","411058.1011221487","35915.74205881284","13587.226371933622","15294.702158986645","208120.7846823655","208158.9943865961","75457.78356359754","77722.31464173335","21984.43724617315","933685.3243863188","933475.4990154196","80664.36225434637","67763.4115592565","81193.66303380215","297566.7198199861","288122.4581527025","67125.39689121657","362410.3261634016","359505.4861689001","4940.813468059212","19600.199425351562","138860.95070615836","789719.0807571645","780867.9055640264","6097.651070311485","26304.576323205223","229881.82709172228","228966.42069535694","290317.43324536126","1157767.0333225946","4083558.6866187365","4084924.8811715804","1166646.5417477102","67254.00060467269","2582147.3662713636","6865153.537806981","6651416.978718183","272059.6927578665","138972.2448307105","67965.42775033496","41633.12779917231","44391.996549289135","48922.47906499944","27723.30552194874","19118.83948551503","148454.05112139898","208643.8142121408"
"0.06630241633406123","0.07414704983830117","0.2376985104769683","0.24219891578069752","0.09590020589645355","0.02138541655420816","0.42596509682378886","0.43475555463567434","0.11029412623124409","0.21877513336644616","0.2183786075402408","0.04357016858763251","0.03104775349674469","0.03849640853036223","0.03954761711254033","0.026443642721310175","0.09685089972154162","0.09513019126824813","0.010239863219241783","0.21385439197691214","0.213841165746835","0.013028718449723234","0.052640681383895244","0.13766600002299284","0.13488994135090457","0.10207809255289337","0.09421146411495086","0.012071318292554516","0.12676005491727177","0.24261323727453382","0.21811219534626838","0.23755386038782508","0.3595682573955714","0.28915205185382264","0.07459952137543535","0.01999804626690615","0.1624183471730448","0.55309560291033","0.5614462812112752","0.21033153793747342","0.2361872740636412","0.2115841633808672","0.040303367303095146","0.1699792148093645","0.1727955541026386","0.04153844035908064","0.10596879169352498","0.12416452235314053","0.07450211435402855","0.02764786460938296","0.3684160761756891","0.3685044562286392","0.004595335987762856","0.5497942030707337","0.5493401365398117","0.08957597664987452","0.08956611819521317","0.04024487457801631","0.04215795786915938","0.017625082614117177","0.2317282812234616","0.520671627278785","0.4766695141526379","0.02969292265745532","0.04850516045609018","0.16219465349827858","0.17985282576013828","0.13661140135404562","0.13958109015139863","0.10963185126712195","0.05802793162719398","0.03466286265698759","0.3980072441123485","0.3978356453160752","0.20627940845555248","0.20619692349929858","0.06563200666814131","0.1297732072420535","0.1432363567855344","0.2571189324282246","0.24609757311554106","0.14113957947766564","0.29584803925262404","0.27026652858048145","0.08706010109579745","0.0916253365853651","0.39230983527533014","0.3920630895001372","0.033005073302656236","0.551797593278436","0.5506148656858778","0.041290069608309984","0.005262383754844509","0.011639687838544714","0.04523040608745165","0.05300155041660473","0.08460348399842334","0.07975201878539102","0.030096104150431142","0.1359393829345486","0.1490550273686578","0.17834105651536794","0.16607365178604036","0.09490630310929031","0.09429762688986429","0.058482540474592414","0.059096714146241104","0.10660314636182466","0.2000221134213379","0.23964803379828217"
"146.50321","188.80633966666667","178.3000608333333","168.71611233333337","188.59046653846156","129.33554954545454","147.70706030303032","141.34832073913046","128.2980776","155.19178613333332","203.83905376470585","137.03183954545457","125.92781173333333","131.68383530188677","122.79148531249999","103.15972593750001","107.25059550000002","107.25059550000002","150.2693073870968","154.99643105263155","139.65601593023254","131.95249079411764","134.64633926666667","166.0368531111111","143.956700875","152.62757766666667","256.88203624","142.06940681818182","162.13474637500002","135.68081242222223","125.75637486666663","151.8050285","141.24312111111115","126.8817010967742","123.97412269565216","125.73652103846153","151.84642009999996","122.70037729166664","122.94002079166667","141.11715444444448","138.10040700000002","127.69469851851852","107.49662040624999","107.14539554545455","102.51629716","102.51629716","185.13144840909092","172.9080609677419","126.20290206451611","138.31236235483874","161.0646458571428","115.6776923181818","123.7270802083333","113.75238279999999","132.74815554545458","155.30341369230769","150.52327547619043","136.27713794285717","134.0182063421053","133.29046942424245","120.16129241666665","136.76040405263157","122.76223539999998","107.5125475882353","126.44050954761906","118.57584305882352","110.66594108888889","108.11485123076922","213.20284470588234","149.02652727272726","319.7187856470589","129.08209019999998","135.81722954545452","159.22554411764705","136.793498125","146.56762088235294","136.78383033333333","145.38191789473686","126.76786312121212","118.69909594444445","127.59431119047618","142.83584000000002","161.31963187500003","142.74528296551725","180.49558444444446","138.04056740740742","137.55067368421052","135.32800908571426","117.86769140909095","113.24398951428567","124.41906937499998","167.26907500000002","174.7182835294118","158.67713333333333","140.25765","137.03233","178.83262729729722","164.06495967741935","197.16771818181817","130.5227725","131.53176277777777","119.20470381818183","130.46722403703706","135.334622","147.38712717948718","159.218261372549","145.00557868292682","147.60842117647059","108.44708493939393","99.52810505"
"1.2463309858072744","97.53504123086083","88.85003867363596","98.16512140366788","200.0","12.211444855951012","6.121434004369025","7.8727165414574864","8.9347801039626","64.90203279751363","200.0","11.573026196003187","6.6478585472235645","58.13672594366816","5.455863796733094","12.441980549950543","7.086208585792716","7.086208585792716","38.157386754492805","20.41294466078859","19.421630698856276","5.976595618384893","13.788905654352751","10.867955144639335","10.583059556073204","11.029480581481518","200.0","28.785020462318343","77.08981623783647","17.891221802608783","4.093136529296644","95.52029960146206","9.1057067111924","6.090413170204758","5.198978989534215","4.1647809365760775","30.636083465435448","6.013006033513067","5.147835004211998","12.915407242958377","9.566425988570026","12.206383362853998","9.321145328755136","5.141448080547065","13.836027348484537","13.836027348484537","8.835947063867199","6.707308452947645","19.802344724210425","13.894164404355012","111.0592355365868","10.149935548546605","5.4151115780818255","19.148887899749937","16.57189982403397","18.91214043842418","17.141407755047318","13.800799823474085","13.300305702413862","10.75439072864194","8.013907128085524","83.36465121370377","61.317156043582","4.325371805524829","3.424882067566854","5.000985225695251","10.397269852679747","9.015180098676694","76.0269403029673","40.69384129723609","200.0","21.76072737278936","6.204143475514346","43.27556311778278","40.88032578765412","9.398470793301296","6.819992202474762","6.309836243928643","8.162424106419566","10.582982130761076","13.898397179211804","16.150550222321314","20.605929019342714","14.855361153324589","125.53882103018651","10.98111586162517","4.264188994061579","9.14499329005567","14.864476811947256","3.988567813312137","13.59402228717241","14.552563559325495","17.868948678920795","2.309113826695332","7.30976407069795","0.0","57.731528196580136","6.710009780671917","68.62458104132392","8.319940821031647","92.8096767955242","15.688851954913687","15.963698197622193","19.841436278889915","45.20916852602781","17.542760284528644","14.820396484107913","67.20889812859444","7.117354116851579","5.906429546471772"
